filename,dialect,voiceID,path,length
lebanese_49_2,Lebanese,b05e4aa7-8173-4f8b-9f23-9c70b11e13ba,Lebanese\lebanese_49_2.wav,5
emarati_50_9,Emarati,c790ddf0-4e71-4130-ba5e-5209d0e9f24e,Emarati\emarati_50_9.wav,5
palestinian_30_2,Palestinian,bce0d97e-d095-4f46-9208-f43a1e87b675,Palestinian\palestinian_30_2.wav,5
iraqi_35_8,Iraqi,6a7cbf3a-41fc-4b9f-9a36-85696386ffdc,Iraqi\iraqi_35_8.wav,5
emarati_63_9,Emarati,a64825a5-8255-4b0a-8cd2-9445029efc3e,Emarati\emarati_63_9.wav,5
bahraini_46_3,Bahraini,9f270e4f-ecf6-4385-ba5b-bffbd96bce30,Bahraini\bahraini_46_3.wav,5
jordanian_40_4,Jordanian,c33d69ff-d62e-490d-8d02-4a5604aa31ee,Jordanian\jordanian_40_4.wav,5
jordanian_54_6,Jordanian,1c01e308-611e-444e-af08-4434c0922252,Jordanian\jordanian_54_6.wav,5
egyptian_54_5,Egyptian,1ddfa984-770c-489b-b7ff-f7e855ae02ad,Egyptian\egyptian_54_5.wav,5
saudi_52_6,Saudi,f801687c-36a9-481b-85df-4e2749e6e2f1,Saudi\saudi_52_6.wav,5
emarati_45_1,Emarati,11358928-2d31-4b49-9f54-edca9ba2f439,Emarati\emarati_45_1.wav,5
iraqi_11,Iraqi,08c8cb6d-1dc5-4bdb-b383-76456ee3f553,Iraqi\iraqi_11.wav,6
syrian_46_6,Syrian,1a15886c-76a5-4165-8bb8-dd0b4ebcb3c8,Syrian\syrian_46_6.wav,5
saudi_16,Saudi,9d2643e4-4785-43e7-961a-20a8d2cbfc33,Saudi\saudi_16.wav,10
bahraini_66_3,Bahraini,9f270e4f-ecf6-4385-ba5b-bffbd96bce30,Bahraini\bahraini_66_3.wav,5
iraqi_49_1,Iraqi,08c8cb6d-1dc5-4bdb-b383-76456ee3f553,Iraqi\iraqi_49_1.wav,5
saudi_50_2,Saudi,9d2643e4-4785-43e7-961a-20a8d2cbfc33,Saudi\saudi_50_2.wav,5
emarati_41_6,Emarati,a64825a5-8255-4b0a-8cd2-9445029efc3e,Emarati\emarati_41_6.wav,5
jordanian_50_2,Jordanian,c33d69ff-d62e-490d-8d02-4a5604aa31ee,Jordanian\jordanian_50_2.wav,5
egyptian_18,Egyptian,1ddfa984-770c-489b-b7ff-f7e855ae02ad,Egyptian\egyptian_18.wav,5
lebanese_55_9,Lebanese,353941dc-d0f3-4488-b55b-af79f20c3f4f,Lebanese\lebanese_55_9.wav,5
emarati_40_8,Emarati,55615163-1054-43e7-a808-79e782bbcd17,Emarati\emarati_40_8.wav,5
egyptian_47_3,Egyptian,1ddfa984-770c-489b-b7ff-f7e855ae02ad,Egyptian\egyptian_47_3.wav,5
saudi_34_1,Saudi,9d2643e4-4785-43e7-961a-20a8d2cbfc33,Saudi\saudi_34_1.wav,5
palestinian_47_3,Palestinian,078338c4-7788-4371-95d4-1bbe45021113,Palestinian\palestinian_47_3.wav,5
iraqi_59_8,Iraqi,6a7cbf3a-41fc-4b9f-9a36-85696386ffdc,Iraqi\iraqi_59_8.wav,5
emarati_43_6,Emarati,a64825a5-8255-4b0a-8cd2-9445029efc3e,Emarati\emarati_43_6.wav,5
iraqi_44_3,Iraqi,08c8cb6d-1dc5-4bdb-b383-76456ee3f553,Iraqi\iraqi_44_3.wav,5
egyptian_43_7,Egyptian,1ddfa984-770c-489b-b7ff-f7e855ae02ad,Egyptian\egyptian_43_7.wav,5
palestinian_35_2,Palestinian,078338c4-7788-4371-95d4-1bbe45021113,Palestinian\palestinian_35_2.wav,5
syrian_23_4,Syrian,4effd2b5-7a1b-44f6-ac2a-d767d8b1d451,Syrian\syrian_23_4.wav,5
emarati_54_5,Emarati,55615163-1054-43e7-a808-79e782bbcd17,Emarati\emarati_54_5.wav,5
syrian_41_5,Syrian,4effd2b5-7a1b-44f6-ac2a-d767d8b1d451,Syrian\syrian_41_5.wav,5
syrian_47_5,Syrian,f920ed33-e733-4635-96f5-24d08df84644,Syrian\syrian_47_5.wav,5
syrian_41_7,Syrian,4effd2b5-7a1b-44f6-ac2a-d767d8b1d451,Syrian\syrian_41_7.wav,5
iraqi_47_6,Iraqi,08c8cb6d-1dc5-4bdb-b383-76456ee3f553,Iraqi\iraqi_47_6.wav,5
emarati_32_3,Emarati,1ccf0721-94c6-4f94-bda1-a6be1fc0299a,Emarati\emarati_32_3.wav,5
saudi_52_7,Saudi,f801687c-36a9-481b-85df-4e2749e6e2f1,Saudi\saudi_52_7.wav,5
bahraini_42_7,Bahraini,9f270e4f-ecf6-4385-ba5b-bffbd96bce30,Bahraini\bahraini_42_7.wav,5
bahraini_66_9,Bahraini,9f270e4f-ecf6-4385-ba5b-bffbd96bce30,Bahraini\bahraini_66_9.wav,5
saudi_54_5,Saudi,9d2643e4-4785-43e7-961a-20a8d2cbfc33,Saudi\saudi_54_5.wav,5
emarati_53_4,Emarati,11358928-2d31-4b49-9f54-edca9ba2f439,Emarati\emarati_53_4.wav,5
emarati_50_5,Emarati,c790ddf0-4e71-4130-ba5e-5209d0e9f24e,Emarati\emarati_50_5.wav,5
bahraini_43_1,Bahraini,9f270e4f-ecf6-4385-ba5b-bffbd96bce30,Bahraini\bahraini_43_1.wav,5
emarati_49_6,Emarati,1ccf0721-94c6-4f94-bda1-a6be1fc0299a,Emarati\emarati_49_6.wav,5
emarati_40_11,Emarati,55615163-1054-43e7-a808-79e782bbcd17,Emarati\emarati_40_11.wav,5
emarati_64_10,Emarati,3c249172-a61a-4a72-9375-1591b73d7ef6,Emarati\emarati_64_10.wav,5
palestinian_36_5,Palestinian,078338c4-7788-4371-95d4-1bbe45021113,Palestinian\palestinian_36_5.wav,5
emarati_64_4,Emarati,3c249172-a61a-4a72-9375-1591b73d7ef6,Emarati\emarati_64_4.wav,5
egyptian_42_9,Egyptian,a7b5f8d7-195d-4c9f-913f-c36c89767da2,Egyptian\egyptian_42_9.wav,5
emarati_50_3,Emarati,c790ddf0-4e71-4130-ba5e-5209d0e9f24e,Emarati\emarati_50_3.wav,5
jordanian_42_3,Jordanian,1c01e308-611e-444e-af08-4434c0922252,Jordanian\jordanian_42_3.wav,5
syrian_22,Syrian,1a15886c-76a5-4165-8bb8-dd0b4ebcb3c8,Syrian\syrian_22.wav,6
emarati_43_7,Emarati,a64825a5-8255-4b0a-8cd2-9445029efc3e,Emarati\emarati_43_7.wav,5
jordanian_58_5,Jordanian,c33d69ff-d62e-490d-8d02-4a5604aa31ee,Jordanian\jordanian_58_5.wav,5
iraqi_38_3,Iraqi,08c8cb6d-1dc5-4bdb-b383-76456ee3f553,Iraqi\iraqi_38_3.wav,5
saudi_35_5,Saudi,1d9ac0df-7ca0-4684-bd41-92d7fc3ca48c,Saudi\saudi_35_5.wav,5
jordanian_55_5,Jordanian,c33d69ff-d62e-490d-8d02-4a5604aa31ee,Jordanian\jordanian_55_5.wav,5
palestinian_45_10,Palestinian,79ade34b-27e7-4176-96bf-e3bf764d8e29,Palestinian\palestinian_45_10.wav,5
saudi_59_9,Saudi,1d9ac0df-7ca0-4684-bd41-92d7fc3ca48c,Saudi\saudi_59_9.wav,5
bahraini_46_2,Bahraini,9f270e4f-ecf6-4385-ba5b-bffbd96bce30,Bahraini\bahraini_46_2.wav,5
egyptian_58_5,Egyptian,d03be981-0a70-4215-a91f-9b6230adbf01,Egyptian\egyptian_58_5.wav,5
lebanese_30_6,Lebanese,b05e4aa7-8173-4f8b-9f23-9c70b11e13ba,Lebanese\lebanese_30_6.wav,5
syrian_53_7,Syrian,4effd2b5-7a1b-44f6-ac2a-d767d8b1d451,Syrian\syrian_53_7.wav,5
saudi_51_1,Saudi,f801687c-36a9-481b-85df-4e2749e6e2f1,Saudi\saudi_51_1.wav,5
iraqi_56_1,Iraqi,08c8cb6d-1dc5-4bdb-b383-76456ee3f553,Iraqi\iraqi_56_1.wav,5
iraqi_34_4,Iraqi,6a7cbf3a-41fc-4b9f-9a36-85696386ffdc,Iraqi\iraqi_34_4.wav,5
iraqi_31_3,Iraqi,08c8cb6d-1dc5-4bdb-b383-76456ee3f553,Iraqi\iraqi_31_3.wav,5
lebanese_40_8,Lebanese,b05e4aa7-8173-4f8b-9f23-9c70b11e13ba,Lebanese\lebanese_40_8.wav,5
lebanese_47_12,Lebanese,b05e4aa7-8173-4f8b-9f23-9c70b11e13ba,Lebanese\lebanese_47_12.wav,5
emarati_32_9,Emarati,1ccf0721-94c6-4f94-bda1-a6be1fc0299a,Emarati\emarati_32_9.wav,5
palestinian_25_2,Palestinian,bce0d97e-d095-4f46-9208-f43a1e87b675,Palestinian\palestinian_25_2.wav,5
iraqi_32_1,Iraqi,08c8cb6d-1dc5-4bdb-b383-76456ee3f553,Iraqi\iraqi_32_1.wav,5
egyptian_41_9,Egyptian,3e53bfa4-d3eb-4cdb-a8d4-d771c1d5b38f,Egyptian\egyptian_41_9.wav,5
palestinian_44_6,Palestinian,9b681127-7a73-4682-bfa1-8a591f704525,Palestinian\palestinian_44_6.wav,5
egyptian_56_9,Egyptian,a7b5f8d7-195d-4c9f-913f-c36c89767da2,Egyptian\egyptian_56_9.wav,5
bahraini_54_5,Bahraini,9f270e4f-ecf6-4385-ba5b-bffbd96bce30,Bahraini\bahraini_54_5.wav,5
jordanian_15,Jordanian,1c01e308-611e-444e-af08-4434c0922252,Jordanian\jordanian_15.wav,6
emarati_56_4,Emarati,1ccf0721-94c6-4f94-bda1-a6be1fc0299a,Emarati\emarati_56_4.wav,5
iraqi_55_6,Iraqi,6a7cbf3a-41fc-4b9f-9a36-85696386ffdc,Iraqi\iraqi_55_6.wav,5
egyptian_33_6,Egyptian,3e53bfa4-d3eb-4cdb-a8d4-d771c1d5b38f,Egyptian\egyptian_33_6.wav,5
emarati_52_4,Emarati,1ccf0721-94c6-4f94-bda1-a6be1fc0299a,Emarati\emarati_52_4.wav,5
palestinian_38_5,Palestinian,bce0d97e-d095-4f46-9208-f43a1e87b675,Palestinian\palestinian_38_5.wav,5
iraqi_42_5,Iraqi,08c8cb6d-1dc5-4bdb-b383-76456ee3f553,Iraqi\iraqi_42_5.wav,5
saudi_30_4,Saudi,6c680f29-a6ca-4624-8886-ab277cb330dc,Saudi\saudi_30_4.wav,5
syrian_42_3,Syrian,f920ed33-e733-4635-96f5-24d08df84644,Syrian\syrian_42_3.wav,5
lebanese_36_1,Lebanese,353941dc-d0f3-4488-b55b-af79f20c3f4f,Lebanese\lebanese_36_1.wav,5
palestinian_44_7,Palestinian,9b681127-7a73-4682-bfa1-8a591f704525,Palestinian\palestinian_44_7.wav,5
lebanese_38_2,Lebanese,353941dc-d0f3-4488-b55b-af79f20c3f4f,Lebanese\lebanese_38_2.wav,5
saudi_56_7,Saudi,9d2643e4-4785-43e7-961a-20a8d2cbfc33,Saudi\saudi_56_7.wav,5
jordanian_42_6,Jordanian,1c01e308-611e-444e-af08-4434c0922252,Jordanian\jordanian_42_6.wav,5
egyptian_28,Egyptian,1ddfa984-770c-489b-b7ff-f7e855ae02ad,Egyptian\egyptian_28.wav,6
saudi_33_5,Saudi,6c680f29-a6ca-4624-8886-ab277cb330dc,Saudi\saudi_33_5.wav,5
saudi_60_1,Saudi,1d9ac0df-7ca0-4684-bd41-92d7fc3ca48c,Saudi\saudi_60_1.wav,5
iraqi_3,Iraqi,08c8cb6d-1dc5-4bdb-b383-76456ee3f553,Iraqi\iraqi_3.wav,8
palestinian_32_3,Palestinian,bce0d97e-d095-4f46-9208-f43a1e87b675,Palestinian\palestinian_32_3.wav,5
syrian_44_2,Syrian,4effd2b5-7a1b-44f6-ac2a-d767d8b1d451,Syrian\syrian_44_2.wav,5
iraqi_8,Iraqi,08c8cb6d-1dc5-4bdb-b383-76456ee3f553,Iraqi\iraqi_8.wav,9
lebanese_35_4,Lebanese,b05e4aa7-8173-4f8b-9f23-9c70b11e13ba,Lebanese\lebanese_35_4.wav,5
jordanian_37_4,Jordanian,c33d69ff-d62e-490d-8d02-4a5604aa31ee,Jordanian\jordanian_37_4.wav,5
bahraini_63_3,Bahraini,9f270e4f-ecf6-4385-ba5b-bffbd96bce30,Bahraini\bahraini_63_3.wav,5
iraqi_50_7,Iraqi,6a7cbf3a-41fc-4b9f-9a36-85696386ffdc,Iraqi\iraqi_50_7.wav,5
saudi_44_7,Saudi,6c680f29-a6ca-4624-8886-ab277cb330dc,Saudi\saudi_44_7.wav,5
bahraini_41_5,Bahraini,9f270e4f-ecf6-4385-ba5b-bffbd96bce30,Bahraini\bahraini_41_5.wav,5
bahraini_44_4,Bahraini,9f270e4f-ecf6-4385-ba5b-bffbd96bce30,Bahraini\bahraini_44_4.wav,5
egyptian_55_7,Egyptian,a7b5f8d7-195d-4c9f-913f-c36c89767da2,Egyptian\egyptian_55_7.wav,5
syrian_39_5,Syrian,f920ed33-e733-4635-96f5-24d08df84644,Syrian\syrian_39_5.wav,5
lebanese_36_7,Lebanese,353941dc-d0f3-4488-b55b-af79f20c3f4f,Lebanese\lebanese_36_7.wav,5
emarati_44_7,Emarati,6fa09f45-07c7-4451-9500-d9792b881321,Emarati\emarati_44_7.wav,5
iraqi_62_2,Iraqi,08c8cb6d-1dc5-4bdb-b383-76456ee3f553,Iraqi\iraqi_62_2.wav,5
bahraini_39_9,Bahraini,9f270e4f-ecf6-4385-ba5b-bffbd96bce30,Bahraini\bahraini_39_9.wav,5
iraqi_33_6,Iraqi,6a7cbf3a-41fc-4b9f-9a36-85696386ffdc,Iraqi\iraqi_33_6.wav,5
saudi_35_3,Saudi,1d9ac0df-7ca0-4684-bd41-92d7fc3ca48c,Saudi\saudi_35_3.wav,5
jordanian_38_3,Jordanian,1c01e308-611e-444e-af08-4434c0922252,Jordanian\jordanian_38_3.wav,5
jordanian_49_1,Jordanian,c33d69ff-d62e-490d-8d02-4a5604aa31ee,Jordanian\jordanian_49_1.wav,5
bahraini_45_1,Bahraini,9f270e4f-ecf6-4385-ba5b-bffbd96bce30,Bahraini\bahraini_45_1.wav,5
egyptian_59_3,Egyptian,168980c4-9093-4ac8-bae3-dfd1fda17aa3,Egyptian\egyptian_59_3.wav,5
bahraini_65_4,Bahraini,9f270e4f-ecf6-4385-ba5b-bffbd96bce30,Bahraini\bahraini_65_4.wav,5
bahraini_63_4,Bahraini,9f270e4f-ecf6-4385-ba5b-bffbd96bce30,Bahraini\bahraini_63_4.wav,5
lebanese_41_6,Lebanese,353941dc-d0f3-4488-b55b-af79f20c3f4f,Lebanese\lebanese_41_6.wav,5
saudi_38_11,Saudi,1d9ac0df-7ca0-4684-bd41-92d7fc3ca48c,Saudi\saudi_38_11.wav,5
emarati_52_3,Emarati,1ccf0721-94c6-4f94-bda1-a6be1fc0299a,Emarati\emarati_52_3.wav,5
emarati_33_9,Emarati,6fa09f45-07c7-4451-9500-d9792b881321,Emarati\emarati_33_9.wav,5
egyptian_47_4,Egyptian,1ddfa984-770c-489b-b7ff-f7e855ae02ad,Egyptian\egyptian_47_4.wav,5
egyptian_55_6,Egyptian,a7b5f8d7-195d-4c9f-913f-c36c89767da2,Egyptian\egyptian_55_6.wav,5
palestinian_47_5,Palestinian,078338c4-7788-4371-95d4-1bbe45021113,Palestinian\palestinian_47_5.wav,5
emarati_40_4,Emarati,55615163-1054-43e7-a808-79e782bbcd17,Emarati\emarati_40_4.wav,5
iraqi_35_5,Iraqi,6a7cbf3a-41fc-4b9f-9a36-85696386ffdc,Iraqi\iraqi_35_5.wav,5
bahraini_61_2,Bahraini,9f270e4f-ecf6-4385-ba5b-bffbd96bce30,Bahraini\bahraini_61_2.wav,5
iraqi_34_3,Iraqi,6a7cbf3a-41fc-4b9f-9a36-85696386ffdc,Iraqi\iraqi_34_3.wav,5
lebanese_47_4,Lebanese,b05e4aa7-8173-4f8b-9f23-9c70b11e13ba,Lebanese\lebanese_47_4.wav,5
emarati_40_2,Emarati,55615163-1054-43e7-a808-79e782bbcd17,Emarati\emarati_40_2.wav,5
saudi_42_6,Saudi,9d2643e4-4785-43e7-961a-20a8d2cbfc33,Saudi\saudi_42_6.wav,5
emarati_35_7,Emarati,c790ddf0-4e71-4130-ba5e-5209d0e9f24e,Emarati\emarati_35_7.wav,5
emarati_52_1,Emarati,1ccf0721-94c6-4f94-bda1-a6be1fc0299a,Emarati\emarati_52_1.wav,5
palestinian_32_1,Palestinian,bce0d97e-d095-4f46-9208-f43a1e87b675,Palestinian\palestinian_32_1.wav,5
lebanese_36_3,Lebanese,353941dc-d0f3-4488-b55b-af79f20c3f4f,Lebanese\lebanese_36_3.wav,5
egyptian_48_2,Egyptian,a7b5f8d7-195d-4c9f-913f-c36c89767da2,Egyptian\egyptian_48_2.wav,5
syrian_24_3,Syrian,f920ed33-e733-4635-96f5-24d08df84644,Syrian\syrian_24_3.wav,5
syrian_46_2,Syrian,1a15886c-76a5-4165-8bb8-dd0b4ebcb3c8,Syrian\syrian_46_2.wav,5
palestinian_28_4,Palestinian,078338c4-7788-4371-95d4-1bbe45021113,Palestinian\palestinian_28_4.wav,5
syrian_52_6,Syrian,f920ed33-e733-4635-96f5-24d08df84644,Syrian\syrian_52_6.wav,5
jordanian_61_4,Jordanian,1c01e308-611e-444e-af08-4434c0922252,Jordanian\jordanian_61_4.wav,5
emarati_63_13,Emarati,a64825a5-8255-4b0a-8cd2-9445029efc3e,Emarati\emarati_63_13.wav,5
lebanese_40_5,Lebanese,b05e4aa7-8173-4f8b-9f23-9c70b11e13ba,Lebanese\lebanese_40_5.wav,5
lebanese_53_4,Lebanese,b05e4aa7-8173-4f8b-9f23-9c70b11e13ba,Lebanese\lebanese_53_4.wav,5
egyptian_61_2,Egyptian,3e53bfa4-d3eb-4cdb-a8d4-d771c1d5b38f,Egyptian\egyptian_61_2.wav,5
lebanese_30_2,Lebanese,b05e4aa7-8173-4f8b-9f23-9c70b11e13ba,Lebanese\lebanese_30_2.wav,5
saudi_42_9,Saudi,9d2643e4-4785-43e7-961a-20a8d2cbfc33,Saudi\saudi_42_9.wav,5
saudi_28_7,Saudi,f801687c-36a9-481b-85df-4e2749e6e2f1,Saudi\saudi_28_7.wav,5
egyptian_55_5,Egyptian,a7b5f8d7-195d-4c9f-913f-c36c89767da2,Egyptian\egyptian_55_5.wav,5
egyptian_60_8,Egyptian,d03be981-0a70-4215-a91f-9b6230adbf01,Egyptian\egyptian_60_8.wav,5
egyptian_45_9,Egyptian,a7b5f8d7-195d-4c9f-913f-c36c89767da2,Egyptian\egyptian_45_9.wav,5
egyptian_54_3,Egyptian,1ddfa984-770c-489b-b7ff-f7e855ae02ad,Egyptian\egyptian_54_3.wav,5
syrian_47_7,Syrian,f920ed33-e733-4635-96f5-24d08df84644,Syrian\syrian_47_7.wav,5
lebanese_35_11,Lebanese,b05e4aa7-8173-4f8b-9f23-9c70b11e13ba,Lebanese\lebanese_35_11.wav,5
bahraini_40_7,Bahraini,9f270e4f-ecf6-4385-ba5b-bffbd96bce30,Bahraini\bahraini_40_7.wav,5
emarati_38_6,Emarati,55615163-1054-43e7-a808-79e782bbcd17,Emarati\emarati_38_6.wav,5
emarati_54_7,Emarati,55615163-1054-43e7-a808-79e782bbcd17,Emarati\emarati_54_7.wav,5
saudi_28_9,Saudi,f801687c-36a9-481b-85df-4e2749e6e2f1,Saudi\saudi_28_9.wav,5
emarati_64_1,Emarati,3c249172-a61a-4a72-9375-1591b73d7ef6,Emarati\emarati_64_1.wav,5
jordanian_53_2,Jordanian,1c01e308-611e-444e-af08-4434c0922252,Jordanian\jordanian_53_2.wav,5
syrian_25_6,Syrian,4effd2b5-7a1b-44f6-ac2a-d767d8b1d451,Syrian\syrian_25_6.wav,5
saudi_42_15,Saudi,9d2643e4-4785-43e7-961a-20a8d2cbfc33,Saudi\saudi_42_15.wav,5
palestinian_49_5,Palestinian,bce0d97e-d095-4f46-9208-f43a1e87b675,Palestinian\palestinian_49_5.wav,5
emarati_34_1,Emarati,a64825a5-8255-4b0a-8cd2-9445029efc3e,Emarati\emarati_34_1.wav,5
syrian_46_7,Syrian,1a15886c-76a5-4165-8bb8-dd0b4ebcb3c8,Syrian\syrian_46_7.wav,5
palestinian_39_12,Palestinian,e6818510-7200-46dc-9a31-296642bbdb3d,Palestinian\palestinian_39_12.wav,5
lebanese_23,Lebanese,b05e4aa7-8173-4f8b-9f23-9c70b11e13ba,Lebanese\lebanese_23.wav,9
iraqi_56_3,Iraqi,08c8cb6d-1dc5-4bdb-b383-76456ee3f553,Iraqi\iraqi_56_3.wav,5
bahraini_48_3,Bahraini,9f270e4f-ecf6-4385-ba5b-bffbd96bce30,Bahraini\bahraini_48_3.wav,5
palestinian_45_9,Palestinian,79ade34b-27e7-4176-96bf-e3bf764d8e29,Palestinian\palestinian_45_9.wav,5
saudi_60_2,Saudi,1d9ac0df-7ca0-4684-bd41-92d7fc3ca48c,Saudi\saudi_60_2.wav,5
iraqi_53_10,Iraqi,08c8cb6d-1dc5-4bdb-b383-76456ee3f553,Iraqi\iraqi_53_10.wav,5
emarati_30_7,Emarati,c790ddf0-4e71-4130-ba5e-5209d0e9f24e,Emarati\emarati_30_7.wav,5
iraqi_45_5,Iraqi,08c8cb6d-1dc5-4bdb-b383-76456ee3f553,Iraqi\iraqi_45_5.wav,5
egyptian_33_9,Egyptian,3e53bfa4-d3eb-4cdb-a8d4-d771c1d5b38f,Egyptian\egyptian_33_9.wav,5
saudi_57_1,Saudi,9d2643e4-4785-43e7-961a-20a8d2cbfc33,Saudi\saudi_57_1.wav,5
iraqi_43_2,Iraqi,08c8cb6d-1dc5-4bdb-b383-76456ee3f553,Iraqi\iraqi_43_2.wav,5
iraqi_43_11,Iraqi,08c8cb6d-1dc5-4bdb-b383-76456ee3f553,Iraqi\iraqi_43_11.wav,5
lebanese_3,Lebanese,b05e4aa7-8173-4f8b-9f23-9c70b11e13ba,Lebanese\lebanese_3.wav,6
lebanese_31_11,Lebanese,b05e4aa7-8173-4f8b-9f23-9c70b11e13ba,Lebanese\lebanese_31_11.wav,5
emarati_43_4,Emarati,a64825a5-8255-4b0a-8cd2-9445029efc3e,Emarati\emarati_43_4.wav,5
egyptian_37_3,Egyptian,1ddfa984-770c-489b-b7ff-f7e855ae02ad,Egyptian\egyptian_37_3.wav,5
emarati_43_9,Emarati,a64825a5-8255-4b0a-8cd2-9445029efc3e,Emarati\emarati_43_9.wav,5
egyptian_51_3,Egyptian,168980c4-9093-4ac8-bae3-dfd1fda17aa3,Egyptian\egyptian_51_3.wav,5
bahraini_64_4,Bahraini,9f270e4f-ecf6-4385-ba5b-bffbd96bce30,Bahraini\bahraini_64_4.wav,5
saudi_0,Saudi,1d9ac0df-7ca0-4684-bd41-92d7fc3ca48c,Saudi\saudi_0.wav,6
bahraini_51_7,Bahraini,9f270e4f-ecf6-4385-ba5b-bffbd96bce30,Bahraini\bahraini_51_7.wav,5
emarati_30_4,Emarati,c790ddf0-4e71-4130-ba5e-5209d0e9f24e,Emarati\emarati_30_4.wav,5
lebanese_46_7,Lebanese,353941dc-d0f3-4488-b55b-af79f20c3f4f,Lebanese\lebanese_46_7.wav,5
lebanese_56_9,Lebanese,b05e4aa7-8173-4f8b-9f23-9c70b11e13ba,Lebanese\lebanese_56_9.wav,5
emarati_44_5,Emarati,6fa09f45-07c7-4451-9500-d9792b881321,Emarati\emarati_44_5.wav,5
iraqi_46_3,Iraqi,08c8cb6d-1dc5-4bdb-b383-76456ee3f553,Iraqi\iraqi_46_3.wav,5
saudi_41_7,Saudi,f801687c-36a9-481b-85df-4e2749e6e2f1,Saudi\saudi_41_7.wav,5
emarati_56_6,Emarati,1ccf0721-94c6-4f94-bda1-a6be1fc0299a,Emarati\emarati_56_6.wav,5
emarati_53_2,Emarati,11358928-2d31-4b49-9f54-edca9ba2f439,Emarati\emarati_53_2.wav,5
jordanian_21,Jordanian,1c01e308-611e-444e-af08-4434c0922252,Jordanian\jordanian_21.wav,9
iraqi_41_1,Iraqi,08c8cb6d-1dc5-4bdb-b383-76456ee3f553,Iraqi\iraqi_41_1.wav,5
iraqi_49_7,Iraqi,08c8cb6d-1dc5-4bdb-b383-76456ee3f553,Iraqi\iraqi_49_7.wav,5
iraqi_42_2,Iraqi,08c8cb6d-1dc5-4bdb-b383-76456ee3f553,Iraqi\iraqi_42_2.wav,5
iraqi_45_4,Iraqi,08c8cb6d-1dc5-4bdb-b383-76456ee3f553,Iraqi\iraqi_45_4.wav,5
saudi_53_6,Saudi,6c680f29-a6ca-4624-8886-ab277cb330dc,Saudi\saudi_53_6.wav,5
bahraini_58_3,Bahraini,9f270e4f-ecf6-4385-ba5b-bffbd96bce30,Bahraini\bahraini_58_3.wav,5
lebanese_52_4,Lebanese,353941dc-d0f3-4488-b55b-af79f20c3f4f,Lebanese\lebanese_52_4.wav,5
syrian_40_6,Syrian,1a15886c-76a5-4165-8bb8-dd0b4ebcb3c8,Syrian\syrian_40_6.wav,5
bahraini_46_5,Bahraini,9f270e4f-ecf6-4385-ba5b-bffbd96bce30,Bahraini\bahraini_46_5.wav,5
jordanian_28,Jordanian,1c01e308-611e-444e-af08-4434c0922252,Jordanian\jordanian_28.wav,6
egyptian_57_3,Egyptian,1ddfa984-770c-489b-b7ff-f7e855ae02ad,Egyptian\egyptian_57_3.wav,5
bahraini_61_3,Bahraini,9f270e4f-ecf6-4385-ba5b-bffbd96bce30,Bahraini\bahraini_61_3.wav,5
bahraini_66_7,Bahraini,9f270e4f-ecf6-4385-ba5b-bffbd96bce30,Bahraini\bahraini_66_7.wav,5
lebanese_32_3,Lebanese,b05e4aa7-8173-4f8b-9f23-9c70b11e13ba,Lebanese\lebanese_32_3.wav,5
saudi_51_11,Saudi,f801687c-36a9-481b-85df-4e2749e6e2f1,Saudi\saudi_51_11.wav,5
lebanese_45_3,Lebanese,b05e4aa7-8173-4f8b-9f23-9c70b11e13ba,Lebanese\lebanese_45_3.wav,5
iraqi_2,Iraqi,08c8cb6d-1dc5-4bdb-b383-76456ee3f553,Iraqi\iraqi_2.wav,7
iraqi_53_8,Iraqi,08c8cb6d-1dc5-4bdb-b383-76456ee3f553,Iraqi\iraqi_53_8.wav,5
egyptian_61_9,Egyptian,3e53bfa4-d3eb-4cdb-a8d4-d771c1d5b38f,Egyptian\egyptian_61_9.wav,5
palestinian_38_6,Palestinian,bce0d97e-d095-4f46-9208-f43a1e87b675,Palestinian\palestinian_38_6.wav,5
syrian_53_1,Syrian,4effd2b5-7a1b-44f6-ac2a-d767d8b1d451,Syrian\syrian_53_1.wav,5
saudi_27_4,Saudi,6c680f29-a6ca-4624-8886-ab277cb330dc,Saudi\saudi_27_4.wav,5
palestinian_30_7,Palestinian,bce0d97e-d095-4f46-9208-f43a1e87b675,Palestinian\palestinian_30_7.wav,5
palestinian_27_3,Palestinian,078338c4-7788-4371-95d4-1bbe45021113,Palestinian\palestinian_27_3.wav,5
saudi_47_10,Saudi,f801687c-36a9-481b-85df-4e2749e6e2f1,Saudi\saudi_47_10.wav,5
iraqi_54_9,Iraqi,08c8cb6d-1dc5-4bdb-b383-76456ee3f553,Iraqi\iraqi_54_9.wav,5
bahraini_51_4,Bahraini,9f270e4f-ecf6-4385-ba5b-bffbd96bce30,Bahraini\bahraini_51_4.wav,5
jordanian_64_8,Jordanian,c33d69ff-d62e-490d-8d02-4a5604aa31ee,Jordanian\jordanian_64_8.wav,5
saudi_55_1,Saudi,6c680f29-a6ca-4624-8886-ab277cb330dc,Saudi\saudi_55_1.wav,5
iraqi_39_9,Iraqi,08c8cb6d-1dc5-4bdb-b383-76456ee3f553,Iraqi\iraqi_39_9.wav,5
saudi_38_3,Saudi,1d9ac0df-7ca0-4684-bd41-92d7fc3ca48c,Saudi\saudi_38_3.wav,5
egyptian_42_1,Egyptian,a7b5f8d7-195d-4c9f-913f-c36c89767da2,Egyptian\egyptian_42_1.wav,5
saudi_27_5,Saudi,6c680f29-a6ca-4624-8886-ab277cb330dc,Saudi\saudi_27_5.wav,5
egyptian_51_7,Egyptian,168980c4-9093-4ac8-bae3-dfd1fda17aa3,Egyptian\egyptian_51_7.wav,5
egyptian_34_9,Egyptian,168980c4-9093-4ac8-bae3-dfd1fda17aa3,Egyptian\egyptian_34_9.wav,5
egyptian_42_10,Egyptian,a7b5f8d7-195d-4c9f-913f-c36c89767da2,Egyptian\egyptian_42_10.wav,5
saudi_29_3,Saudi,f801687c-36a9-481b-85df-4e2749e6e2f1,Saudi\saudi_29_3.wav,5
palestinian_31_5,Palestinian,9b681127-7a73-4682-bfa1-8a591f704525,Palestinian\palestinian_31_5.wav,5
egyptian_36_8,Egyptian,3e53bfa4-d3eb-4cdb-a8d4-d771c1d5b38f,Egyptian\egyptian_36_8.wav,5
saudi_48_7,Saudi,f801687c-36a9-481b-85df-4e2749e6e2f1,Saudi\saudi_48_7.wav,5
iraqi_50_8,Iraqi,6a7cbf3a-41fc-4b9f-9a36-85696386ffdc,Iraqi\iraqi_50_8.wav,5
bahraini_46_6,Bahraini,9f270e4f-ecf6-4385-ba5b-bffbd96bce30,Bahraini\bahraini_46_6.wav,5
saudi_48_9,Saudi,f801687c-36a9-481b-85df-4e2749e6e2f1,Saudi\saudi_48_9.wav,5
palestinian_22_5,Palestinian,e6818510-7200-46dc-9a31-296642bbdb3d,Palestinian\palestinian_22_5.wav,5
iraqi_48_2,Iraqi,08c8cb6d-1dc5-4bdb-b383-76456ee3f553,Iraqi\iraqi_48_2.wav,5
bahraini_66_2,Bahraini,9f270e4f-ecf6-4385-ba5b-bffbd96bce30,Bahraini\bahraini_66_2.wav,5
emarati_56_11,Emarati,1ccf0721-94c6-4f94-bda1-a6be1fc0299a,Emarati\emarati_56_11.wav,5
bahraini_57_3,Bahraini,9f270e4f-ecf6-4385-ba5b-bffbd96bce30,Bahraini\bahraini_57_3.wav,5
egyptian_37_9,Egyptian,1ddfa984-770c-489b-b7ff-f7e855ae02ad,Egyptian\egyptian_37_9.wav,5
palestinian_32_5,Palestinian,bce0d97e-d095-4f46-9208-f43a1e87b675,Palestinian\palestinian_32_5.wav,5
palestinian_12,Palestinian,9b681127-7a73-4682-bfa1-8a591f704525,Palestinian\palestinian_12.wav,6
palestinian_45_1,Palestinian,79ade34b-27e7-4176-96bf-e3bf764d8e29,Palestinian\palestinian_45_1.wav,5
iraqi_43_6,Iraqi,08c8cb6d-1dc5-4bdb-b383-76456ee3f553,Iraqi\iraqi_43_6.wav,5
iraqi_36_2,Iraqi,08c8cb6d-1dc5-4bdb-b383-76456ee3f553,Iraqi\iraqi_36_2.wav,5
bahraini_58_7,Bahraini,9f270e4f-ecf6-4385-ba5b-bffbd96bce30,Bahraini\bahraini_58_7.wav,5
lebanese_51_2,Lebanese,353941dc-d0f3-4488-b55b-af79f20c3f4f,Lebanese\lebanese_51_2.wav,5
iraqi_32_2,Iraqi,08c8cb6d-1dc5-4bdb-b383-76456ee3f553,Iraqi\iraqi_32_2.wav,5
jordanian_26,Jordanian,1c01e308-611e-444e-af08-4434c0922252,Jordanian\jordanian_26.wav,5
egyptian_61_7,Egyptian,3e53bfa4-d3eb-4cdb-a8d4-d771c1d5b38f,Egyptian\egyptian_61_7.wav,5
bahraini_38_1,Bahraini,9f270e4f-ecf6-4385-ba5b-bffbd96bce30,Bahraini\bahraini_38_1.wav,5
egyptian_36_6,Egyptian,3e53bfa4-d3eb-4cdb-a8d4-d771c1d5b38f,Egyptian\egyptian_36_6.wav,5
saudi_23,Saudi,f801687c-36a9-481b-85df-4e2749e6e2f1,Saudi\saudi_23.wav,11
lebanese_41_9,Lebanese,353941dc-d0f3-4488-b55b-af79f20c3f4f,Lebanese\lebanese_41_9.wav,5
syrian_24_5,Syrian,f920ed33-e733-4635-96f5-24d08df84644,Syrian\syrian_24_5.wav,5
lebanese_40_11,Lebanese,b05e4aa7-8173-4f8b-9f23-9c70b11e13ba,Lebanese\lebanese_40_11.wav,5
saudi_43_1,Saudi,6c680f29-a6ca-4624-8886-ab277cb330dc,Saudi\saudi_43_1.wav,5
jordanian_57_7,Jordanian,c33d69ff-d62e-490d-8d02-4a5604aa31ee,Jordanian\jordanian_57_7.wav,5
lebanese_52_1,Lebanese,353941dc-d0f3-4488-b55b-af79f20c3f4f,Lebanese\lebanese_52_1.wav,5
bahraini_64_1,Bahraini,9f270e4f-ecf6-4385-ba5b-bffbd96bce30,Bahraini\bahraini_64_1.wav,5
emarati_19,Emarati,a64825a5-8255-4b0a-8cd2-9445029efc3e,Emarati\emarati_19.wav,5
saudi_59_6,Saudi,1d9ac0df-7ca0-4684-bd41-92d7fc3ca48c,Saudi\saudi_59_6.wav,5
palestinian_31_10,Palestinian,9b681127-7a73-4682-bfa1-8a591f704525,Palestinian\palestinian_31_10.wav,5
iraqi_37_1,Iraqi,6a7cbf3a-41fc-4b9f-9a36-85696386ffdc,Iraqi\iraqi_37_1.wav,5
egyptian_61_5,Egyptian,3e53bfa4-d3eb-4cdb-a8d4-d771c1d5b38f,Egyptian\egyptian_61_5.wav,5
syrian_38_9,Syrian,1a15886c-76a5-4165-8bb8-dd0b4ebcb3c8,Syrian\syrian_38_9.wav,5
jordanian_42_1,Jordanian,1c01e308-611e-444e-af08-4434c0922252,Jordanian\jordanian_42_1.wav,5
saudi_38_8,Saudi,1d9ac0df-7ca0-4684-bd41-92d7fc3ca48c,Saudi\saudi_38_8.wav,5
emarati_47_7,Emarati,a64825a5-8255-4b0a-8cd2-9445029efc3e,Emarati\emarati_47_7.wav,5
palestinian_24_4,Palestinian,79ade34b-27e7-4176-96bf-e3bf764d8e29,Palestinian\palestinian_24_4.wav,5
egyptian_44_8,Egyptian,3e53bfa4-d3eb-4cdb-a8d4-d771c1d5b38f,Egyptian\egyptian_44_8.wav,5
egyptian_48_3,Egyptian,a7b5f8d7-195d-4c9f-913f-c36c89767da2,Egyptian\egyptian_48_3.wav,5
lebanese_37_5,Lebanese,b05e4aa7-8173-4f8b-9f23-9c70b11e13ba,Lebanese\lebanese_37_5.wav,5
jordanian_54_2,Jordanian,1c01e308-611e-444e-af08-4434c0922252,Jordanian\jordanian_54_2.wav,5
palestinian_45_11,Palestinian,79ade34b-27e7-4176-96bf-e3bf764d8e29,Palestinian\palestinian_45_11.wav,5
syrian_51_4,Syrian,4effd2b5-7a1b-44f6-ac2a-d767d8b1d451,Syrian\syrian_51_4.wav,5
saudi_54_6,Saudi,9d2643e4-4785-43e7-961a-20a8d2cbfc33,Saudi\saudi_54_6.wav,5
saudi_32_6,Saudi,9d2643e4-4785-43e7-961a-20a8d2cbfc33,Saudi\saudi_32_6.wav,5
iraqi_44_2,Iraqi,08c8cb6d-1dc5-4bdb-b383-76456ee3f553,Iraqi\iraqi_44_2.wav,5
saudi_42_10,Saudi,9d2643e4-4785-43e7-961a-20a8d2cbfc33,Saudi\saudi_42_10.wav,5
lebanese_57_5,Lebanese,b05e4aa7-8173-4f8b-9f23-9c70b11e13ba,Lebanese\lebanese_57_5.wav,5
saudi_31_3,Saudi,9d2643e4-4785-43e7-961a-20a8d2cbfc33,Saudi\saudi_31_3.wav,5
syrian_49_5,Syrian,1a15886c-76a5-4165-8bb8-dd0b4ebcb3c8,Syrian\syrian_49_5.wav,5
palestinian_22_3,Palestinian,e6818510-7200-46dc-9a31-296642bbdb3d,Palestinian\palestinian_22_3.wav,5
syrian_47_6,Syrian,f920ed33-e733-4635-96f5-24d08df84644,Syrian\syrian_47_6.wav,5
iraqi_19,Iraqi,6a7cbf3a-41fc-4b9f-9a36-85696386ffdc,Iraqi\iraqi_19.wav,5
saudi_42_5,Saudi,9d2643e4-4785-43e7-961a-20a8d2cbfc33,Saudi\saudi_42_5.wav,5
syrian_34_2,Syrian,1a15886c-76a5-4165-8bb8-dd0b4ebcb3c8,Syrian\syrian_34_2.wav,5
palestinian_43_8,Palestinian,bce0d97e-d095-4f46-9208-f43a1e87b675,Palestinian\palestinian_43_8.wav,5
palestinian_27_1,Palestinian,078338c4-7788-4371-95d4-1bbe45021113,Palestinian\palestinian_27_1.wav,5
emarati_61_8,Emarati,a64825a5-8255-4b0a-8cd2-9445029efc3e,Emarati\emarati_61_8.wav,5
bahraini_45_2,Bahraini,9f270e4f-ecf6-4385-ba5b-bffbd96bce30,Bahraini\bahraini_45_2.wav,5
iraqi_41_6,Iraqi,08c8cb6d-1dc5-4bdb-b383-76456ee3f553,Iraqi\iraqi_41_6.wav,5
emarati_55_5,Emarati,1ccf0721-94c6-4f94-bda1-a6be1fc0299a,Emarati\emarati_55_5.wav,5
egyptian_25,Egyptian,1ddfa984-770c-489b-b7ff-f7e855ae02ad,Egyptian\egyptian_25.wav,8
lebanese_31_4,Lebanese,b05e4aa7-8173-4f8b-9f23-9c70b11e13ba,Lebanese\lebanese_31_4.wav,5
emarati_43_3,Emarati,a64825a5-8255-4b0a-8cd2-9445029efc3e,Emarati\emarati_43_3.wav,5
jordanian_52_4,Jordanian,1c01e308-611e-444e-af08-4434c0922252,Jordanian\jordanian_52_4.wav,5
jordanian_59_8,Jordanian,c33d69ff-d62e-490d-8d02-4a5604aa31ee,Jordanian\jordanian_59_8.wav,5
lebanese_51_8,Lebanese,353941dc-d0f3-4488-b55b-af79f20c3f4f,Lebanese\lebanese_51_8.wav,5
jordanian_61_6,Jordanian,1c01e308-611e-444e-af08-4434c0922252,Jordanian\jordanian_61_6.wav,5
lebanese_56_5,Lebanese,b05e4aa7-8173-4f8b-9f23-9c70b11e13ba,Lebanese\lebanese_56_5.wav,5
iraqi_45_3,Iraqi,08c8cb6d-1dc5-4bdb-b383-76456ee3f553,Iraqi\iraqi_45_3.wav,5
saudi_35_6,Saudi,1d9ac0df-7ca0-4684-bd41-92d7fc3ca48c,Saudi\saudi_35_6.wav,5
palestinian_48_1,Palestinian,9b681127-7a73-4682-bfa1-8a591f704525,Palestinian\palestinian_48_1.wav,5
bahraini_67_6,Bahraini,9f270e4f-ecf6-4385-ba5b-bffbd96bce30,Bahraini\bahraini_67_6.wav,5
jordanian_43_3,Jordanian,c33d69ff-d62e-490d-8d02-4a5604aa31ee,Jordanian\jordanian_43_3.wav,5
jordanian_19,Jordanian,c33d69ff-d62e-490d-8d02-4a5604aa31ee,Jordanian\jordanian_19.wav,7
iraqi_46_5,Iraqi,08c8cb6d-1dc5-4bdb-b383-76456ee3f553,Iraqi\iraqi_46_5.wav,5
iraqi_31_10,Iraqi,08c8cb6d-1dc5-4bdb-b383-76456ee3f553,Iraqi\iraqi_31_10.wav,5
syrian_40_4,Syrian,1a15886c-76a5-4165-8bb8-dd0b4ebcb3c8,Syrian\syrian_40_4.wav,5
emarati_37_2,Emarati,11358928-2d31-4b49-9f54-edca9ba2f439,Emarati\emarati_37_2.wav,5
emarati_64_12,Emarati,3c249172-a61a-4a72-9375-1591b73d7ef6,Emarati\emarati_64_12.wav,5
jordanian_45_8,Jordanian,1c01e308-611e-444e-af08-4434c0922252,Jordanian\jordanian_45_8.wav,5
saudi_41_9,Saudi,f801687c-36a9-481b-85df-4e2749e6e2f1,Saudi\saudi_41_9.wav,5
saudi_31_9,Saudi,9d2643e4-4785-43e7-961a-20a8d2cbfc33,Saudi\saudi_31_9.wav,5
saudi_52_10,Saudi,f801687c-36a9-481b-85df-4e2749e6e2f1,Saudi\saudi_52_10.wav,5
syrian_27_7,Syrian,1a15886c-76a5-4165-8bb8-dd0b4ebcb3c8,Syrian\syrian_27_7.wav,5
iraqi_37_4,Iraqi,6a7cbf3a-41fc-4b9f-9a36-85696386ffdc,Iraqi\iraqi_37_4.wav,5
lebanese_53_10,Lebanese,b05e4aa7-8173-4f8b-9f23-9c70b11e13ba,Lebanese\lebanese_53_10.wav,5
palestinian_42_4,Palestinian,9b681127-7a73-4682-bfa1-8a591f704525,Palestinian\palestinian_42_4.wav,5
bahraini_44_1,Bahraini,9f270e4f-ecf6-4385-ba5b-bffbd96bce30,Bahraini\bahraini_44_1.wav,5
syrian_34_1,Syrian,1a15886c-76a5-4165-8bb8-dd0b4ebcb3c8,Syrian\syrian_34_1.wav,5
saudi_54_11,Saudi,9d2643e4-4785-43e7-961a-20a8d2cbfc33,Saudi\saudi_54_11.wav,5
palestinian_26_5,Palestinian,078338c4-7788-4371-95d4-1bbe45021113,Palestinian\palestinian_26_5.wav,5
iraqi_20,Iraqi,08c8cb6d-1dc5-4bdb-b383-76456ee3f553,Iraqi\iraqi_20.wav,6
iraqi_44_5,Iraqi,08c8cb6d-1dc5-4bdb-b383-76456ee3f553,Iraqi\iraqi_44_5.wav,5
saudi_43_9,Saudi,6c680f29-a6ca-4624-8886-ab277cb330dc,Saudi\saudi_43_9.wav,5
lebanese_35_2,Lebanese,b05e4aa7-8173-4f8b-9f23-9c70b11e13ba,Lebanese\lebanese_35_2.wav,5
egyptian_35_4,Egyptian,a7b5f8d7-195d-4c9f-913f-c36c89767da2,Egyptian\egyptian_35_4.wav,5
emarati_58_11,Emarati,a64825a5-8255-4b0a-8cd2-9445029efc3e,Emarati\emarati_58_11.wav,5
bahraini_51_6,Bahraini,9f270e4f-ecf6-4385-ba5b-bffbd96bce30,Bahraini\bahraini_51_6.wav,5
syrian_49_3,Syrian,1a15886c-76a5-4165-8bb8-dd0b4ebcb3c8,Syrian\syrian_49_3.wav,5
saudi_47_2,Saudi,f801687c-36a9-481b-85df-4e2749e6e2f1,Saudi\saudi_47_2.wav,5
egyptian_41_3,Egyptian,3e53bfa4-d3eb-4cdb-a8d4-d771c1d5b38f,Egyptian\egyptian_41_3.wav,5
iraqi_62_5,Iraqi,08c8cb6d-1dc5-4bdb-b383-76456ee3f553,Iraqi\iraqi_62_5.wav,5
emarati_57_8,Emarati,55615163-1054-43e7-a808-79e782bbcd17,Emarati\emarati_57_8.wav,5
bahraini_44_3,Bahraini,9f270e4f-ecf6-4385-ba5b-bffbd96bce30,Bahraini\bahraini_44_3.wav,5
saudi_53_7,Saudi,6c680f29-a6ca-4624-8886-ab277cb330dc,Saudi\saudi_53_7.wav,5
egyptian_46_8,Egyptian,3e53bfa4-d3eb-4cdb-a8d4-d771c1d5b38f,Egyptian\egyptian_46_8.wav,5
emarati_37_4,Emarati,11358928-2d31-4b49-9f54-edca9ba2f439,Emarati\emarati_37_4.wav,5
iraqi_35_4,Iraqi,6a7cbf3a-41fc-4b9f-9a36-85696386ffdc,Iraqi\iraqi_35_4.wav,5
palestinian_48_11,Palestinian,9b681127-7a73-4682-bfa1-8a591f704525,Palestinian\palestinian_48_11.wav,5
lebanese_45_6,Lebanese,b05e4aa7-8173-4f8b-9f23-9c70b11e13ba,Lebanese\lebanese_45_6.wav,5
egyptian_39_2,Egyptian,a7b5f8d7-195d-4c9f-913f-c36c89767da2,Egyptian\egyptian_39_2.wav,5
saudi_27_2,Saudi,6c680f29-a6ca-4624-8886-ab277cb330dc,Saudi\saudi_27_2.wav,5
egyptian_14,Egyptian,a7b5f8d7-195d-4c9f-913f-c36c89767da2,Egyptian\egyptian_14.wav,7
iraqi_51_5,Iraqi,08c8cb6d-1dc5-4bdb-b383-76456ee3f553,Iraqi\iraqi_51_5.wav,5
saudi_57_4,Saudi,9d2643e4-4785-43e7-961a-20a8d2cbfc33,Saudi\saudi_57_4.wav,5
jordanian_38_5,Jordanian,1c01e308-611e-444e-af08-4434c0922252,Jordanian\jordanian_38_5.wav,5
emarati_49_9,Emarati,1ccf0721-94c6-4f94-bda1-a6be1fc0299a,Emarati\emarati_49_9.wav,5
bahraini_58_5,Bahraini,9f270e4f-ecf6-4385-ba5b-bffbd96bce30,Bahraini\bahraini_58_5.wav,5
bahraini_59_3,Bahraini,9f270e4f-ecf6-4385-ba5b-bffbd96bce30,Bahraini\bahraini_59_3.wav,5
iraqi_43_7,Iraqi,08c8cb6d-1dc5-4bdb-b383-76456ee3f553,Iraqi\iraqi_43_7.wav,5
lebanese_52_5,Lebanese,353941dc-d0f3-4488-b55b-af79f20c3f4f,Lebanese\lebanese_52_5.wav,5
bahraini_39_1,Bahraini,9f270e4f-ecf6-4385-ba5b-bffbd96bce30,Bahraini\bahraini_39_1.wav,5
iraqi_46_2,Iraqi,08c8cb6d-1dc5-4bdb-b383-76456ee3f553,Iraqi\iraqi_46_2.wav,5
jordanian_54_7,Jordanian,1c01e308-611e-444e-af08-4434c0922252,Jordanian\jordanian_54_7.wav,5
iraqi_39_7,Iraqi,08c8cb6d-1dc5-4bdb-b383-76456ee3f553,Iraqi\iraqi_39_7.wav,5
jordanian_55_11,Jordanian,c33d69ff-d62e-490d-8d02-4a5604aa31ee,Jordanian\jordanian_55_11.wav,5
saudi_54_14,Saudi,9d2643e4-4785-43e7-961a-20a8d2cbfc33,Saudi\saudi_54_14.wav,5
saudi_45_10,Saudi,1d9ac0df-7ca0-4684-bd41-92d7fc3ca48c,Saudi\saudi_45_10.wav,5
iraqi_59_2,Iraqi,6a7cbf3a-41fc-4b9f-9a36-85696386ffdc,Iraqi\iraqi_59_2.wav,5
lebanese_55_5,Lebanese,353941dc-d0f3-4488-b55b-af79f20c3f4f,Lebanese\lebanese_55_5.wav,5
palestinian_21_7,Palestinian,79ade34b-27e7-4176-96bf-e3bf764d8e29,Palestinian\palestinian_21_7.wav,5
palestinian_39_2,Palestinian,e6818510-7200-46dc-9a31-296642bbdb3d,Palestinian\palestinian_39_2.wav,5
egyptian_44_3,Egyptian,3e53bfa4-d3eb-4cdb-a8d4-d771c1d5b38f,Egyptian\egyptian_44_3.wav,5
palestinian_29_6,Palestinian,9b681127-7a73-4682-bfa1-8a591f704525,Palestinian\palestinian_29_6.wav,5
jordanian_58_3,Jordanian,c33d69ff-d62e-490d-8d02-4a5604aa31ee,Jordanian\jordanian_58_3.wav,5
egyptian_41_6,Egyptian,3e53bfa4-d3eb-4cdb-a8d4-d771c1d5b38f,Egyptian\egyptian_41_6.wav,5
emarati_39_4,Emarati,1ccf0721-94c6-4f94-bda1-a6be1fc0299a,Emarati\emarati_39_4.wav,5
saudi_38_6,Saudi,1d9ac0df-7ca0-4684-bd41-92d7fc3ca48c,Saudi\saudi_38_6.wav,5
egyptian_56_8,Egyptian,a7b5f8d7-195d-4c9f-913f-c36c89767da2,Egyptian\egyptian_56_8.wav,5
lebanese_25,Lebanese,b05e4aa7-8173-4f8b-9f23-9c70b11e13ba,Lebanese\lebanese_25.wav,10
egyptian_38_9,Egyptian,a7b5f8d7-195d-4c9f-913f-c36c89767da2,Egyptian\egyptian_38_9.wav,5
jordanian_60_8,Jordanian,1c01e308-611e-444e-af08-4434c0922252,Jordanian\jordanian_60_8.wav,5
emarati_46_7,Emarati,55615163-1054-43e7-a808-79e782bbcd17,Emarati\emarati_46_7.wav,5
jordanian_60_7,Jordanian,1c01e308-611e-444e-af08-4434c0922252,Jordanian\jordanian_60_7.wav,5
lebanese_42_9,Lebanese,b05e4aa7-8173-4f8b-9f23-9c70b11e13ba,Lebanese\lebanese_42_9.wav,5
egyptian_11,Egyptian,d03be981-0a70-4215-a91f-9b6230adbf01,Egyptian\egyptian_11.wav,8
egyptian_41_5,Egyptian,3e53bfa4-d3eb-4cdb-a8d4-d771c1d5b38f,Egyptian\egyptian_41_5.wav,5
lebanese_56_1,Lebanese,b05e4aa7-8173-4f8b-9f23-9c70b11e13ba,Lebanese\lebanese_56_1.wav,5
emarati_31_10,Emarati,55615163-1054-43e7-a808-79e782bbcd17,Emarati\emarati_31_10.wav,5
bahraini_27,Bahraini,9f270e4f-ecf6-4385-ba5b-bffbd96bce30,Bahraini\bahraini_27.wav,7
jordanian_39_2,Jordanian,c33d69ff-d62e-490d-8d02-4a5604aa31ee,Jordanian\jordanian_39_2.wav,5
bahraini_46_8,Bahraini,9f270e4f-ecf6-4385-ba5b-bffbd96bce30,Bahraini\bahraini_46_8.wav,5
emarati_38_2,Emarati,55615163-1054-43e7-a808-79e782bbcd17,Emarati\emarati_38_2.wav,5
iraqi_5,Iraqi,08c8cb6d-1dc5-4bdb-b383-76456ee3f553,Iraqi\iraqi_5.wav,8
iraqi_60_4,Iraqi,6a7cbf3a-41fc-4b9f-9a36-85696386ffdc,Iraqi\iraqi_60_4.wav,5
bahraini_51_2,Bahraini,9f270e4f-ecf6-4385-ba5b-bffbd96bce30,Bahraini\bahraini_51_2.wav,5
jordanian_59_2,Jordanian,c33d69ff-d62e-490d-8d02-4a5604aa31ee,Jordanian\jordanian_59_2.wav,5
lebanese_34_3,Lebanese,b05e4aa7-8173-4f8b-9f23-9c70b11e13ba,Lebanese\lebanese_34_3.wav,5
iraqi_38_1,Iraqi,08c8cb6d-1dc5-4bdb-b383-76456ee3f553,Iraqi\iraqi_38_1.wav,5
emarati_31_1,Emarati,55615163-1054-43e7-a808-79e782bbcd17,Emarati\emarati_31_1.wav,5
egyptian_58_9,Egyptian,d03be981-0a70-4215-a91f-9b6230adbf01,Egyptian\egyptian_58_9.wav,5
lebanese_44_9,Lebanese,b05e4aa7-8173-4f8b-9f23-9c70b11e13ba,Lebanese\lebanese_44_9.wav,5
saudi_53_5,Saudi,6c680f29-a6ca-4624-8886-ab277cb330dc,Saudi\saudi_53_5.wav,5
syrian_54_5,Syrian,1a15886c-76a5-4165-8bb8-dd0b4ebcb3c8,Syrian\syrian_54_5.wav,5
palestinian_25_1,Palestinian,bce0d97e-d095-4f46-9208-f43a1e87b675,Palestinian\palestinian_25_1.wav,5
palestinian_22_4,Palestinian,e6818510-7200-46dc-9a31-296642bbdb3d,Palestinian\palestinian_22_4.wav,5
saudi_55_7,Saudi,6c680f29-a6ca-4624-8886-ab277cb330dc,Saudi\saudi_55_7.wav,5
saudi_42_13,Saudi,9d2643e4-4785-43e7-961a-20a8d2cbfc33,Saudi\saudi_42_13.wav,5
emarati_28_5,Emarati,1ccf0721-94c6-4f94-bda1-a6be1fc0299a,Emarati\emarati_28_5.wav,5
jordanian_39_5,Jordanian,c33d69ff-d62e-490d-8d02-4a5604aa31ee,Jordanian\jordanian_39_5.wav,5
saudi_58_11,Saudi,f801687c-36a9-481b-85df-4e2749e6e2f1,Saudi\saudi_58_11.wav,5
bahraini_66_6,Bahraini,9f270e4f-ecf6-4385-ba5b-bffbd96bce30,Bahraini\bahraini_66_6.wav,5
iraqi_49_3,Iraqi,08c8cb6d-1dc5-4bdb-b383-76456ee3f553,Iraqi\iraqi_49_3.wav,5
lebanese_51_6,Lebanese,353941dc-d0f3-4488-b55b-af79f20c3f4f,Lebanese\lebanese_51_6.wav,5
iraqi_35_6,Iraqi,6a7cbf3a-41fc-4b9f-9a36-85696386ffdc,Iraqi\iraqi_35_6.wav,5
saudi_26_7,Saudi,f801687c-36a9-481b-85df-4e2749e6e2f1,Saudi\saudi_26_7.wav,5
egyptian_47_5,Egyptian,1ddfa984-770c-489b-b7ff-f7e855ae02ad,Egyptian\egyptian_47_5.wav,5
saudi_59_7,Saudi,1d9ac0df-7ca0-4684-bd41-92d7fc3ca48c,Saudi\saudi_59_7.wav,5
jordanian_51_4,Jordanian,1c01e308-611e-444e-af08-4434c0922252,Jordanian\jordanian_51_4.wav,5
emarati_47_8,Emarati,a64825a5-8255-4b0a-8cd2-9445029efc3e,Emarati\emarati_47_8.wav,5
palestinian_41_8,Palestinian,9b681127-7a73-4682-bfa1-8a591f704525,Palestinian\palestinian_41_8.wav,5
palestinian_36_8,Palestinian,078338c4-7788-4371-95d4-1bbe45021113,Palestinian\palestinian_36_8.wav,5
egyptian_59_1,Egyptian,168980c4-9093-4ac8-bae3-dfd1fda17aa3,Egyptian\egyptian_59_1.wav,5
bahraini_67_3,Bahraini,9f270e4f-ecf6-4385-ba5b-bffbd96bce30,Bahraini\bahraini_67_3.wav,5
lebanese_56_2,Lebanese,b05e4aa7-8173-4f8b-9f23-9c70b11e13ba,Lebanese\lebanese_56_2.wav,5
lebanese_36_9,Lebanese,353941dc-d0f3-4488-b55b-af79f20c3f4f,Lebanese\lebanese_36_9.wav,5
emarati_32_5,Emarati,1ccf0721-94c6-4f94-bda1-a6be1fc0299a,Emarati\emarati_32_5.wav,5
bahraini_45_7,Bahraini,9f270e4f-ecf6-4385-ba5b-bffbd96bce30,Bahraini\bahraini_45_7.wav,5
jordanian_42_9,Jordanian,1c01e308-611e-444e-af08-4434c0922252,Jordanian\jordanian_42_9.wav,5
iraqi_37_2,Iraqi,6a7cbf3a-41fc-4b9f-9a36-85696386ffdc,Iraqi\iraqi_37_2.wav,5
saudi_56_12,Saudi,9d2643e4-4785-43e7-961a-20a8d2cbfc33,Saudi\saudi_56_12.wav,5
egyptian_59_5,Egyptian,168980c4-9093-4ac8-bae3-dfd1fda17aa3,Egyptian\egyptian_59_5.wav,5
lebanese_31_6,Lebanese,b05e4aa7-8173-4f8b-9f23-9c70b11e13ba,Lebanese\lebanese_31_6.wav,5
egyptian_33_7,Egyptian,3e53bfa4-d3eb-4cdb-a8d4-d771c1d5b38f,Egyptian\egyptian_33_7.wav,5
emarati_28_6,Emarati,1ccf0721-94c6-4f94-bda1-a6be1fc0299a,Emarati\emarati_28_6.wav,5
lebanese_43_8,Lebanese,353941dc-d0f3-4488-b55b-af79f20c3f4f,Lebanese\lebanese_43_8.wav,5
palestinian_45_2,Palestinian,79ade34b-27e7-4176-96bf-e3bf764d8e29,Palestinian\palestinian_45_2.wav,5
syrian_32_5,Syrian,1a15886c-76a5-4165-8bb8-dd0b4ebcb3c8,Syrian\syrian_32_5.wav,5
iraqi_41_3,Iraqi,08c8cb6d-1dc5-4bdb-b383-76456ee3f553,Iraqi\iraqi_41_3.wav,5
emarati_34_2,Emarati,a64825a5-8255-4b0a-8cd2-9445029efc3e,Emarati\emarati_34_2.wav,5
palestinian_26_4,Palestinian,078338c4-7788-4371-95d4-1bbe45021113,Palestinian\palestinian_26_4.wav,5
jordanian_48_3,Jordanian,1c01e308-611e-444e-af08-4434c0922252,Jordanian\jordanian_48_3.wav,5
jordanian_55_8,Jordanian,c33d69ff-d62e-490d-8d02-4a5604aa31ee,Jordanian\jordanian_55_8.wav,5
saudi_39_8,Saudi,1d9ac0df-7ca0-4684-bd41-92d7fc3ca48c,Saudi\saudi_39_8.wav,5
palestinian_26_6,Palestinian,078338c4-7788-4371-95d4-1bbe45021113,Palestinian\palestinian_26_6.wav,5
iraqi_55_3,Iraqi,6a7cbf3a-41fc-4b9f-9a36-85696386ffdc,Iraqi\iraqi_55_3.wav,5
emarati_46_2,Emarati,55615163-1054-43e7-a808-79e782bbcd17,Emarati\emarati_46_2.wav,5
syrian_44_7,Syrian,4effd2b5-7a1b-44f6-ac2a-d767d8b1d451,Syrian\syrian_44_7.wav,5
saudi_32_8,Saudi,9d2643e4-4785-43e7-961a-20a8d2cbfc33,Saudi\saudi_32_8.wav,5
bahraini_43_2,Bahraini,9f270e4f-ecf6-4385-ba5b-bffbd96bce30,Bahraini\bahraini_43_2.wav,5
egyptian_60_12,Egyptian,d03be981-0a70-4215-a91f-9b6230adbf01,Egyptian\egyptian_60_12.wav,5
lebanese_34_11,Lebanese,b05e4aa7-8173-4f8b-9f23-9c70b11e13ba,Lebanese\lebanese_34_11.wav,5
lebanese_47_9,Lebanese,b05e4aa7-8173-4f8b-9f23-9c70b11e13ba,Lebanese\lebanese_47_9.wav,5
emarati_36_2,Emarati,a64825a5-8255-4b0a-8cd2-9445029efc3e,Emarati\emarati_36_2.wav,5
saudi_41_1,Saudi,f801687c-36a9-481b-85df-4e2749e6e2f1,Saudi\saudi_41_1.wav,5
bahraini_45_3,Bahraini,9f270e4f-ecf6-4385-ba5b-bffbd96bce30,Bahraini\bahraini_45_3.wav,5
saudi_59_2,Saudi,1d9ac0df-7ca0-4684-bd41-92d7fc3ca48c,Saudi\saudi_59_2.wav,5
lebanese_49_3,Lebanese,b05e4aa7-8173-4f8b-9f23-9c70b11e13ba,Lebanese\lebanese_49_3.wav,5
iraqi_41_8,Iraqi,08c8cb6d-1dc5-4bdb-b383-76456ee3f553,Iraqi\iraqi_41_8.wav,5
egyptian_22,Egyptian,3e53bfa4-d3eb-4cdb-a8d4-d771c1d5b38f,Egyptian\egyptian_22.wav,6
emarati_34_6,Emarati,a64825a5-8255-4b0a-8cd2-9445029efc3e,Emarati\emarati_34_6.wav,5
saudi_8,Saudi,9d2643e4-4785-43e7-961a-20a8d2cbfc33,Saudi\saudi_8.wav,8
saudi_28_5,Saudi,f801687c-36a9-481b-85df-4e2749e6e2f1,Saudi\saudi_28_5.wav,5
bahraini_40_2,Bahraini,9f270e4f-ecf6-4385-ba5b-bffbd96bce30,Bahraini\bahraini_40_2.wav,5
lebanese_53_13,Lebanese,b05e4aa7-8173-4f8b-9f23-9c70b11e13ba,Lebanese\lebanese_53_13.wav,5
egyptian_38_7,Egyptian,a7b5f8d7-195d-4c9f-913f-c36c89767da2,Egyptian\egyptian_38_7.wav,5
saudi_50_7,Saudi,9d2643e4-4785-43e7-961a-20a8d2cbfc33,Saudi\saudi_50_7.wav,5
palestinian_25_3,Palestinian,bce0d97e-d095-4f46-9208-f43a1e87b675,Palestinian\palestinian_25_3.wav,5
jordanian_57_4,Jordanian,c33d69ff-d62e-490d-8d02-4a5604aa31ee,Jordanian\jordanian_57_4.wav,5
emarati_44_2,Emarati,6fa09f45-07c7-4451-9500-d9792b881321,Emarati\emarati_44_2.wav,5
saudi_38_4,Saudi,1d9ac0df-7ca0-4684-bd41-92d7fc3ca48c,Saudi\saudi_38_4.wav,5
egyptian_41_7,Egyptian,3e53bfa4-d3eb-4cdb-a8d4-d771c1d5b38f,Egyptian\egyptian_41_7.wav,5
saudi_60_8,Saudi,1d9ac0df-7ca0-4684-bd41-92d7fc3ca48c,Saudi\saudi_60_8.wav,5
bahraini_2,Bahraini,9f270e4f-ecf6-4385-ba5b-bffbd96bce30,Bahraini\bahraini_2.wav,6
egyptian_56_6,Egyptian,a7b5f8d7-195d-4c9f-913f-c36c89767da2,Egyptian\egyptian_56_6.wav,5
syrian_48_1,Syrian,f920ed33-e733-4635-96f5-24d08df84644,Syrian\syrian_48_1.wav,5
syrian_25_8,Syrian,4effd2b5-7a1b-44f6-ac2a-d767d8b1d451,Syrian\syrian_25_8.wav,5
lebanese_55_10,Lebanese,353941dc-d0f3-4488-b55b-af79f20c3f4f,Lebanese\lebanese_55_10.wav,5
bahraini_18,Bahraini,9f270e4f-ecf6-4385-ba5b-bffbd96bce30,Bahraini\bahraini_18.wav,5
emarati_60_11,Emarati,a64825a5-8255-4b0a-8cd2-9445029efc3e,Emarati\emarati_60_11.wav,5
saudi_31_5,Saudi,9d2643e4-4785-43e7-961a-20a8d2cbfc33,Saudi\saudi_31_5.wav,5
saudi_44_9,Saudi,6c680f29-a6ca-4624-8886-ab277cb330dc,Saudi\saudi_44_9.wav,5
lebanese_38_3,Lebanese,353941dc-d0f3-4488-b55b-af79f20c3f4f,Lebanese\lebanese_38_3.wav,5
lebanese_54_11,Lebanese,b05e4aa7-8173-4f8b-9f23-9c70b11e13ba,Lebanese\lebanese_54_11.wav,5
iraqi_42_3,Iraqi,08c8cb6d-1dc5-4bdb-b383-76456ee3f553,Iraqi\iraqi_42_3.wav,5
saudi_10,Saudi,f801687c-36a9-481b-85df-4e2749e6e2f1,Saudi\saudi_10.wav,6
syrian_28_7,Syrian,4effd2b5-7a1b-44f6-ac2a-d767d8b1d451,Syrian\syrian_28_7.wav,5
lebanese_27,Lebanese,b05e4aa7-8173-4f8b-9f23-9c70b11e13ba,Lebanese\lebanese_27.wav,8
saudi_46_7,Saudi,f801687c-36a9-481b-85df-4e2749e6e2f1,Saudi\saudi_46_7.wav,5
bahraini_58_1,Bahraini,9f270e4f-ecf6-4385-ba5b-bffbd96bce30,Bahraini\bahraini_58_1.wav,5
jordanian_18,Jordanian,1c01e308-611e-444e-af08-4434c0922252,Jordanian\jordanian_18.wav,6
jordanian_48_6,Jordanian,1c01e308-611e-444e-af08-4434c0922252,Jordanian\jordanian_48_6.wav,5
lebanese_37_7,Lebanese,b05e4aa7-8173-4f8b-9f23-9c70b11e13ba,Lebanese\lebanese_37_7.wav,5
jordanian_54_5,Jordanian,1c01e308-611e-444e-af08-4434c0922252,Jordanian\jordanian_54_5.wav,5
saudi_37_5,Saudi,f801687c-36a9-481b-85df-4e2749e6e2f1,Saudi\saudi_37_5.wav,5
syrian_29_5,Syrian,f920ed33-e733-4635-96f5-24d08df84644,Syrian\syrian_29_5.wav,5
saudi_15,Saudi,9d2643e4-4785-43e7-961a-20a8d2cbfc33,Saudi\saudi_15.wav,9
palestinian_35_4,Palestinian,078338c4-7788-4371-95d4-1bbe45021113,Palestinian\palestinian_35_4.wav,5
syrian_26_2,Syrian,4effd2b5-7a1b-44f6-ac2a-d767d8b1d451,Syrian\syrian_26_2.wav,5
palestinian_23_8,Palestinian,bce0d97e-d095-4f46-9208-f43a1e87b675,Palestinian\palestinian_23_8.wav,5
syrian_48_2,Syrian,f920ed33-e733-4635-96f5-24d08df84644,Syrian\syrian_48_2.wav,5
syrian_38_4,Syrian,1a15886c-76a5-4165-8bb8-dd0b4ebcb3c8,Syrian\syrian_38_4.wav,5
saudi_28_4,Saudi,f801687c-36a9-481b-85df-4e2749e6e2f1,Saudi\saudi_28_4.wav,5
iraqi_42_8,Iraqi,08c8cb6d-1dc5-4bdb-b383-76456ee3f553,Iraqi\iraqi_42_8.wav,5
bahraini_47_8,Bahraini,9f270e4f-ecf6-4385-ba5b-bffbd96bce30,Bahraini\bahraini_47_8.wav,5
iraqi_59_6,Iraqi,6a7cbf3a-41fc-4b9f-9a36-85696386ffdc,Iraqi\iraqi_59_6.wav,5
egyptian_49_7,Egyptian,1ddfa984-770c-489b-b7ff-f7e855ae02ad,Egyptian\egyptian_49_7.wav,5
jordanian_44_3,Jordanian,c33d69ff-d62e-490d-8d02-4a5604aa31ee,Jordanian\jordanian_44_3.wav,5
emarati_38_8,Emarati,55615163-1054-43e7-a808-79e782bbcd17,Emarati\emarati_38_8.wav,5
saudi_39_2,Saudi,1d9ac0df-7ca0-4684-bd41-92d7fc3ca48c,Saudi\saudi_39_2.wav,5
saudi_39_6,Saudi,1d9ac0df-7ca0-4684-bd41-92d7fc3ca48c,Saudi\saudi_39_6.wav,5
egyptian_59_10,Egyptian,168980c4-9093-4ac8-bae3-dfd1fda17aa3,Egyptian\egyptian_59_10.wav,5
jordanian_54_4,Jordanian,1c01e308-611e-444e-af08-4434c0922252,Jordanian\jordanian_54_4.wav,5
syrian_31_7,Syrian,1a15886c-76a5-4165-8bb8-dd0b4ebcb3c8,Syrian\syrian_31_7.wav,5
emarati_58_10,Emarati,a64825a5-8255-4b0a-8cd2-9445029efc3e,Emarati\emarati_58_10.wav,5
iraqi_55_1,Iraqi,6a7cbf3a-41fc-4b9f-9a36-85696386ffdc,Iraqi\iraqi_55_1.wav,5
egyptian_44_7,Egyptian,3e53bfa4-d3eb-4cdb-a8d4-d771c1d5b38f,Egyptian\egyptian_44_7.wav,5
bahraini_48_1,Bahraini,9f270e4f-ecf6-4385-ba5b-bffbd96bce30,Bahraini\bahraini_48_1.wav,5
lebanese_47_11,Lebanese,b05e4aa7-8173-4f8b-9f23-9c70b11e13ba,Lebanese\lebanese_47_11.wav,5
bahraini_41_6,Bahraini,9f270e4f-ecf6-4385-ba5b-bffbd96bce30,Bahraini\bahraini_41_6.wav,5
lebanese_38_8,Lebanese,353941dc-d0f3-4488-b55b-af79f20c3f4f,Lebanese\lebanese_38_8.wav,5
saudi_42_16,Saudi,9d2643e4-4785-43e7-961a-20a8d2cbfc33,Saudi\saudi_42_16.wav,5
lebanese_44_11,Lebanese,b05e4aa7-8173-4f8b-9f23-9c70b11e13ba,Lebanese\lebanese_44_11.wav,5
emarati_54_1,Emarati,55615163-1054-43e7-a808-79e782bbcd17,Emarati\emarati_54_1.wav,5
emarati_46_5,Emarati,55615163-1054-43e7-a808-79e782bbcd17,Emarati\emarati_46_5.wav,5
saudi_45_2,Saudi,1d9ac0df-7ca0-4684-bd41-92d7fc3ca48c,Saudi\saudi_45_2.wav,5
egyptian_61_3,Egyptian,3e53bfa4-d3eb-4cdb-a8d4-d771c1d5b38f,Egyptian\egyptian_61_3.wav,5
bahraini_54_3,Bahraini,9f270e4f-ecf6-4385-ba5b-bffbd96bce30,Bahraini\bahraini_54_3.wav,5
egyptian_1,Egyptian,1ddfa984-770c-489b-b7ff-f7e855ae02ad,Egyptian\egyptian_1.wav,6
lebanese_33_2,Lebanese,b05e4aa7-8173-4f8b-9f23-9c70b11e13ba,Lebanese\lebanese_33_2.wav,5
bahraini_52_2,Bahraini,9f270e4f-ecf6-4385-ba5b-bffbd96bce30,Bahraini\bahraini_52_2.wav,5
palestinian_36_6,Palestinian,078338c4-7788-4371-95d4-1bbe45021113,Palestinian\palestinian_36_6.wav,5
lebanese_39_12,Lebanese,353941dc-d0f3-4488-b55b-af79f20c3f4f,Lebanese\lebanese_39_12.wav,5
syrian_45_4,Syrian,f920ed33-e733-4635-96f5-24d08df84644,Syrian\syrian_45_4.wav,5
jordanian_46_7,Jordanian,1c01e308-611e-444e-af08-4434c0922252,Jordanian\jordanian_46_7.wav,5
iraqi_13,Iraqi,6a7cbf3a-41fc-4b9f-9a36-85696386ffdc,Iraqi\iraqi_13.wav,5
egyptian_52_1,Egyptian,d03be981-0a70-4215-a91f-9b6230adbf01,Egyptian\egyptian_52_1.wav,5
palestinian_38_1,Palestinian,bce0d97e-d095-4f46-9208-f43a1e87b675,Palestinian\palestinian_38_1.wav,5
jordanian_42_2,Jordanian,1c01e308-611e-444e-af08-4434c0922252,Jordanian\jordanian_42_2.wav,5
syrian_47_4,Syrian,f920ed33-e733-4635-96f5-24d08df84644,Syrian\syrian_47_4.wav,5
lebanese_38_1,Lebanese,353941dc-d0f3-4488-b55b-af79f20c3f4f,Lebanese\lebanese_38_1.wav,5
saudi_33_1,Saudi,6c680f29-a6ca-4624-8886-ab277cb330dc,Saudi\saudi_33_1.wav,5
egyptian_45_10,Egyptian,a7b5f8d7-195d-4c9f-913f-c36c89767da2,Egyptian\egyptian_45_10.wav,5
bahraini_55_3,Bahraini,9f270e4f-ecf6-4385-ba5b-bffbd96bce30,Bahraini\bahraini_55_3.wav,5
saudi_56_14,Saudi,9d2643e4-4785-43e7-961a-20a8d2cbfc33,Saudi\saudi_56_14.wav,5
saudi_26_6,Saudi,f801687c-36a9-481b-85df-4e2749e6e2f1,Saudi\saudi_26_6.wav,5
saudi_28_3,Saudi,f801687c-36a9-481b-85df-4e2749e6e2f1,Saudi\saudi_28_3.wav,5
jordanian_49_6,Jordanian,c33d69ff-d62e-490d-8d02-4a5604aa31ee,Jordanian\jordanian_49_6.wav,5
saudi_19,Saudi,f801687c-36a9-481b-85df-4e2749e6e2f1,Saudi\saudi_19.wav,7
iraqi_41_4,Iraqi,08c8cb6d-1dc5-4bdb-b383-76456ee3f553,Iraqi\iraqi_41_4.wav,5
syrian_24_7,Syrian,f920ed33-e733-4635-96f5-24d08df84644,Syrian\syrian_24_7.wav,5
bahraini_66_4,Bahraini,9f270e4f-ecf6-4385-ba5b-bffbd96bce30,Bahraini\bahraini_66_4.wav,5
lebanese_49_8,Lebanese,b05e4aa7-8173-4f8b-9f23-9c70b11e13ba,Lebanese\lebanese_49_8.wav,5
emarati_29_6,Emarati,c790ddf0-4e71-4130-ba5e-5209d0e9f24e,Emarati\emarati_29_6.wav,5
saudi_44_4,Saudi,6c680f29-a6ca-4624-8886-ab277cb330dc,Saudi\saudi_44_4.wav,5
saudi_35_10,Saudi,1d9ac0df-7ca0-4684-bd41-92d7fc3ca48c,Saudi\saudi_35_10.wav,5
syrian_31_5,Syrian,1a15886c-76a5-4165-8bb8-dd0b4ebcb3c8,Syrian\syrian_31_5.wav,5
syrian_40_10,Syrian,1a15886c-76a5-4165-8bb8-dd0b4ebcb3c8,Syrian\syrian_40_10.wav,5
palestinian_48_6,Palestinian,9b681127-7a73-4682-bfa1-8a591f704525,Palestinian\palestinian_48_6.wav,5
palestinian_7,Palestinian,bce0d97e-d095-4f46-9208-f43a1e87b675,Palestinian\palestinian_7.wav,5
jordanian_13,Jordanian,1c01e308-611e-444e-af08-4434c0922252,Jordanian\jordanian_13.wav,5
palestinian_34_1,Palestinian,e6818510-7200-46dc-9a31-296642bbdb3d,Palestinian\palestinian_34_1.wav,5
saudi_26_5,Saudi,f801687c-36a9-481b-85df-4e2749e6e2f1,Saudi\saudi_26_5.wav,5
emarati_60_2,Emarati,a64825a5-8255-4b0a-8cd2-9445029efc3e,Emarati\emarati_60_2.wav,5
syrian_31_6,Syrian,1a15886c-76a5-4165-8bb8-dd0b4ebcb3c8,Syrian\syrian_31_6.wav,5
jordanian_52_9,Jordanian,1c01e308-611e-444e-af08-4434c0922252,Jordanian\jordanian_52_9.wav,5
syrian_29_4,Syrian,f920ed33-e733-4635-96f5-24d08df84644,Syrian\syrian_29_4.wav,5
lebanese_41_3,Lebanese,353941dc-d0f3-4488-b55b-af79f20c3f4f,Lebanese\lebanese_41_3.wav,5
lebanese_49_1,Lebanese,b05e4aa7-8173-4f8b-9f23-9c70b11e13ba,Lebanese\lebanese_49_1.wav,5
emarati_52_6,Emarati,1ccf0721-94c6-4f94-bda1-a6be1fc0299a,Emarati\emarati_52_6.wav,5
palestinian_29_7,Palestinian,9b681127-7a73-4682-bfa1-8a591f704525,Palestinian\palestinian_29_7.wav,5
egyptian_52_6,Egyptian,d03be981-0a70-4215-a91f-9b6230adbf01,Egyptian\egyptian_52_6.wav,5
egyptian_33_3,Egyptian,3e53bfa4-d3eb-4cdb-a8d4-d771c1d5b38f,Egyptian\egyptian_33_3.wav,5
lebanese_41_2,Lebanese,353941dc-d0f3-4488-b55b-af79f20c3f4f,Lebanese\lebanese_41_2.wav,5
jordanian_50_6,Jordanian,c33d69ff-d62e-490d-8d02-4a5604aa31ee,Jordanian\jordanian_50_6.wav,5
emarati_64_9,Emarati,3c249172-a61a-4a72-9375-1591b73d7ef6,Emarati\emarati_64_9.wav,5
iraqi_22,Iraqi,6a7cbf3a-41fc-4b9f-9a36-85696386ffdc,Iraqi\iraqi_22.wav,5
emarati_28_7,Emarati,1ccf0721-94c6-4f94-bda1-a6be1fc0299a,Emarati\emarati_28_7.wav,5
iraqi_7,Iraqi,6a7cbf3a-41fc-4b9f-9a36-85696386ffdc,Iraqi\iraqi_7.wav,5
palestinian_33_3,Palestinian,bce0d97e-d095-4f46-9208-f43a1e87b675,Palestinian\palestinian_33_3.wav,5
saudi_51_6,Saudi,f801687c-36a9-481b-85df-4e2749e6e2f1,Saudi\saudi_51_6.wav,5
bahraini_45_4,Bahraini,9f270e4f-ecf6-4385-ba5b-bffbd96bce30,Bahraini\bahraini_45_4.wav,5
egyptian_57_8,Egyptian,1ddfa984-770c-489b-b7ff-f7e855ae02ad,Egyptian\egyptian_57_8.wav,5
iraqi_58_1,Iraqi,08c8cb6d-1dc5-4bdb-b383-76456ee3f553,Iraqi\iraqi_58_1.wav,5
jordanian_27,Jordanian,c33d69ff-d62e-490d-8d02-4a5604aa31ee,Jordanian\jordanian_27.wav,8
emarati_39_6,Emarati,1ccf0721-94c6-4f94-bda1-a6be1fc0299a,Emarati\emarati_39_6.wav,5
egyptian_39_3,Egyptian,a7b5f8d7-195d-4c9f-913f-c36c89767da2,Egyptian\egyptian_39_3.wav,5
jordanian_37_6,Jordanian,c33d69ff-d62e-490d-8d02-4a5604aa31ee,Jordanian\jordanian_37_6.wav,5
emarati_49_5,Emarati,1ccf0721-94c6-4f94-bda1-a6be1fc0299a,Emarati\emarati_49_5.wav,5
syrian_54_2,Syrian,1a15886c-76a5-4165-8bb8-dd0b4ebcb3c8,Syrian\syrian_54_2.wav,5
saudi_57_8,Saudi,9d2643e4-4785-43e7-961a-20a8d2cbfc33,Saudi\saudi_57_8.wav,5
jordanian_39_8,Jordanian,c33d69ff-d62e-490d-8d02-4a5604aa31ee,Jordanian\jordanian_39_8.wav,5
egyptian_21,Egyptian,168980c4-9093-4ac8-bae3-dfd1fda17aa3,Egyptian\egyptian_21.wav,5
palestinian_46_6,Palestinian,078338c4-7788-4371-95d4-1bbe45021113,Palestinian\palestinian_46_6.wav,5
emarati_56_9,Emarati,1ccf0721-94c6-4f94-bda1-a6be1fc0299a,Emarati\emarati_56_9.wav,5
emarati_38_3,Emarati,55615163-1054-43e7-a808-79e782bbcd17,Emarati\emarati_38_3.wav,5
lebanese_45_8,Lebanese,b05e4aa7-8173-4f8b-9f23-9c70b11e13ba,Lebanese\lebanese_45_8.wav,5
lebanese_37_2,Lebanese,b05e4aa7-8173-4f8b-9f23-9c70b11e13ba,Lebanese\lebanese_37_2.wav,5
saudi_35_8,Saudi,1d9ac0df-7ca0-4684-bd41-92d7fc3ca48c,Saudi\saudi_35_8.wav,5
emarati_45_9,Emarati,11358928-2d31-4b49-9f54-edca9ba2f439,Emarati\emarati_45_9.wav,5
palestinian_45_4,Palestinian,79ade34b-27e7-4176-96bf-e3bf764d8e29,Palestinian\palestinian_45_4.wav,5
palestinian_21_1,Palestinian,79ade34b-27e7-4176-96bf-e3bf764d8e29,Palestinian\palestinian_21_1.wav,5
egyptian_35_10,Egyptian,a7b5f8d7-195d-4c9f-913f-c36c89767da2,Egyptian\egyptian_35_10.wav,5
emarati_30_8,Emarati,c790ddf0-4e71-4130-ba5e-5209d0e9f24e,Emarati\emarati_30_8.wav,5
saudi_33_3,Saudi,6c680f29-a6ca-4624-8886-ab277cb330dc,Saudi\saudi_33_3.wav,5
syrian_5,Syrian,1a15886c-76a5-4165-8bb8-dd0b4ebcb3c8,Syrian\syrian_5.wav,6
egyptian_42_2,Egyptian,a7b5f8d7-195d-4c9f-913f-c36c89767da2,Egyptian\egyptian_42_2.wav,5
jordanian_63_4,Jordanian,c33d69ff-d62e-490d-8d02-4a5604aa31ee,Jordanian\jordanian_63_4.wav,5
bahraini_53_2,Bahraini,9f270e4f-ecf6-4385-ba5b-bffbd96bce30,Bahraini\bahraini_53_2.wav,5
lebanese_35_12,Lebanese,b05e4aa7-8173-4f8b-9f23-9c70b11e13ba,Lebanese\lebanese_35_12.wav,5
iraqi_50_6,Iraqi,6a7cbf3a-41fc-4b9f-9a36-85696386ffdc,Iraqi\iraqi_50_6.wav,5
jordanian_12,Jordanian,1c01e308-611e-444e-af08-4434c0922252,Jordanian\jordanian_12.wav,6
saudi_55_5,Saudi,6c680f29-a6ca-4624-8886-ab277cb330dc,Saudi\saudi_55_5.wav,5
emarati_51_8,Emarati,6fa09f45-07c7-4451-9500-d9792b881321,Emarati\emarati_51_8.wav,5
lebanese_44_5,Lebanese,b05e4aa7-8173-4f8b-9f23-9c70b11e13ba,Lebanese\lebanese_44_5.wav,5
saudi_34_2,Saudi,9d2643e4-4785-43e7-961a-20a8d2cbfc33,Saudi\saudi_34_2.wav,5
emarati_60_10,Emarati,a64825a5-8255-4b0a-8cd2-9445029efc3e,Emarati\emarati_60_10.wav,5
lebanese_57_6,Lebanese,b05e4aa7-8173-4f8b-9f23-9c70b11e13ba,Lebanese\lebanese_57_6.wav,5
bahraini_43_3,Bahraini,9f270e4f-ecf6-4385-ba5b-bffbd96bce30,Bahraini\bahraini_43_3.wav,5
jordanian_46_5,Jordanian,1c01e308-611e-444e-af08-4434c0922252,Jordanian\jordanian_46_5.wav,5
bahraini_41_4,Bahraini,9f270e4f-ecf6-4385-ba5b-bffbd96bce30,Bahraini\bahraini_41_4.wav,5
jordanian_20,Jordanian,1c01e308-611e-444e-af08-4434c0922252,Jordanian\jordanian_20.wav,5
egyptian_51_2,Egyptian,168980c4-9093-4ac8-bae3-dfd1fda17aa3,Egyptian\egyptian_51_2.wav,5
palestinian_34_9,Palestinian,e6818510-7200-46dc-9a31-296642bbdb3d,Palestinian\palestinian_34_9.wav,5
bahraini_47_2,Bahraini,9f270e4f-ecf6-4385-ba5b-bffbd96bce30,Bahraini\bahraini_47_2.wav,5
palestinian_44_3,Palestinian,9b681127-7a73-4682-bfa1-8a591f704525,Palestinian\palestinian_44_3.wav,5
saudi_46_8,Saudi,f801687c-36a9-481b-85df-4e2749e6e2f1,Saudi\saudi_46_8.wav,5
syrian_44_1,Syrian,4effd2b5-7a1b-44f6-ac2a-d767d8b1d451,Syrian\syrian_44_1.wav,5
emarati_57_6,Emarati,55615163-1054-43e7-a808-79e782bbcd17,Emarati\emarati_57_6.wav,5
bahraini_49_3,Bahraini,9f270e4f-ecf6-4385-ba5b-bffbd96bce30,Bahraini\bahraini_49_3.wav,5
saudi_41_4,Saudi,f801687c-36a9-481b-85df-4e2749e6e2f1,Saudi\saudi_41_4.wav,5
bahraini_45_8,Bahraini,9f270e4f-ecf6-4385-ba5b-bffbd96bce30,Bahraini\bahraini_45_8.wav,5
syrian_49_11,Syrian,1a15886c-76a5-4165-8bb8-dd0b4ebcb3c8,Syrian\syrian_49_11.wav,5
palestinian_31_4,Palestinian,9b681127-7a73-4682-bfa1-8a591f704525,Palestinian\palestinian_31_4.wav,5
syrian_27_5,Syrian,1a15886c-76a5-4165-8bb8-dd0b4ebcb3c8,Syrian\syrian_27_5.wav,5
palestinian_38_2,Palestinian,bce0d97e-d095-4f46-9208-f43a1e87b675,Palestinian\palestinian_38_2.wav,5
lebanese_42_1,Lebanese,b05e4aa7-8173-4f8b-9f23-9c70b11e13ba,Lebanese\lebanese_42_1.wav,5
emarati_57_10,Emarati,55615163-1054-43e7-a808-79e782bbcd17,Emarati\emarati_57_10.wav,5
iraqi_53_6,Iraqi,08c8cb6d-1dc5-4bdb-b383-76456ee3f553,Iraqi\iraqi_53_6.wav,5
egyptian_31_6,Egyptian,1ddfa984-770c-489b-b7ff-f7e855ae02ad,Egyptian\egyptian_31_6.wav,5
iraqi_52_6,Iraqi,08c8cb6d-1dc5-4bdb-b383-76456ee3f553,Iraqi\iraqi_52_6.wav,5
egyptian_38_1,Egyptian,a7b5f8d7-195d-4c9f-913f-c36c89767da2,Egyptian\egyptian_38_1.wav,5
egyptian_49_6,Egyptian,1ddfa984-770c-489b-b7ff-f7e855ae02ad,Egyptian\egyptian_49_6.wav,5
lebanese_30_11,Lebanese,b05e4aa7-8173-4f8b-9f23-9c70b11e13ba,Lebanese\lebanese_30_11.wav,5
syrian_54_8,Syrian,1a15886c-76a5-4165-8bb8-dd0b4ebcb3c8,Syrian\syrian_54_8.wav,5
saudi_46_6,Saudi,f801687c-36a9-481b-85df-4e2749e6e2f1,Saudi\saudi_46_6.wav,5
palestinian_44_4,Palestinian,9b681127-7a73-4682-bfa1-8a591f704525,Palestinian\palestinian_44_4.wav,5
emarati_54_6,Emarati,55615163-1054-43e7-a808-79e782bbcd17,Emarati\emarati_54_6.wav,5
bahraini_41_1,Bahraini,9f270e4f-ecf6-4385-ba5b-bffbd96bce30,Bahraini\bahraini_41_1.wav,5
egyptian_45_7,Egyptian,a7b5f8d7-195d-4c9f-913f-c36c89767da2,Egyptian\egyptian_45_7.wav,5
palestinian_46_2,Palestinian,078338c4-7788-4371-95d4-1bbe45021113,Palestinian\palestinian_46_2.wav,5
saudi_48_8,Saudi,f801687c-36a9-481b-85df-4e2749e6e2f1,Saudi\saudi_48_8.wav,5
iraqi_58_8,Iraqi,08c8cb6d-1dc5-4bdb-b383-76456ee3f553,Iraqi\iraqi_58_8.wav,5
iraqi_32_6,Iraqi,08c8cb6d-1dc5-4bdb-b383-76456ee3f553,Iraqi\iraqi_32_6.wav,5
saudi_52_1,Saudi,f801687c-36a9-481b-85df-4e2749e6e2f1,Saudi\saudi_52_1.wav,5
emarati_58_2,Emarati,a64825a5-8255-4b0a-8cd2-9445029efc3e,Emarati\emarati_58_2.wav,5
emarati_32_11,Emarati,1ccf0721-94c6-4f94-bda1-a6be1fc0299a,Emarati\emarati_32_11.wav,5
saudi_29_4,Saudi,f801687c-36a9-481b-85df-4e2749e6e2f1,Saudi\saudi_29_4.wav,5
iraqi_6,Iraqi,08c8cb6d-1dc5-4bdb-b383-76456ee3f553,Iraqi\iraqi_6.wav,6
lebanese_36_5,Lebanese,353941dc-d0f3-4488-b55b-af79f20c3f4f,Lebanese\lebanese_36_5.wav,5
emarati_54_8,Emarati,55615163-1054-43e7-a808-79e782bbcd17,Emarati\emarati_54_8.wav,5
iraqi_53_7,Iraqi,08c8cb6d-1dc5-4bdb-b383-76456ee3f553,Iraqi\iraqi_53_7.wav,5
emarati_34_4,Emarati,a64825a5-8255-4b0a-8cd2-9445029efc3e,Emarati\emarati_34_4.wav,5
bahraini_57_4,Bahraini,9f270e4f-ecf6-4385-ba5b-bffbd96bce30,Bahraini\bahraini_57_4.wav,5
lebanese_54_8,Lebanese,b05e4aa7-8173-4f8b-9f23-9c70b11e13ba,Lebanese\lebanese_54_8.wav,5
lebanese_49_6,Lebanese,b05e4aa7-8173-4f8b-9f23-9c70b11e13ba,Lebanese\lebanese_49_6.wav,5
emarati_60_12,Emarati,a64825a5-8255-4b0a-8cd2-9445029efc3e,Emarati\emarati_60_12.wav,5
palestinian_27_4,Palestinian,078338c4-7788-4371-95d4-1bbe45021113,Palestinian\palestinian_27_4.wav,5
egyptian_44_4,Egyptian,3e53bfa4-d3eb-4cdb-a8d4-d771c1d5b38f,Egyptian\egyptian_44_4.wav,5
syrian_49_7,Syrian,1a15886c-76a5-4165-8bb8-dd0b4ebcb3c8,Syrian\syrian_49_7.wav,5
egyptian_23,Egyptian,a7b5f8d7-195d-4c9f-913f-c36c89767da2,Egyptian\egyptian_23.wav,8
bahraini_48_5,Bahraini,9f270e4f-ecf6-4385-ba5b-bffbd96bce30,Bahraini\bahraini_48_5.wav,5
syrian_29_6,Syrian,f920ed33-e733-4635-96f5-24d08df84644,Syrian\syrian_29_6.wav,5
palestinian_24_6,Palestinian,79ade34b-27e7-4176-96bf-e3bf764d8e29,Palestinian\palestinian_24_6.wav,5
saudi_51_9,Saudi,f801687c-36a9-481b-85df-4e2749e6e2f1,Saudi\saudi_51_9.wav,5
iraqi_47_1,Iraqi,08c8cb6d-1dc5-4bdb-b383-76456ee3f553,Iraqi\iraqi_47_1.wav,5
saudi_56_9,Saudi,9d2643e4-4785-43e7-961a-20a8d2cbfc33,Saudi\saudi_56_9.wav,5
jordanian_59_1,Jordanian,c33d69ff-d62e-490d-8d02-4a5604aa31ee,Jordanian\jordanian_59_1.wav,5
lebanese_38_9,Lebanese,353941dc-d0f3-4488-b55b-af79f20c3f4f,Lebanese\lebanese_38_9.wav,5
lebanese_33_11,Lebanese,b05e4aa7-8173-4f8b-9f23-9c70b11e13ba,Lebanese\lebanese_33_11.wav,5
palestinian_48_10,Palestinian,9b681127-7a73-4682-bfa1-8a591f704525,Palestinian\palestinian_48_10.wav,5
jordanian_48_1,Jordanian,1c01e308-611e-444e-af08-4434c0922252,Jordanian\jordanian_48_1.wav,5
iraqi_40_4,Iraqi,6a7cbf3a-41fc-4b9f-9a36-85696386ffdc,Iraqi\iraqi_40_4.wav,5
lebanese_55_11,Lebanese,353941dc-d0f3-4488-b55b-af79f20c3f4f,Lebanese\lebanese_55_11.wav,5
saudi_4,Saudi,f801687c-36a9-481b-85df-4e2749e6e2f1,Saudi\saudi_4.wav,7
emarati_47_4,Emarati,a64825a5-8255-4b0a-8cd2-9445029efc3e,Emarati\emarati_47_4.wav,5
emarati_63_3,Emarati,a64825a5-8255-4b0a-8cd2-9445029efc3e,Emarati\emarati_63_3.wav,5
jordanian_56_4,Jordanian,1c01e308-611e-444e-af08-4434c0922252,Jordanian\jordanian_56_4.wav,5
bahraini_56_1,Bahraini,9f270e4f-ecf6-4385-ba5b-bffbd96bce30,Bahraini\bahraini_56_1.wav,5
palestinian_29_9,Palestinian,9b681127-7a73-4682-bfa1-8a591f704525,Palestinian\palestinian_29_9.wav,5
iraqi_51_6,Iraqi,08c8cb6d-1dc5-4bdb-b383-76456ee3f553,Iraqi\iraqi_51_6.wav,5
lebanese_34_8,Lebanese,b05e4aa7-8173-4f8b-9f23-9c70b11e13ba,Lebanese\lebanese_34_8.wav,5
lebanese_42_11,Lebanese,b05e4aa7-8173-4f8b-9f23-9c70b11e13ba,Lebanese\lebanese_42_11.wav,5
lebanese_49_4,Lebanese,b05e4aa7-8173-4f8b-9f23-9c70b11e13ba,Lebanese\lebanese_49_4.wav,5
lebanese_32_7,Lebanese,b05e4aa7-8173-4f8b-9f23-9c70b11e13ba,Lebanese\lebanese_32_7.wav,5
emarati_60_1,Emarati,a64825a5-8255-4b0a-8cd2-9445029efc3e,Emarati\emarati_60_1.wav,5
egyptian_47_2,Egyptian,1ddfa984-770c-489b-b7ff-f7e855ae02ad,Egyptian\egyptian_47_2.wav,5
syrian_27_8,Syrian,1a15886c-76a5-4165-8bb8-dd0b4ebcb3c8,Syrian\syrian_27_8.wav,5
emarati_41_10,Emarati,a64825a5-8255-4b0a-8cd2-9445029efc3e,Emarati\emarati_41_10.wav,5
egyptian_24,Egyptian,3e53bfa4-d3eb-4cdb-a8d4-d771c1d5b38f,Egyptian\egyptian_24.wav,7
syrian_52_5,Syrian,f920ed33-e733-4635-96f5-24d08df84644,Syrian\syrian_52_5.wav,5
bahraini_67_4,Bahraini,9f270e4f-ecf6-4385-ba5b-bffbd96bce30,Bahraini\bahraini_67_4.wav,5
lebanese_40_7,Lebanese,b05e4aa7-8173-4f8b-9f23-9c70b11e13ba,Lebanese\lebanese_40_7.wav,5
bahraini_49_6,Bahraini,9f270e4f-ecf6-4385-ba5b-bffbd96bce30,Bahraini\bahraini_49_6.wav,5
saudi_54_7,Saudi,9d2643e4-4785-43e7-961a-20a8d2cbfc33,Saudi\saudi_54_7.wav,5
lebanese_35_1,Lebanese,b05e4aa7-8173-4f8b-9f23-9c70b11e13ba,Lebanese\lebanese_35_1.wav,5
lebanese_48_6,Lebanese,353941dc-d0f3-4488-b55b-af79f20c3f4f,Lebanese\lebanese_48_6.wav,5
lebanese_30_10,Lebanese,b05e4aa7-8173-4f8b-9f23-9c70b11e13ba,Lebanese\lebanese_30_10.wav,5
lebanese_43_9,Lebanese,353941dc-d0f3-4488-b55b-af79f20c3f4f,Lebanese\lebanese_43_9.wav,5
syrian_43_5,Syrian,f920ed33-e733-4635-96f5-24d08df84644,Syrian\syrian_43_5.wav,5
syrian_47_3,Syrian,f920ed33-e733-4635-96f5-24d08df84644,Syrian\syrian_47_3.wav,5
emarati_38_1,Emarati,55615163-1054-43e7-a808-79e782bbcd17,Emarati\emarati_38_1.wav,5
lebanese_39_8,Lebanese,353941dc-d0f3-4488-b55b-af79f20c3f4f,Lebanese\lebanese_39_8.wav,5
jordanian_57_8,Jordanian,c33d69ff-d62e-490d-8d02-4a5604aa31ee,Jordanian\jordanian_57_8.wav,5
egyptian_52_9,Egyptian,d03be981-0a70-4215-a91f-9b6230adbf01,Egyptian\egyptian_52_9.wav,5
lebanese_31_12,Lebanese,b05e4aa7-8173-4f8b-9f23-9c70b11e13ba,Lebanese\lebanese_31_12.wav,5
syrian_33_9,Syrian,1a15886c-76a5-4165-8bb8-dd0b4ebcb3c8,Syrian\syrian_33_9.wav,5
syrian_43_3,Syrian,f920ed33-e733-4635-96f5-24d08df84644,Syrian\syrian_43_3.wav,5
emarati_44_4,Emarati,6fa09f45-07c7-4451-9500-d9792b881321,Emarati\emarati_44_4.wav,5
iraqi_40_9,Iraqi,6a7cbf3a-41fc-4b9f-9a36-85696386ffdc,Iraqi\iraqi_40_9.wav,5
emarati_48_4,Emarati,1ccf0721-94c6-4f94-bda1-a6be1fc0299a,Emarati\emarati_48_4.wav,5
lebanese_41_10,Lebanese,353941dc-d0f3-4488-b55b-af79f20c3f4f,Lebanese\lebanese_41_10.wav,5
lebanese_49_11,Lebanese,b05e4aa7-8173-4f8b-9f23-9c70b11e13ba,Lebanese\lebanese_49_11.wav,5
palestinian_4,Palestinian,9b681127-7a73-4682-bfa1-8a591f704525,Palestinian\palestinian_4.wav,5
emarati_64_11,Emarati,3c249172-a61a-4a72-9375-1591b73d7ef6,Emarati\emarati_64_11.wav,5
jordanian_55_10,Jordanian,c33d69ff-d62e-490d-8d02-4a5604aa31ee,Jordanian\jordanian_55_10.wav,5
jordanian_52_1,Jordanian,1c01e308-611e-444e-af08-4434c0922252,Jordanian\jordanian_52_1.wav,5
saudi_45_8,Saudi,1d9ac0df-7ca0-4684-bd41-92d7fc3ca48c,Saudi\saudi_45_8.wav,5
jordanian_45_1,Jordanian,1c01e308-611e-444e-af08-4434c0922252,Jordanian\jordanian_45_1.wav,5
iraqi_40_11,Iraqi,6a7cbf3a-41fc-4b9f-9a36-85696386ffdc,Iraqi\iraqi_40_11.wav,5
iraqi_49_6,Iraqi,08c8cb6d-1dc5-4bdb-b383-76456ee3f553,Iraqi\iraqi_49_6.wav,5
saudi_37_1,Saudi,f801687c-36a9-481b-85df-4e2749e6e2f1,Saudi\saudi_37_1.wav,5
iraqi_55_9,Iraqi,6a7cbf3a-41fc-4b9f-9a36-85696386ffdc,Iraqi\iraqi_55_9.wav,5
jordanian_56_8,Jordanian,1c01e308-611e-444e-af08-4434c0922252,Jordanian\jordanian_56_8.wav,5
iraqi_45_7,Iraqi,08c8cb6d-1dc5-4bdb-b383-76456ee3f553,Iraqi\iraqi_45_7.wav,5
palestinian_27_9,Palestinian,078338c4-7788-4371-95d4-1bbe45021113,Palestinian\palestinian_27_9.wav,5
egyptian_45_5,Egyptian,a7b5f8d7-195d-4c9f-913f-c36c89767da2,Egyptian\egyptian_45_5.wav,5
syrian_32_10,Syrian,1a15886c-76a5-4165-8bb8-dd0b4ebcb3c8,Syrian\syrian_32_10.wav,5
iraqi_47_7,Iraqi,08c8cb6d-1dc5-4bdb-b383-76456ee3f553,Iraqi\iraqi_47_7.wav,5
syrian_41_2,Syrian,4effd2b5-7a1b-44f6-ac2a-d767d8b1d451,Syrian\syrian_41_2.wav,5
palestinian_27_6,Palestinian,078338c4-7788-4371-95d4-1bbe45021113,Palestinian\palestinian_27_6.wav,5
syrian_24_4,Syrian,f920ed33-e733-4635-96f5-24d08df84644,Syrian\syrian_24_4.wav,5
palestinian_37_4,Palestinian,e6818510-7200-46dc-9a31-296642bbdb3d,Palestinian\palestinian_37_4.wav,5
jordanian_63_6,Jordanian,c33d69ff-d62e-490d-8d02-4a5604aa31ee,Jordanian\jordanian_63_6.wav,5
emarati_55_6,Emarati,1ccf0721-94c6-4f94-bda1-a6be1fc0299a,Emarati\emarati_55_6.wav,5
egyptian_38_5,Egyptian,a7b5f8d7-195d-4c9f-913f-c36c89767da2,Egyptian\egyptian_38_5.wav,5
syrian_39_7,Syrian,f920ed33-e733-4635-96f5-24d08df84644,Syrian\syrian_39_7.wav,5
iraqi_60_7,Iraqi,6a7cbf3a-41fc-4b9f-9a36-85696386ffdc,Iraqi\iraqi_60_7.wav,5
palestinian_31_1,Palestinian,9b681127-7a73-4682-bfa1-8a591f704525,Palestinian\palestinian_31_1.wav,5
saudi_32_9,Saudi,9d2643e4-4785-43e7-961a-20a8d2cbfc33,Saudi\saudi_32_9.wav,5
saudi_59_1,Saudi,1d9ac0df-7ca0-4684-bd41-92d7fc3ca48c,Saudi\saudi_59_1.wav,5
palestinian_40_10,Palestinian,9b681127-7a73-4682-bfa1-8a591f704525,Palestinian\palestinian_40_10.wav,5
iraqi_39_1,Iraqi,08c8cb6d-1dc5-4bdb-b383-76456ee3f553,Iraqi\iraqi_39_1.wav,5
jordanian_62_3,Jordanian,1c01e308-611e-444e-af08-4434c0922252,Jordanian\jordanian_62_3.wav,5
lebanese_11,Lebanese,b05e4aa7-8173-4f8b-9f23-9c70b11e13ba,Lebanese\lebanese_11.wav,8
saudi_30_1,Saudi,6c680f29-a6ca-4624-8886-ab277cb330dc,Saudi\saudi_30_1.wav,5
egyptian_37_5,Egyptian,1ddfa984-770c-489b-b7ff-f7e855ae02ad,Egyptian\egyptian_37_5.wav,5
emarati_41_7,Emarati,a64825a5-8255-4b0a-8cd2-9445029efc3e,Emarati\emarati_41_7.wav,5
jordanian_42_7,Jordanian,1c01e308-611e-444e-af08-4434c0922252,Jordanian\jordanian_42_7.wav,5
emarati_55_7,Emarati,1ccf0721-94c6-4f94-bda1-a6be1fc0299a,Emarati\emarati_55_7.wav,5
iraqi_42_6,Iraqi,08c8cb6d-1dc5-4bdb-b383-76456ee3f553,Iraqi\iraqi_42_6.wav,5
lebanese_43_2,Lebanese,353941dc-d0f3-4488-b55b-af79f20c3f4f,Lebanese\lebanese_43_2.wav,5
emarati_40_1,Emarati,55615163-1054-43e7-a808-79e782bbcd17,Emarati\emarati_40_1.wav,5
bahraini_22,Bahraini,9f270e4f-ecf6-4385-ba5b-bffbd96bce30,Bahraini\bahraini_22.wav,5
emarati_60_8,Emarati,a64825a5-8255-4b0a-8cd2-9445029efc3e,Emarati\emarati_60_8.wav,5
emarati_31_9,Emarati,55615163-1054-43e7-a808-79e782bbcd17,Emarati\emarati_31_9.wav,5
bahraini_7,Bahraini,9f270e4f-ecf6-4385-ba5b-bffbd96bce30,Bahraini\bahraini_7.wav,5
syrian_37_2,Syrian,4effd2b5-7a1b-44f6-ac2a-d767d8b1d451,Syrian\syrian_37_2.wav,5
iraqi_34_10,Iraqi,6a7cbf3a-41fc-4b9f-9a36-85696386ffdc,Iraqi\iraqi_34_10.wav,5
lebanese_50_2,Lebanese,353941dc-d0f3-4488-b55b-af79f20c3f4f,Lebanese\lebanese_50_2.wav,5
egyptian_36_5,Egyptian,3e53bfa4-d3eb-4cdb-a8d4-d771c1d5b38f,Egyptian\egyptian_36_5.wav,5
emarati_57_2,Emarati,55615163-1054-43e7-a808-79e782bbcd17,Emarati\emarati_57_2.wav,5
lebanese_42_14,Lebanese,b05e4aa7-8173-4f8b-9f23-9c70b11e13ba,Lebanese\lebanese_42_14.wav,5
iraqi_21,Iraqi,08c8cb6d-1dc5-4bdb-b383-76456ee3f553,Iraqi\iraqi_21.wav,6
palestinian_40_1,Palestinian,9b681127-7a73-4682-bfa1-8a591f704525,Palestinian\palestinian_40_1.wav,5
saudi_26_8,Saudi,f801687c-36a9-481b-85df-4e2749e6e2f1,Saudi\saudi_26_8.wav,5
iraqi_57_6,Iraqi,08c8cb6d-1dc5-4bdb-b383-76456ee3f553,Iraqi\iraqi_57_6.wav,5
emarati_33_4,Emarati,6fa09f45-07c7-4451-9500-d9792b881321,Emarati\emarati_33_4.wav,5
emarati_58_9,Emarati,a64825a5-8255-4b0a-8cd2-9445029efc3e,Emarati\emarati_58_9.wav,5
jordanian_48_7,Jordanian,1c01e308-611e-444e-af08-4434c0922252,Jordanian\jordanian_48_7.wav,5
palestinian_28_3,Palestinian,078338c4-7788-4371-95d4-1bbe45021113,Palestinian\palestinian_28_3.wav,5
emarati_64_8,Emarati,3c249172-a61a-4a72-9375-1591b73d7ef6,Emarati\emarati_64_8.wav,5
syrian_49_12,Syrian,1a15886c-76a5-4165-8bb8-dd0b4ebcb3c8,Syrian\syrian_49_12.wav,5
jordanian_38_7,Jordanian,1c01e308-611e-444e-af08-4434c0922252,Jordanian\jordanian_38_7.wav,5
emarati_47_6,Emarati,a64825a5-8255-4b0a-8cd2-9445029efc3e,Emarati\emarati_47_6.wav,5
egyptian_61_4,Egyptian,3e53bfa4-d3eb-4cdb-a8d4-d771c1d5b38f,Egyptian\egyptian_61_4.wav,5
lebanese_57_9,Lebanese,b05e4aa7-8173-4f8b-9f23-9c70b11e13ba,Lebanese\lebanese_57_9.wav,5
palestinian_48_4,Palestinian,9b681127-7a73-4682-bfa1-8a591f704525,Palestinian\palestinian_48_4.wav,5
bahraini_43_10,Bahraini,9f270e4f-ecf6-4385-ba5b-bffbd96bce30,Bahraini\bahraini_43_10.wav,5
bahraini_62_6,Bahraini,9f270e4f-ecf6-4385-ba5b-bffbd96bce30,Bahraini\bahraini_62_6.wav,5
lebanese_33_13,Lebanese,b05e4aa7-8173-4f8b-9f23-9c70b11e13ba,Lebanese\lebanese_33_13.wav,5
saudi_38_9,Saudi,1d9ac0df-7ca0-4684-bd41-92d7fc3ca48c,Saudi\saudi_38_9.wav,5
egyptian_47_1,Egyptian,1ddfa984-770c-489b-b7ff-f7e855ae02ad,Egyptian\egyptian_47_1.wav,5
jordanian_64_3,Jordanian,c33d69ff-d62e-490d-8d02-4a5604aa31ee,Jordanian\jordanian_64_3.wav,5
bahraini_11,Bahraini,9f270e4f-ecf6-4385-ba5b-bffbd96bce30,Bahraini\bahraini_11.wav,5
bahraini_62_3,Bahraini,9f270e4f-ecf6-4385-ba5b-bffbd96bce30,Bahraini\bahraini_62_3.wav,5
jordanian_57_1,Jordanian,c33d69ff-d62e-490d-8d02-4a5604aa31ee,Jordanian\jordanian_57_1.wav,5
palestinian_36_4,Palestinian,078338c4-7788-4371-95d4-1bbe45021113,Palestinian\palestinian_36_4.wav,5
saudi_39_7,Saudi,1d9ac0df-7ca0-4684-bd41-92d7fc3ca48c,Saudi\saudi_39_7.wav,5
iraqi_34_11,Iraqi,6a7cbf3a-41fc-4b9f-9a36-85696386ffdc,Iraqi\iraqi_34_11.wav,5
palestinian_28_6,Palestinian,078338c4-7788-4371-95d4-1bbe45021113,Palestinian\palestinian_28_6.wav,5
saudi_45_5,Saudi,1d9ac0df-7ca0-4684-bd41-92d7fc3ca48c,Saudi\saudi_45_5.wav,5
iraqi_40_6,Iraqi,6a7cbf3a-41fc-4b9f-9a36-85696386ffdc,Iraqi\iraqi_40_6.wav,5
iraqi_42_9,Iraqi,08c8cb6d-1dc5-4bdb-b383-76456ee3f553,Iraqi\iraqi_42_9.wav,5
emarati_30_1,Emarati,c790ddf0-4e71-4130-ba5e-5209d0e9f24e,Emarati\emarati_30_1.wav,5
iraqi_61_5,Iraqi,08c8cb6d-1dc5-4bdb-b383-76456ee3f553,Iraqi\iraqi_61_5.wav,5
iraqi_1,Iraqi,6a7cbf3a-41fc-4b9f-9a36-85696386ffdc,Iraqi\iraqi_1.wav,5
syrian_32_7,Syrian,1a15886c-76a5-4165-8bb8-dd0b4ebcb3c8,Syrian\syrian_32_7.wav,5
emarati_17,Emarati,11358928-2d31-4b49-9f54-edca9ba2f439,Emarati\emarati_17.wav,5
syrian_36_6,Syrian,1a15886c-76a5-4165-8bb8-dd0b4ebcb3c8,Syrian\syrian_36_6.wav,5
lebanese_48_7,Lebanese,353941dc-d0f3-4488-b55b-af79f20c3f4f,Lebanese\lebanese_48_7.wav,5
jordanian_53_1,Jordanian,1c01e308-611e-444e-af08-4434c0922252,Jordanian\jordanian_53_1.wav,5
syrian_40_7,Syrian,1a15886c-76a5-4165-8bb8-dd0b4ebcb3c8,Syrian\syrian_40_7.wav,5
saudi_22,Saudi,f801687c-36a9-481b-85df-4e2749e6e2f1,Saudi\saudi_22.wav,5
egyptian_33_5,Egyptian,3e53bfa4-d3eb-4cdb-a8d4-d771c1d5b38f,Egyptian\egyptian_33_5.wav,5
saudi_35_2,Saudi,1d9ac0df-7ca0-4684-bd41-92d7fc3ca48c,Saudi\saudi_35_2.wav,5
bahraini_47_5,Bahraini,9f270e4f-ecf6-4385-ba5b-bffbd96bce30,Bahraini\bahraini_47_5.wav,5
jordanian_7,Jordanian,c33d69ff-d62e-490d-8d02-4a5604aa31ee,Jordanian\jordanian_7.wav,5
bahraini_39_5,Bahraini,9f270e4f-ecf6-4385-ba5b-bffbd96bce30,Bahraini\bahraini_39_5.wav,5
jordanian_43_1,Jordanian,c33d69ff-d62e-490d-8d02-4a5604aa31ee,Jordanian\jordanian_43_1.wav,5
syrian_32_1,Syrian,1a15886c-76a5-4165-8bb8-dd0b4ebcb3c8,Syrian\syrian_32_1.wav,5
saudi_38_7,Saudi,1d9ac0df-7ca0-4684-bd41-92d7fc3ca48c,Saudi\saudi_38_7.wav,5
jordanian_45_2,Jordanian,1c01e308-611e-444e-af08-4434c0922252,Jordanian\jordanian_45_2.wav,5
egyptian_8,Egyptian,d03be981-0a70-4215-a91f-9b6230adbf01,Egyptian\egyptian_8.wav,5
lebanese_2,Lebanese,b05e4aa7-8173-4f8b-9f23-9c70b11e13ba,Lebanese\lebanese_2.wav,7
iraqi_58_7,Iraqi,08c8cb6d-1dc5-4bdb-b383-76456ee3f553,Iraqi\iraqi_58_7.wav,5
jordanian_60_6,Jordanian,1c01e308-611e-444e-af08-4434c0922252,Jordanian\jordanian_60_6.wav,5
lebanese_56_13,Lebanese,b05e4aa7-8173-4f8b-9f23-9c70b11e13ba,Lebanese\lebanese_56_13.wav,5
saudi_53_3,Saudi,6c680f29-a6ca-4624-8886-ab277cb330dc,Saudi\saudi_53_3.wav,5
jordanian_47_5,Jordanian,c33d69ff-d62e-490d-8d02-4a5604aa31ee,Jordanian\jordanian_47_5.wav,5
saudi_51_8,Saudi,f801687c-36a9-481b-85df-4e2749e6e2f1,Saudi\saudi_51_8.wav,5
saudi_56_6,Saudi,9d2643e4-4785-43e7-961a-20a8d2cbfc33,Saudi\saudi_56_6.wav,5
syrian_23_5,Syrian,4effd2b5-7a1b-44f6-ac2a-d767d8b1d451,Syrian\syrian_23_5.wav,5
palestinian_36_9,Palestinian,078338c4-7788-4371-95d4-1bbe45021113,Palestinian\palestinian_36_9.wav,5
emarati_56_8,Emarati,1ccf0721-94c6-4f94-bda1-a6be1fc0299a,Emarati\emarati_56_8.wav,5
syrian_44_6,Syrian,4effd2b5-7a1b-44f6-ac2a-d767d8b1d451,Syrian\syrian_44_6.wav,5
saudi_34_6,Saudi,9d2643e4-4785-43e7-961a-20a8d2cbfc33,Saudi\saudi_34_6.wav,5
saudi_45_6,Saudi,1d9ac0df-7ca0-4684-bd41-92d7fc3ca48c,Saudi\saudi_45_6.wav,5
egyptian_40_10,Egyptian,a7b5f8d7-195d-4c9f-913f-c36c89767da2,Egyptian\egyptian_40_10.wav,5
palestinian_45_8,Palestinian,79ade34b-27e7-4176-96bf-e3bf764d8e29,Palestinian\palestinian_45_8.wav,5
palestinian_41_5,Palestinian,9b681127-7a73-4682-bfa1-8a591f704525,Palestinian\palestinian_41_5.wav,5
lebanese_35_10,Lebanese,b05e4aa7-8173-4f8b-9f23-9c70b11e13ba,Lebanese\lebanese_35_10.wav,5
emarati_5,Emarati,c790ddf0-4e71-4130-ba5e-5209d0e9f24e,Emarati\emarati_5.wav,6
lebanese_50_6,Lebanese,353941dc-d0f3-4488-b55b-af79f20c3f4f,Lebanese\lebanese_50_6.wav,5
iraqi_39_5,Iraqi,08c8cb6d-1dc5-4bdb-b383-76456ee3f553,Iraqi\iraqi_39_5.wav,5
lebanese_41_4,Lebanese,353941dc-d0f3-4488-b55b-af79f20c3f4f,Lebanese\lebanese_41_4.wav,5
iraqi_40_10,Iraqi,6a7cbf3a-41fc-4b9f-9a36-85696386ffdc,Iraqi\iraqi_40_10.wav,5
syrian_40_1,Syrian,1a15886c-76a5-4165-8bb8-dd0b4ebcb3c8,Syrian\syrian_40_1.wav,5
syrian_46_1,Syrian,1a15886c-76a5-4165-8bb8-dd0b4ebcb3c8,Syrian\syrian_46_1.wav,5
palestinian_47_4,Palestinian,078338c4-7788-4371-95d4-1bbe45021113,Palestinian\palestinian_47_4.wav,5
lebanese_44_13,Lebanese,b05e4aa7-8173-4f8b-9f23-9c70b11e13ba,Lebanese\lebanese_44_13.wav,5
palestinian_23_6,Palestinian,bce0d97e-d095-4f46-9208-f43a1e87b675,Palestinian\palestinian_23_6.wav,5
bahraini_56_4,Bahraini,9f270e4f-ecf6-4385-ba5b-bffbd96bce30,Bahraini\bahraini_56_4.wav,5
emarati_54_2,Emarati,55615163-1054-43e7-a808-79e782bbcd17,Emarati\emarati_54_2.wav,5
iraqi_56_2,Iraqi,08c8cb6d-1dc5-4bdb-b383-76456ee3f553,Iraqi\iraqi_56_2.wav,5
jordanian_39_10,Jordanian,c33d69ff-d62e-490d-8d02-4a5604aa31ee,Jordanian\jordanian_39_10.wav,5
emarati_42_3,Emarati,55615163-1054-43e7-a808-79e782bbcd17,Emarati\emarati_42_3.wav,5
palestinian_38_4,Palestinian,bce0d97e-d095-4f46-9208-f43a1e87b675,Palestinian\palestinian_38_4.wav,5
syrian_27_2,Syrian,1a15886c-76a5-4165-8bb8-dd0b4ebcb3c8,Syrian\syrian_27_2.wav,5
emarati_51_4,Emarati,6fa09f45-07c7-4451-9500-d9792b881321,Emarati\emarati_51_4.wav,5
saudi_45_4,Saudi,1d9ac0df-7ca0-4684-bd41-92d7fc3ca48c,Saudi\saudi_45_4.wav,5
lebanese_44_6,Lebanese,b05e4aa7-8173-4f8b-9f23-9c70b11e13ba,Lebanese\lebanese_44_6.wav,5
jordanian_49_3,Jordanian,c33d69ff-d62e-490d-8d02-4a5604aa31ee,Jordanian\jordanian_49_3.wav,5
lebanese_50_3,Lebanese,353941dc-d0f3-4488-b55b-af79f20c3f4f,Lebanese\lebanese_50_3.wav,5
palestinian_49_6,Palestinian,bce0d97e-d095-4f46-9208-f43a1e87b675,Palestinian\palestinian_49_6.wav,5
bahraini_65_2,Bahraini,9f270e4f-ecf6-4385-ba5b-bffbd96bce30,Bahraini\bahraini_65_2.wav,5
emarati_49_7,Emarati,1ccf0721-94c6-4f94-bda1-a6be1fc0299a,Emarati\emarati_49_7.wav,5
saudi_31_4,Saudi,9d2643e4-4785-43e7-961a-20a8d2cbfc33,Saudi\saudi_31_4.wav,5
emarati_55_3,Emarati,1ccf0721-94c6-4f94-bda1-a6be1fc0299a,Emarati\emarati_55_3.wav,5
saudi_30_6,Saudi,6c680f29-a6ca-4624-8886-ab277cb330dc,Saudi\saudi_30_6.wav,5
emarati_59_11,Emarati,55615163-1054-43e7-a808-79e782bbcd17,Emarati\emarati_59_11.wav,5
egyptian_50_4,Egyptian,168980c4-9093-4ac8-bae3-dfd1fda17aa3,Egyptian\egyptian_50_4.wav,5
syrian_50_4,Syrian,4effd2b5-7a1b-44f6-ac2a-d767d8b1d451,Syrian\syrian_50_4.wav,5
lebanese_39_10,Lebanese,353941dc-d0f3-4488-b55b-af79f20c3f4f,Lebanese\lebanese_39_10.wav,5
emarati_37_7,Emarati,11358928-2d31-4b49-9f54-edca9ba2f439,Emarati\emarati_37_7.wav,5
iraqi_32_9,Iraqi,08c8cb6d-1dc5-4bdb-b383-76456ee3f553,Iraqi\iraqi_32_9.wav,5
lebanese_32_10,Lebanese,b05e4aa7-8173-4f8b-9f23-9c70b11e13ba,Lebanese\lebanese_32_10.wav,5
jordanian_35_3,Jordanian,1c01e308-611e-444e-af08-4434c0922252,Jordanian\jordanian_35_3.wav,5
palestinian_45_7,Palestinian,79ade34b-27e7-4176-96bf-e3bf764d8e29,Palestinian\palestinian_45_7.wav,5
palestinian_34_4,Palestinian,e6818510-7200-46dc-9a31-296642bbdb3d,Palestinian\palestinian_34_4.wav,5
emarati_39_8,Emarati,1ccf0721-94c6-4f94-bda1-a6be1fc0299a,Emarati\emarati_39_8.wav,5
lebanese_42_8,Lebanese,b05e4aa7-8173-4f8b-9f23-9c70b11e13ba,Lebanese\lebanese_42_8.wav,5
lebanese_31_9,Lebanese,b05e4aa7-8173-4f8b-9f23-9c70b11e13ba,Lebanese\lebanese_31_9.wav,5
egyptian_55_3,Egyptian,a7b5f8d7-195d-4c9f-913f-c36c89767da2,Egyptian\egyptian_55_3.wav,5
iraqi_39_8,Iraqi,08c8cb6d-1dc5-4bdb-b383-76456ee3f553,Iraqi\iraqi_39_8.wav,5
lebanese_44_14,Lebanese,b05e4aa7-8173-4f8b-9f23-9c70b11e13ba,Lebanese\lebanese_44_14.wav,5
iraqi_52_1,Iraqi,08c8cb6d-1dc5-4bdb-b383-76456ee3f553,Iraqi\iraqi_52_1.wav,5
lebanese_50_1,Lebanese,353941dc-d0f3-4488-b55b-af79f20c3f4f,Lebanese\lebanese_50_1.wav,5
syrian_30_8,Syrian,4effd2b5-7a1b-44f6-ac2a-d767d8b1d451,Syrian\syrian_30_8.wav,5
saudi_51_5,Saudi,f801687c-36a9-481b-85df-4e2749e6e2f1,Saudi\saudi_51_5.wav,5
iraqi_49_2,Iraqi,08c8cb6d-1dc5-4bdb-b383-76456ee3f553,Iraqi\iraqi_49_2.wav,5
emarati_29_7,Emarati,c790ddf0-4e71-4130-ba5e-5209d0e9f24e,Emarati\emarati_29_7.wav,5
bahraini_59_6,Bahraini,9f270e4f-ecf6-4385-ba5b-bffbd96bce30,Bahraini\bahraini_59_6.wav,5
bahraini_50_4,Bahraini,9f270e4f-ecf6-4385-ba5b-bffbd96bce30,Bahraini\bahraini_50_4.wav,5
lebanese_31_13,Lebanese,b05e4aa7-8173-4f8b-9f23-9c70b11e13ba,Lebanese\lebanese_31_13.wav,5
palestinian_21_4,Palestinian,79ade34b-27e7-4176-96bf-e3bf764d8e29,Palestinian\palestinian_21_4.wav,5
emarati_58_5,Emarati,a64825a5-8255-4b0a-8cd2-9445029efc3e,Emarati\emarati_58_5.wav,5
lebanese_51_3,Lebanese,353941dc-d0f3-4488-b55b-af79f20c3f4f,Lebanese\lebanese_51_3.wav,5
saudi_59_3,Saudi,1d9ac0df-7ca0-4684-bd41-92d7fc3ca48c,Saudi\saudi_59_3.wav,5
egyptian_36_2,Egyptian,3e53bfa4-d3eb-4cdb-a8d4-d771c1d5b38f,Egyptian\egyptian_36_2.wav,5
lebanese_44_10,Lebanese,b05e4aa7-8173-4f8b-9f23-9c70b11e13ba,Lebanese\lebanese_44_10.wav,5
egyptian_61_1,Egyptian,3e53bfa4-d3eb-4cdb-a8d4-d771c1d5b38f,Egyptian\egyptian_61_1.wav,5
emarati_57_7,Emarati,55615163-1054-43e7-a808-79e782bbcd17,Emarati\emarati_57_7.wav,5
lebanese_37_12,Lebanese,b05e4aa7-8173-4f8b-9f23-9c70b11e13ba,Lebanese\lebanese_37_12.wav,5
lebanese_37_11,Lebanese,b05e4aa7-8173-4f8b-9f23-9c70b11e13ba,Lebanese\lebanese_37_11.wav,5
syrian_28_1,Syrian,4effd2b5-7a1b-44f6-ac2a-d767d8b1d451,Syrian\syrian_28_1.wav,5
palestinian_39_1,Palestinian,e6818510-7200-46dc-9a31-296642bbdb3d,Palestinian\palestinian_39_1.wav,5
iraqi_60_3,Iraqi,6a7cbf3a-41fc-4b9f-9a36-85696386ffdc,Iraqi\iraqi_60_3.wav,5
bahraini_56_5,Bahraini,9f270e4f-ecf6-4385-ba5b-bffbd96bce30,Bahraini\bahraini_56_5.wav,5
syrian_24_2,Syrian,f920ed33-e733-4635-96f5-24d08df84644,Syrian\syrian_24_2.wav,5
palestinian_43_1,Palestinian,bce0d97e-d095-4f46-9208-f43a1e87b675,Palestinian\palestinian_43_1.wav,5
emarati_59_10,Emarati,55615163-1054-43e7-a808-79e782bbcd17,Emarati\emarati_59_10.wav,5
iraqi_61_7,Iraqi,08c8cb6d-1dc5-4bdb-b383-76456ee3f553,Iraqi\iraqi_61_7.wav,5
bahraini_43_4,Bahraini,9f270e4f-ecf6-4385-ba5b-bffbd96bce30,Bahraini\bahraini_43_4.wav,5
jordanian_64_1,Jordanian,c33d69ff-d62e-490d-8d02-4a5604aa31ee,Jordanian\jordanian_64_1.wav,5
emarati_21,Emarati,3c249172-a61a-4a72-9375-1591b73d7ef6,Emarati\emarati_21.wav,7
jordanian_64_4,Jordanian,c33d69ff-d62e-490d-8d02-4a5604aa31ee,Jordanian\jordanian_64_4.wav,5
bahraini_38_3,Bahraini,9f270e4f-ecf6-4385-ba5b-bffbd96bce30,Bahraini\bahraini_38_3.wav,5
iraqi_52_7,Iraqi,08c8cb6d-1dc5-4bdb-b383-76456ee3f553,Iraqi\iraqi_52_7.wav,5
saudi_49_3,Saudi,1d9ac0df-7ca0-4684-bd41-92d7fc3ca48c,Saudi\saudi_49_3.wav,5
iraqi_57_3,Iraqi,08c8cb6d-1dc5-4bdb-b383-76456ee3f553,Iraqi\iraqi_57_3.wav,5
lebanese_45_4,Lebanese,b05e4aa7-8173-4f8b-9f23-9c70b11e13ba,Lebanese\lebanese_45_4.wav,5
emarati_42_5,Emarati,55615163-1054-43e7-a808-79e782bbcd17,Emarati\emarati_42_5.wav,5
emarati_4,Emarati,6fa09f45-07c7-4451-9500-d9792b881321,Emarati\emarati_4.wav,5
lebanese_43_1,Lebanese,353941dc-d0f3-4488-b55b-af79f20c3f4f,Lebanese\lebanese_43_1.wav,5
bahraini_67_7,Bahraini,9f270e4f-ecf6-4385-ba5b-bffbd96bce30,Bahraini\bahraini_67_7.wav,5
syrian_37_7,Syrian,4effd2b5-7a1b-44f6-ac2a-d767d8b1d451,Syrian\syrian_37_7.wav,5
egyptian_53_3,Egyptian,a7b5f8d7-195d-4c9f-913f-c36c89767da2,Egyptian\egyptian_53_3.wav,5
syrian_48_7,Syrian,f920ed33-e733-4635-96f5-24d08df84644,Syrian\syrian_48_7.wav,5
iraqi_26,Iraqi,6a7cbf3a-41fc-4b9f-9a36-85696386ffdc,Iraqi\iraqi_26.wav,6
egyptian_35_8,Egyptian,a7b5f8d7-195d-4c9f-913f-c36c89767da2,Egyptian\egyptian_35_8.wav,5
lebanese_30_1,Lebanese,b05e4aa7-8173-4f8b-9f23-9c70b11e13ba,Lebanese\lebanese_30_1.wav,5
egyptian_49_8,Egyptian,1ddfa984-770c-489b-b7ff-f7e855ae02ad,Egyptian\egyptian_49_8.wav,5
palestinian_25_5,Palestinian,bce0d97e-d095-4f46-9208-f43a1e87b675,Palestinian\palestinian_25_5.wav,5
palestinian_21_3,Palestinian,79ade34b-27e7-4176-96bf-e3bf764d8e29,Palestinian\palestinian_21_3.wav,5
iraqi_45_1,Iraqi,08c8cb6d-1dc5-4bdb-b383-76456ee3f553,Iraqi\iraqi_45_1.wav,5
jordanian_50_8,Jordanian,c33d69ff-d62e-490d-8d02-4a5604aa31ee,Jordanian\jordanian_50_8.wav,5
iraqi_43_4,Iraqi,08c8cb6d-1dc5-4bdb-b383-76456ee3f553,Iraqi\iraqi_43_4.wav,5
egyptian_38_8,Egyptian,a7b5f8d7-195d-4c9f-913f-c36c89767da2,Egyptian\egyptian_38_8.wav,5
emarati_50_4,Emarati,c790ddf0-4e71-4130-ba5e-5209d0e9f24e,Emarati\emarati_50_4.wav,5
egyptian_15,Egyptian,a7b5f8d7-195d-4c9f-913f-c36c89767da2,Egyptian\egyptian_15.wav,8
lebanese_46_3,Lebanese,353941dc-d0f3-4488-b55b-af79f20c3f4f,Lebanese\lebanese_46_3.wav,5
bahraini_39_10,Bahraini,9f270e4f-ecf6-4385-ba5b-bffbd96bce30,Bahraini\bahraini_39_10.wav,5
egyptian_41_2,Egyptian,3e53bfa4-d3eb-4cdb-a8d4-d771c1d5b38f,Egyptian\egyptian_41_2.wav,5
bahraini_40_1,Bahraini,9f270e4f-ecf6-4385-ba5b-bffbd96bce30,Bahraini\bahraini_40_1.wav,5
lebanese_31_1,Lebanese,b05e4aa7-8173-4f8b-9f23-9c70b11e13ba,Lebanese\lebanese_31_1.wav,5
iraqi_37_10,Iraqi,6a7cbf3a-41fc-4b9f-9a36-85696386ffdc,Iraqi\iraqi_37_10.wav,5
lebanese_32_11,Lebanese,b05e4aa7-8173-4f8b-9f23-9c70b11e13ba,Lebanese\lebanese_32_11.wav,5
egyptian_58_6,Egyptian,d03be981-0a70-4215-a91f-9b6230adbf01,Egyptian\egyptian_58_6.wav,5
saudi_48_1,Saudi,f801687c-36a9-481b-85df-4e2749e6e2f1,Saudi\saudi_48_1.wav,5
bahraini_45_6,Bahraini,9f270e4f-ecf6-4385-ba5b-bffbd96bce30,Bahraini\bahraini_45_6.wav,5
syrian_36_4,Syrian,1a15886c-76a5-4165-8bb8-dd0b4ebcb3c8,Syrian\syrian_36_4.wav,5
egyptian_44_9,Egyptian,3e53bfa4-d3eb-4cdb-a8d4-d771c1d5b38f,Egyptian\egyptian_44_9.wav,5
iraqi_43_10,Iraqi,08c8cb6d-1dc5-4bdb-b383-76456ee3f553,Iraqi\iraqi_43_10.wav,5
jordanian_55_7,Jordanian,c33d69ff-d62e-490d-8d02-4a5604aa31ee,Jordanian\jordanian_55_7.wav,5
bahraini_52_4,Bahraini,9f270e4f-ecf6-4385-ba5b-bffbd96bce30,Bahraini\bahraini_52_4.wav,5
lebanese_50_5,Lebanese,353941dc-d0f3-4488-b55b-af79f20c3f4f,Lebanese\lebanese_50_5.wav,5
bahraini_58_4,Bahraini,9f270e4f-ecf6-4385-ba5b-bffbd96bce30,Bahraini\bahraini_58_4.wav,5
lebanese_53_5,Lebanese,b05e4aa7-8173-4f8b-9f23-9c70b11e13ba,Lebanese\lebanese_53_5.wav,5
emarati_48_9,Emarati,1ccf0721-94c6-4f94-bda1-a6be1fc0299a,Emarati\emarati_48_9.wav,5
jordanian_58_1,Jordanian,c33d69ff-d62e-490d-8d02-4a5604aa31ee,Jordanian\jordanian_58_1.wav,5
egyptian_37_1,Egyptian,1ddfa984-770c-489b-b7ff-f7e855ae02ad,Egyptian\egyptian_37_1.wav,5
saudi_34_10,Saudi,9d2643e4-4785-43e7-961a-20a8d2cbfc33,Saudi\saudi_34_10.wav,5
emarati_60_7,Emarati,a64825a5-8255-4b0a-8cd2-9445029efc3e,Emarati\emarati_60_7.wav,5
emarati_48_1,Emarati,1ccf0721-94c6-4f94-bda1-a6be1fc0299a,Emarati\emarati_48_1.wav,5
emarati_42_10,Emarati,55615163-1054-43e7-a808-79e782bbcd17,Emarati\emarati_42_10.wav,5
emarati_28_2,Emarati,1ccf0721-94c6-4f94-bda1-a6be1fc0299a,Emarati\emarati_28_2.wav,5
iraqi_56_5,Iraqi,08c8cb6d-1dc5-4bdb-b383-76456ee3f553,Iraqi\iraqi_56_5.wav,5
iraqi_56_7,Iraqi,08c8cb6d-1dc5-4bdb-b383-76456ee3f553,Iraqi\iraqi_56_7.wav,5
saudi_50_5,Saudi,9d2643e4-4785-43e7-961a-20a8d2cbfc33,Saudi\saudi_50_5.wav,5
emarati_54_3,Emarati,55615163-1054-43e7-a808-79e782bbcd17,Emarati\emarati_54_3.wav,5
iraqi_32_5,Iraqi,08c8cb6d-1dc5-4bdb-b383-76456ee3f553,Iraqi\iraqi_32_5.wav,5
egyptian_31_2,Egyptian,1ddfa984-770c-489b-b7ff-f7e855ae02ad,Egyptian\egyptian_31_2.wav,5
saudi_41_11,Saudi,f801687c-36a9-481b-85df-4e2749e6e2f1,Saudi\saudi_41_11.wav,5
palestinian_41_4,Palestinian,9b681127-7a73-4682-bfa1-8a591f704525,Palestinian\palestinian_41_4.wav,5
lebanese_51_5,Lebanese,353941dc-d0f3-4488-b55b-af79f20c3f4f,Lebanese\lebanese_51_5.wav,5
bahraini_42_9,Bahraini,9f270e4f-ecf6-4385-ba5b-bffbd96bce30,Bahraini\bahraini_42_9.wav,5
lebanese_38_5,Lebanese,353941dc-d0f3-4488-b55b-af79f20c3f4f,Lebanese\lebanese_38_5.wav,5
iraqi_29,Iraqi,08c8cb6d-1dc5-4bdb-b383-76456ee3f553,Iraqi\iraqi_29.wav,8
bahraini_47_1,Bahraini,9f270e4f-ecf6-4385-ba5b-bffbd96bce30,Bahraini\bahraini_47_1.wav,5
syrian_54_1,Syrian,1a15886c-76a5-4165-8bb8-dd0b4ebcb3c8,Syrian\syrian_54_1.wav,5
jordanian_52_6,Jordanian,1c01e308-611e-444e-af08-4434c0922252,Jordanian\jordanian_52_6.wav,5
iraqi_36_9,Iraqi,08c8cb6d-1dc5-4bdb-b383-76456ee3f553,Iraqi\iraqi_36_9.wav,5
syrian_36_9,Syrian,1a15886c-76a5-4165-8bb8-dd0b4ebcb3c8,Syrian\syrian_36_9.wav,5
lebanese_35_7,Lebanese,b05e4aa7-8173-4f8b-9f23-9c70b11e13ba,Lebanese\lebanese_35_7.wav,5
palestinian_39_10,Palestinian,e6818510-7200-46dc-9a31-296642bbdb3d,Palestinian\palestinian_39_10.wav,5
emarati_51_3,Emarati,6fa09f45-07c7-4451-9500-d9792b881321,Emarati\emarati_51_3.wav,5
egyptian_32_3,Egyptian,1ddfa984-770c-489b-b7ff-f7e855ae02ad,Egyptian\egyptian_32_3.wav,5
iraqi_44_6,Iraqi,08c8cb6d-1dc5-4bdb-b383-76456ee3f553,Iraqi\iraqi_44_6.wav,5
emarati_59_9,Emarati,55615163-1054-43e7-a808-79e782bbcd17,Emarati\emarati_59_9.wav,5
egyptian_31_8,Egyptian,1ddfa984-770c-489b-b7ff-f7e855ae02ad,Egyptian\egyptian_31_8.wav,5
iraqi_57_1,Iraqi,08c8cb6d-1dc5-4bdb-b383-76456ee3f553,Iraqi\iraqi_57_1.wav,5
saudi_55_2,Saudi,6c680f29-a6ca-4624-8886-ab277cb330dc,Saudi\saudi_55_2.wav,5
jordanian_36_4,Jordanian,1c01e308-611e-444e-af08-4434c0922252,Jordanian\jordanian_36_4.wav,5
jordanian_49_2,Jordanian,c33d69ff-d62e-490d-8d02-4a5604aa31ee,Jordanian\jordanian_49_2.wav,5
egyptian_61_6,Egyptian,3e53bfa4-d3eb-4cdb-a8d4-d771c1d5b38f,Egyptian\egyptian_61_6.wav,5
egyptian_48_1,Egyptian,a7b5f8d7-195d-4c9f-913f-c36c89767da2,Egyptian\egyptian_48_1.wav,5
lebanese_49_10,Lebanese,b05e4aa7-8173-4f8b-9f23-9c70b11e13ba,Lebanese\lebanese_49_10.wav,5
lebanese_31_3,Lebanese,b05e4aa7-8173-4f8b-9f23-9c70b11e13ba,Lebanese\lebanese_31_3.wav,5
iraqi_54_5,Iraqi,08c8cb6d-1dc5-4bdb-b383-76456ee3f553,Iraqi\iraqi_54_5.wav,5
saudi_42_7,Saudi,9d2643e4-4785-43e7-961a-20a8d2cbfc33,Saudi\saudi_42_7.wav,5
saudi_12,Saudi,9d2643e4-4785-43e7-961a-20a8d2cbfc33,Saudi\saudi_12.wav,5
bahraini_62_2,Bahraini,9f270e4f-ecf6-4385-ba5b-bffbd96bce30,Bahraini\bahraini_62_2.wav,5
saudi_48_6,Saudi,f801687c-36a9-481b-85df-4e2749e6e2f1,Saudi\saudi_48_6.wav,5
egyptian_32_6,Egyptian,1ddfa984-770c-489b-b7ff-f7e855ae02ad,Egyptian\egyptian_32_6.wav,5
syrian_30_1,Syrian,4effd2b5-7a1b-44f6-ac2a-d767d8b1d451,Syrian\syrian_30_1.wav,5
palestinian_36_10,Palestinian,078338c4-7788-4371-95d4-1bbe45021113,Palestinian\palestinian_36_10.wav,5
saudi_53_4,Saudi,6c680f29-a6ca-4624-8886-ab277cb330dc,Saudi\saudi_53_4.wav,5
emarati_52_7,Emarati,1ccf0721-94c6-4f94-bda1-a6be1fc0299a,Emarati\emarati_52_7.wav,5
egyptian_32_5,Egyptian,1ddfa984-770c-489b-b7ff-f7e855ae02ad,Egyptian\egyptian_32_5.wav,5
iraqi_40_8,Iraqi,6a7cbf3a-41fc-4b9f-9a36-85696386ffdc,Iraqi\iraqi_40_8.wav,5
syrian_34_7,Syrian,1a15886c-76a5-4165-8bb8-dd0b4ebcb3c8,Syrian\syrian_34_7.wav,5
syrian_34_6,Syrian,1a15886c-76a5-4165-8bb8-dd0b4ebcb3c8,Syrian\syrian_34_6.wav,5
bahraini_55_6,Bahraini,9f270e4f-ecf6-4385-ba5b-bffbd96bce30,Bahraini\bahraini_55_6.wav,5
saudi_46_3,Saudi,f801687c-36a9-481b-85df-4e2749e6e2f1,Saudi\saudi_46_3.wav,5
iraqi_58_2,Iraqi,08c8cb6d-1dc5-4bdb-b383-76456ee3f553,Iraqi\iraqi_58_2.wav,5
egyptian_37_8,Egyptian,1ddfa984-770c-489b-b7ff-f7e855ae02ad,Egyptian\egyptian_37_8.wav,5
jordanian_51_3,Jordanian,1c01e308-611e-444e-af08-4434c0922252,Jordanian\jordanian_51_3.wav,5
saudi_5,Saudi,9d2643e4-4785-43e7-961a-20a8d2cbfc33,Saudi\saudi_5.wav,8
lebanese_33_6,Lebanese,b05e4aa7-8173-4f8b-9f23-9c70b11e13ba,Lebanese\lebanese_33_6.wav,5
bahraini_42_1,Bahraini,9f270e4f-ecf6-4385-ba5b-bffbd96bce30,Bahraini\bahraini_42_1.wav,5
syrian_43_2,Syrian,f920ed33-e733-4635-96f5-24d08df84644,Syrian\syrian_43_2.wav,5
lebanese_45_9,Lebanese,b05e4aa7-8173-4f8b-9f23-9c70b11e13ba,Lebanese\lebanese_45_9.wav,5
emarati_36_4,Emarati,a64825a5-8255-4b0a-8cd2-9445029efc3e,Emarati\emarati_36_4.wav,5
bahraini_41_2,Bahraini,9f270e4f-ecf6-4385-ba5b-bffbd96bce30,Bahraini\bahraini_41_2.wav,5
iraqi_37_3,Iraqi,6a7cbf3a-41fc-4b9f-9a36-85696386ffdc,Iraqi\iraqi_37_3.wav,5
saudi_49_9,Saudi,1d9ac0df-7ca0-4684-bd41-92d7fc3ca48c,Saudi\saudi_49_9.wav,5
palestinian_46_10,Palestinian,078338c4-7788-4371-95d4-1bbe45021113,Palestinian\palestinian_46_10.wav,5
egyptian_48_6,Egyptian,a7b5f8d7-195d-4c9f-913f-c36c89767da2,Egyptian\egyptian_48_6.wav,5
lebanese_55_6,Lebanese,353941dc-d0f3-4488-b55b-af79f20c3f4f,Lebanese\lebanese_55_6.wav,5
emarati_24,Emarati,3c249172-a61a-4a72-9375-1591b73d7ef6,Emarati\emarati_24.wav,8
emarati_47_10,Emarati,a64825a5-8255-4b0a-8cd2-9445029efc3e,Emarati\emarati_47_10.wav,5
iraqi_40_5,Iraqi,6a7cbf3a-41fc-4b9f-9a36-85696386ffdc,Iraqi\iraqi_40_5.wav,5
syrian_32_8,Syrian,1a15886c-76a5-4165-8bb8-dd0b4ebcb3c8,Syrian\syrian_32_8.wav,5
syrian_42_1,Syrian,f920ed33-e733-4635-96f5-24d08df84644,Syrian\syrian_42_1.wav,5
lebanese_38_10,Lebanese,353941dc-d0f3-4488-b55b-af79f20c3f4f,Lebanese\lebanese_38_10.wav,5
jordanian_51_9,Jordanian,1c01e308-611e-444e-af08-4434c0922252,Jordanian\jordanian_51_9.wav,5
saudi_40_8,Saudi,f801687c-36a9-481b-85df-4e2749e6e2f1,Saudi\saudi_40_8.wav,5
saudi_37_9,Saudi,f801687c-36a9-481b-85df-4e2749e6e2f1,Saudi\saudi_37_9.wav,5
syrian_49_9,Syrian,1a15886c-76a5-4165-8bb8-dd0b4ebcb3c8,Syrian\syrian_49_9.wav,5
iraqi_52_9,Iraqi,08c8cb6d-1dc5-4bdb-b383-76456ee3f553,Iraqi\iraqi_52_9.wav,5
emarati_39_5,Emarati,1ccf0721-94c6-4f94-bda1-a6be1fc0299a,Emarati\emarati_39_5.wav,5
jordanian_5,Jordanian,1c01e308-611e-444e-af08-4434c0922252,Jordanian\jordanian_5.wav,6
egyptian_45_2,Egyptian,a7b5f8d7-195d-4c9f-913f-c36c89767da2,Egyptian\egyptian_45_2.wav,5
syrian_32_11,Syrian,1a15886c-76a5-4165-8bb8-dd0b4ebcb3c8,Syrian\syrian_32_11.wav,5
egyptian_57_5,Egyptian,1ddfa984-770c-489b-b7ff-f7e855ae02ad,Egyptian\egyptian_57_5.wav,5
iraqi_49_5,Iraqi,08c8cb6d-1dc5-4bdb-b383-76456ee3f553,Iraqi\iraqi_49_5.wav,5
emarati_31_6,Emarati,55615163-1054-43e7-a808-79e782bbcd17,Emarati\emarati_31_6.wav,5
emarati_60_9,Emarati,a64825a5-8255-4b0a-8cd2-9445029efc3e,Emarati\emarati_60_9.wav,5
syrian_31_4,Syrian,1a15886c-76a5-4165-8bb8-dd0b4ebcb3c8,Syrian\syrian_31_4.wav,5
bahraini_67_2,Bahraini,9f270e4f-ecf6-4385-ba5b-bffbd96bce30,Bahraini\bahraini_67_2.wav,5
iraqi_32_7,Iraqi,08c8cb6d-1dc5-4bdb-b383-76456ee3f553,Iraqi\iraqi_32_7.wav,5
syrian_41_3,Syrian,4effd2b5-7a1b-44f6-ac2a-d767d8b1d451,Syrian\syrian_41_3.wav,5
saudi_52_4,Saudi,f801687c-36a9-481b-85df-4e2749e6e2f1,Saudi\saudi_52_4.wav,5
lebanese_56_7,Lebanese,b05e4aa7-8173-4f8b-9f23-9c70b11e13ba,Lebanese\lebanese_56_7.wav,5
saudi_36_6,Saudi,f801687c-36a9-481b-85df-4e2749e6e2f1,Saudi\saudi_36_6.wav,5
bahraini_48_7,Bahraini,9f270e4f-ecf6-4385-ba5b-bffbd96bce30,Bahraini\bahraini_48_7.wav,5
iraqi_51_4,Iraqi,08c8cb6d-1dc5-4bdb-b383-76456ee3f553,Iraqi\iraqi_51_4.wav,5
jordanian_44_5,Jordanian,c33d69ff-d62e-490d-8d02-4a5604aa31ee,Jordanian\jordanian_44_5.wav,5
syrian_26_6,Syrian,4effd2b5-7a1b-44f6-ac2a-d767d8b1d451,Syrian\syrian_26_6.wav,5
egyptian_50_6,Egyptian,168980c4-9093-4ac8-bae3-dfd1fda17aa3,Egyptian\egyptian_50_6.wav,5
emarati_51_2,Emarati,6fa09f45-07c7-4451-9500-d9792b881321,Emarati\emarati_51_2.wav,5
lebanese_33_9,Lebanese,b05e4aa7-8173-4f8b-9f23-9c70b11e13ba,Lebanese\lebanese_33_9.wav,5
emarati_61_2,Emarati,a64825a5-8255-4b0a-8cd2-9445029efc3e,Emarati\emarati_61_2.wav,5
palestinian_47_1,Palestinian,078338c4-7788-4371-95d4-1bbe45021113,Palestinian\palestinian_47_1.wav,5
iraqi_51_2,Iraqi,08c8cb6d-1dc5-4bdb-b383-76456ee3f553,Iraqi\iraqi_51_2.wav,5
saudi_43_6,Saudi,6c680f29-a6ca-4624-8886-ab277cb330dc,Saudi\saudi_43_6.wav,5
egyptian_48_5,Egyptian,a7b5f8d7-195d-4c9f-913f-c36c89767da2,Egyptian\egyptian_48_5.wav,5
syrian_28_5,Syrian,4effd2b5-7a1b-44f6-ac2a-d767d8b1d451,Syrian\syrian_28_5.wav,5
egyptian_53_9,Egyptian,a7b5f8d7-195d-4c9f-913f-c36c89767da2,Egyptian\egyptian_53_9.wav,5
lebanese_39_7,Lebanese,353941dc-d0f3-4488-b55b-af79f20c3f4f,Lebanese\lebanese_39_7.wav,5
palestinian_45_5,Palestinian,79ade34b-27e7-4176-96bf-e3bf764d8e29,Palestinian\palestinian_45_5.wav,5
emarati_63_4,Emarati,a64825a5-8255-4b0a-8cd2-9445029efc3e,Emarati\emarati_63_4.wav,5
saudi_34_5,Saudi,9d2643e4-4785-43e7-961a-20a8d2cbfc33,Saudi\saudi_34_5.wav,5
iraqi_50_5,Iraqi,6a7cbf3a-41fc-4b9f-9a36-85696386ffdc,Iraqi\iraqi_50_5.wav,5
saudi_50_1,Saudi,9d2643e4-4785-43e7-961a-20a8d2cbfc33,Saudi\saudi_50_1.wav,5
egyptian_32_2,Egyptian,1ddfa984-770c-489b-b7ff-f7e855ae02ad,Egyptian\egyptian_32_2.wav,5
lebanese_34_6,Lebanese,b05e4aa7-8173-4f8b-9f23-9c70b11e13ba,Lebanese\lebanese_34_6.wav,5
saudi_40_11,Saudi,f801687c-36a9-481b-85df-4e2749e6e2f1,Saudi\saudi_40_11.wav,5
lebanese_47_7,Lebanese,b05e4aa7-8173-4f8b-9f23-9c70b11e13ba,Lebanese\lebanese_47_7.wav,5
lebanese_40_1,Lebanese,b05e4aa7-8173-4f8b-9f23-9c70b11e13ba,Lebanese\lebanese_40_1.wav,5
emarati_38_5,Emarati,55615163-1054-43e7-a808-79e782bbcd17,Emarati\emarati_38_5.wav,5
egyptian_33_2,Egyptian,3e53bfa4-d3eb-4cdb-a8d4-d771c1d5b38f,Egyptian\egyptian_33_2.wav,5
lebanese_14,Lebanese,b05e4aa7-8173-4f8b-9f23-9c70b11e13ba,Lebanese\lebanese_14.wav,8
syrian_30_3,Syrian,4effd2b5-7a1b-44f6-ac2a-d767d8b1d451,Syrian\syrian_30_3.wav,5
palestinian_29_4,Palestinian,9b681127-7a73-4682-bfa1-8a591f704525,Palestinian\palestinian_29_4.wav,5
jordanian_53_5,Jordanian,1c01e308-611e-444e-af08-4434c0922252,Jordanian\jordanian_53_5.wav,5
saudi_49_7,Saudi,1d9ac0df-7ca0-4684-bd41-92d7fc3ca48c,Saudi\saudi_49_7.wav,5
iraqi_51_8,Iraqi,08c8cb6d-1dc5-4bdb-b383-76456ee3f553,Iraqi\iraqi_51_8.wav,5
jordanian_56_7,Jordanian,1c01e308-611e-444e-af08-4434c0922252,Jordanian\jordanian_56_7.wav,5
iraqi_59_7,Iraqi,6a7cbf3a-41fc-4b9f-9a36-85696386ffdc,Iraqi\iraqi_59_7.wav,5
syrian_39_6,Syrian,f920ed33-e733-4635-96f5-24d08df84644,Syrian\syrian_39_6.wav,5
saudi_56_10,Saudi,9d2643e4-4785-43e7-961a-20a8d2cbfc33,Saudi\saudi_56_10.wav,5
jordanian_37_5,Jordanian,c33d69ff-d62e-490d-8d02-4a5604aa31ee,Jordanian\jordanian_37_5.wav,5
lebanese_51_1,Lebanese,353941dc-d0f3-4488-b55b-af79f20c3f4f,Lebanese\lebanese_51_1.wav,5
saudi_47_7,Saudi,f801687c-36a9-481b-85df-4e2749e6e2f1,Saudi\saudi_47_7.wav,5
iraqi_46_6,Iraqi,08c8cb6d-1dc5-4bdb-b383-76456ee3f553,Iraqi\iraqi_46_6.wav,5
emarati_30_5,Emarati,c790ddf0-4e71-4130-ba5e-5209d0e9f24e,Emarati\emarati_30_5.wav,5
bahraini_57_7,Bahraini,9f270e4f-ecf6-4385-ba5b-bffbd96bce30,Bahraini\bahraini_57_7.wav,5
egyptian_48_9,Egyptian,a7b5f8d7-195d-4c9f-913f-c36c89767da2,Egyptian\egyptian_48_9.wav,5
syrian_29_2,Syrian,f920ed33-e733-4635-96f5-24d08df84644,Syrian\syrian_29_2.wav,5
lebanese_42_13,Lebanese,b05e4aa7-8173-4f8b-9f23-9c70b11e13ba,Lebanese\lebanese_42_13.wav,5
saudi_56_3,Saudi,9d2643e4-4785-43e7-961a-20a8d2cbfc33,Saudi\saudi_56_3.wav,5
iraqi_62_6,Iraqi,08c8cb6d-1dc5-4bdb-b383-76456ee3f553,Iraqi\iraqi_62_6.wav,5
egyptian_60_6,Egyptian,d03be981-0a70-4215-a91f-9b6230adbf01,Egyptian\egyptian_60_6.wav,5
jordanian_56_2,Jordanian,1c01e308-611e-444e-af08-4434c0922252,Jordanian\jordanian_56_2.wav,5
iraqi_28,Iraqi,6a7cbf3a-41fc-4b9f-9a36-85696386ffdc,Iraqi\iraqi_28.wav,6
syrian_54_3,Syrian,1a15886c-76a5-4165-8bb8-dd0b4ebcb3c8,Syrian\syrian_54_3.wav,5
saudi_27_7,Saudi,6c680f29-a6ca-4624-8886-ab277cb330dc,Saudi\saudi_27_7.wav,5
egyptian_47_7,Egyptian,1ddfa984-770c-489b-b7ff-f7e855ae02ad,Egyptian\egyptian_47_7.wav,5
saudi_34_4,Saudi,9d2643e4-4785-43e7-961a-20a8d2cbfc33,Saudi\saudi_34_4.wav,5
egyptian_43_4,Egyptian,1ddfa984-770c-489b-b7ff-f7e855ae02ad,Egyptian\egyptian_43_4.wav,5
emarati_52_2,Emarati,1ccf0721-94c6-4f94-bda1-a6be1fc0299a,Emarati\emarati_52_2.wav,5
palestinian_44_8,Palestinian,9b681127-7a73-4682-bfa1-8a591f704525,Palestinian\palestinian_44_8.wav,5
bahraini_38_4,Bahraini,9f270e4f-ecf6-4385-ba5b-bffbd96bce30,Bahraini\bahraini_38_4.wav,5
bahraini_41_7,Bahraini,9f270e4f-ecf6-4385-ba5b-bffbd96bce30,Bahraini\bahraini_41_7.wav,5
iraqi_31_1,Iraqi,08c8cb6d-1dc5-4bdb-b383-76456ee3f553,Iraqi\iraqi_31_1.wav,5
jordanian_35_4,Jordanian,1c01e308-611e-444e-af08-4434c0922252,Jordanian\jordanian_35_4.wav,5
syrian_50_8,Syrian,4effd2b5-7a1b-44f6-ac2a-d767d8b1d451,Syrian\syrian_50_8.wav,5
iraqi_62_8,Iraqi,08c8cb6d-1dc5-4bdb-b383-76456ee3f553,Iraqi\iraqi_62_8.wav,5
egyptian_52_10,Egyptian,d03be981-0a70-4215-a91f-9b6230adbf01,Egyptian\egyptian_52_10.wav,5
lebanese_42_2,Lebanese,b05e4aa7-8173-4f8b-9f23-9c70b11e13ba,Lebanese\lebanese_42_2.wav,5
syrian_54_4,Syrian,1a15886c-76a5-4165-8bb8-dd0b4ebcb3c8,Syrian\syrian_54_4.wav,5
saudi_49_4,Saudi,1d9ac0df-7ca0-4684-bd41-92d7fc3ca48c,Saudi\saudi_49_4.wav,5
bahraini_65_1,Bahraini,9f270e4f-ecf6-4385-ba5b-bffbd96bce30,Bahraini\bahraini_65_1.wav,5
palestinian_37_5,Palestinian,e6818510-7200-46dc-9a31-296642bbdb3d,Palestinian\palestinian_37_5.wav,5
emarati_64_7,Emarati,3c249172-a61a-4a72-9375-1591b73d7ef6,Emarati\emarati_64_7.wav,5
emarati_50_1,Emarati,c790ddf0-4e71-4130-ba5e-5209d0e9f24e,Emarati\emarati_50_1.wav,5
saudi_47_11,Saudi,f801687c-36a9-481b-85df-4e2749e6e2f1,Saudi\saudi_47_11.wav,5
egyptian_35_7,Egyptian,a7b5f8d7-195d-4c9f-913f-c36c89767da2,Egyptian\egyptian_35_7.wav,5
iraqi_51_3,Iraqi,08c8cb6d-1dc5-4bdb-b383-76456ee3f553,Iraqi\iraqi_51_3.wav,5
jordanian_39_4,Jordanian,c33d69ff-d62e-490d-8d02-4a5604aa31ee,Jordanian\jordanian_39_4.wav,5
saudi_48_11,Saudi,f801687c-36a9-481b-85df-4e2749e6e2f1,Saudi\saudi_48_11.wav,5
emarati_46_4,Emarati,55615163-1054-43e7-a808-79e782bbcd17,Emarati\emarati_46_4.wav,5
saudi_46_11,Saudi,f801687c-36a9-481b-85df-4e2749e6e2f1,Saudi\saudi_46_11.wav,5
jordanian_47_8,Jordanian,c33d69ff-d62e-490d-8d02-4a5604aa31ee,Jordanian\jordanian_47_8.wav,5
saudi_48_13,Saudi,f801687c-36a9-481b-85df-4e2749e6e2f1,Saudi\saudi_48_13.wav,5
saudi_44_5,Saudi,6c680f29-a6ca-4624-8886-ab277cb330dc,Saudi\saudi_44_5.wav,5
syrian_53_4,Syrian,4effd2b5-7a1b-44f6-ac2a-d767d8b1d451,Syrian\syrian_53_4.wav,5
palestinian_25_7,Palestinian,bce0d97e-d095-4f46-9208-f43a1e87b675,Palestinian\palestinian_25_7.wav,5
jordanian_36_1,Jordanian,1c01e308-611e-444e-af08-4434c0922252,Jordanian\jordanian_36_1.wav,5
emarati_10,Emarati,3c249172-a61a-4a72-9375-1591b73d7ef6,Emarati\emarati_10.wav,7
lebanese_48_3,Lebanese,353941dc-d0f3-4488-b55b-af79f20c3f4f,Lebanese\lebanese_48_3.wav,5
emarati_49_1,Emarati,1ccf0721-94c6-4f94-bda1-a6be1fc0299a,Emarati\emarati_49_1.wav,5
emarati_55_8,Emarati,1ccf0721-94c6-4f94-bda1-a6be1fc0299a,Emarati\emarati_55_8.wav,5
iraqi_46_10,Iraqi,08c8cb6d-1dc5-4bdb-b383-76456ee3f553,Iraqi\iraqi_46_10.wav,5
palestinian_31_6,Palestinian,9b681127-7a73-4682-bfa1-8a591f704525,Palestinian\palestinian_31_6.wav,5
emarati_63_12,Emarati,a64825a5-8255-4b0a-8cd2-9445029efc3e,Emarati\emarati_63_12.wav,5
syrian_35_2,Syrian,4effd2b5-7a1b-44f6-ac2a-d767d8b1d451,Syrian\syrian_35_2.wav,5
syrian_35_4,Syrian,4effd2b5-7a1b-44f6-ac2a-d767d8b1d451,Syrian\syrian_35_4.wav,5
jordanian_54_3,Jordanian,1c01e308-611e-444e-af08-4434c0922252,Jordanian\jordanian_54_3.wav,5
lebanese_55_4,Lebanese,353941dc-d0f3-4488-b55b-af79f20c3f4f,Lebanese\lebanese_55_4.wav,5
palestinian_35_6,Palestinian,078338c4-7788-4371-95d4-1bbe45021113,Palestinian\palestinian_35_6.wav,5
syrian_42_2,Syrian,f920ed33-e733-4635-96f5-24d08df84644,Syrian\syrian_42_2.wav,5
jordanian_50_3,Jordanian,c33d69ff-d62e-490d-8d02-4a5604aa31ee,Jordanian\jordanian_50_3.wav,5
saudi_28_6,Saudi,f801687c-36a9-481b-85df-4e2749e6e2f1,Saudi\saudi_28_6.wav,5
saudi_60_5,Saudi,1d9ac0df-7ca0-4684-bd41-92d7fc3ca48c,Saudi\saudi_60_5.wav,5
bahraini_64_5,Bahraini,9f270e4f-ecf6-4385-ba5b-bffbd96bce30,Bahraini\bahraini_64_5.wav,5
emarati_47_1,Emarati,a64825a5-8255-4b0a-8cd2-9445029efc3e,Emarati\emarati_47_1.wav,5
egyptian_16,Egyptian,a7b5f8d7-195d-4c9f-913f-c36c89767da2,Egyptian\egyptian_16.wav,7
iraqi_55_10,Iraqi,6a7cbf3a-41fc-4b9f-9a36-85696386ffdc,Iraqi\iraqi_55_10.wav,5
bahraini_63_5,Bahraini,9f270e4f-ecf6-4385-ba5b-bffbd96bce30,Bahraini\bahraini_63_5.wav,5
iraqi_62_10,Iraqi,08c8cb6d-1dc5-4bdb-b383-76456ee3f553,Iraqi\iraqi_62_10.wav,5
egyptian_54_4,Egyptian,1ddfa984-770c-489b-b7ff-f7e855ae02ad,Egyptian\egyptian_54_4.wav,5
emarati_62_7,Emarati,6fa09f45-07c7-4451-9500-d9792b881321,Emarati\emarati_62_7.wav,5
egyptian_52_8,Egyptian,d03be981-0a70-4215-a91f-9b6230adbf01,Egyptian\egyptian_52_8.wav,5
syrian_24_6,Syrian,f920ed33-e733-4635-96f5-24d08df84644,Syrian\syrian_24_6.wav,5
egyptian_57_2,Egyptian,1ddfa984-770c-489b-b7ff-f7e855ae02ad,Egyptian\egyptian_57_2.wav,5
egyptian_32_12,Egyptian,1ddfa984-770c-489b-b7ff-f7e855ae02ad,Egyptian\egyptian_32_12.wav,5
jordanian_41_4,Jordanian,1c01e308-611e-444e-af08-4434c0922252,Jordanian\jordanian_41_4.wav,5
jordanian_10,Jordanian,c33d69ff-d62e-490d-8d02-4a5604aa31ee,Jordanian\jordanian_10.wav,5
iraqi_48_5,Iraqi,08c8cb6d-1dc5-4bdb-b383-76456ee3f553,Iraqi\iraqi_48_5.wav,5
lebanese_53_7,Lebanese,b05e4aa7-8173-4f8b-9f23-9c70b11e13ba,Lebanese\lebanese_53_7.wav,5
lebanese_35_13,Lebanese,b05e4aa7-8173-4f8b-9f23-9c70b11e13ba,Lebanese\lebanese_35_13.wav,5
palestinian_41_3,Palestinian,9b681127-7a73-4682-bfa1-8a591f704525,Palestinian\palestinian_41_3.wav,5
syrian_38_8,Syrian,1a15886c-76a5-4165-8bb8-dd0b4ebcb3c8,Syrian\syrian_38_8.wav,5
saudi_57_5,Saudi,9d2643e4-4785-43e7-961a-20a8d2cbfc33,Saudi\saudi_57_5.wav,5
emarati_49_3,Emarati,1ccf0721-94c6-4f94-bda1-a6be1fc0299a,Emarati\emarati_49_3.wav,5
emarati_61_1,Emarati,a64825a5-8255-4b0a-8cd2-9445029efc3e,Emarati\emarati_61_1.wav,5
lebanese_53_8,Lebanese,b05e4aa7-8173-4f8b-9f23-9c70b11e13ba,Lebanese\lebanese_53_8.wav,5
jordanian_31,Jordanian,1c01e308-611e-444e-af08-4434c0922252,Jordanian\jordanian_31.wav,6
palestinian_43_2,Palestinian,bce0d97e-d095-4f46-9208-f43a1e87b675,Palestinian\palestinian_43_2.wav,5
syrian_37_3,Syrian,4effd2b5-7a1b-44f6-ac2a-d767d8b1d451,Syrian\syrian_37_3.wav,5
lebanese_41_8,Lebanese,353941dc-d0f3-4488-b55b-af79f20c3f4f,Lebanese\lebanese_41_8.wav,5
iraqi_40_3,Iraqi,6a7cbf3a-41fc-4b9f-9a36-85696386ffdc,Iraqi\iraqi_40_3.wav,5
palestinian_40_4,Palestinian,9b681127-7a73-4682-bfa1-8a591f704525,Palestinian\palestinian_40_4.wav,5
egyptian_60_9,Egyptian,d03be981-0a70-4215-a91f-9b6230adbf01,Egyptian\egyptian_60_9.wav,5
jordanian_64_5,Jordanian,c33d69ff-d62e-490d-8d02-4a5604aa31ee,Jordanian\jordanian_64_5.wav,5
saudi_55_6,Saudi,6c680f29-a6ca-4624-8886-ab277cb330dc,Saudi\saudi_55_6.wav,5
lebanese_37_13,Lebanese,b05e4aa7-8173-4f8b-9f23-9c70b11e13ba,Lebanese\lebanese_37_13.wav,5
palestinian_28_5,Palestinian,078338c4-7788-4371-95d4-1bbe45021113,Palestinian\palestinian_28_5.wav,5
saudi_48_4,Saudi,f801687c-36a9-481b-85df-4e2749e6e2f1,Saudi\saudi_48_4.wav,5
egyptian_45_1,Egyptian,a7b5f8d7-195d-4c9f-913f-c36c89767da2,Egyptian\egyptian_45_1.wav,5
palestinian_41_6,Palestinian,9b681127-7a73-4682-bfa1-8a591f704525,Palestinian\palestinian_41_6.wav,5
emarati_57_3,Emarati,55615163-1054-43e7-a808-79e782bbcd17,Emarati\emarati_57_3.wav,5
syrian_44_3,Syrian,4effd2b5-7a1b-44f6-ac2a-d767d8b1d451,Syrian\syrian_44_3.wav,5
emarati_36_10,Emarati,a64825a5-8255-4b0a-8cd2-9445029efc3e,Emarati\emarati_36_10.wav,5
jordanian_44_9,Jordanian,c33d69ff-d62e-490d-8d02-4a5604aa31ee,Jordanian\jordanian_44_9.wav,5
iraqi_52_4,Iraqi,08c8cb6d-1dc5-4bdb-b383-76456ee3f553,Iraqi\iraqi_52_4.wav,5
lebanese_37_4,Lebanese,b05e4aa7-8173-4f8b-9f23-9c70b11e13ba,Lebanese\lebanese_37_4.wav,5
iraqi_17,Iraqi,6a7cbf3a-41fc-4b9f-9a36-85696386ffdc,Iraqi\iraqi_17.wav,5
saudi_40_1,Saudi,f801687c-36a9-481b-85df-4e2749e6e2f1,Saudi\saudi_40_1.wav,5
iraqi_24,Iraqi,08c8cb6d-1dc5-4bdb-b383-76456ee3f553,Iraqi\iraqi_24.wav,6
syrian_52_2,Syrian,f920ed33-e733-4635-96f5-24d08df84644,Syrian\syrian_52_2.wav,5
emarati_25,Emarati,c790ddf0-4e71-4130-ba5e-5209d0e9f24e,Emarati\emarati_25.wav,5
iraqi_45_8,Iraqi,08c8cb6d-1dc5-4bdb-b383-76456ee3f553,Iraqi\iraqi_45_8.wav,5
syrian_33_6,Syrian,1a15886c-76a5-4165-8bb8-dd0b4ebcb3c8,Syrian\syrian_33_6.wav,5
iraqi_50_1,Iraqi,6a7cbf3a-41fc-4b9f-9a36-85696386ffdc,Iraqi\iraqi_50_1.wav,5
egyptian_56_3,Egyptian,a7b5f8d7-195d-4c9f-913f-c36c89767da2,Egyptian\egyptian_56_3.wav,5
saudi_29_6,Saudi,f801687c-36a9-481b-85df-4e2749e6e2f1,Saudi\saudi_29_6.wav,5
syrian_48_6,Syrian,f920ed33-e733-4635-96f5-24d08df84644,Syrian\syrian_48_6.wav,5
lebanese_56_12,Lebanese,b05e4aa7-8173-4f8b-9f23-9c70b11e13ba,Lebanese\lebanese_56_12.wav,5
egyptian_53_10,Egyptian,a7b5f8d7-195d-4c9f-913f-c36c89767da2,Egyptian\egyptian_53_10.wav,5
iraqi_35_7,Iraqi,6a7cbf3a-41fc-4b9f-9a36-85696386ffdc,Iraqi\iraqi_35_7.wav,5
bahraini_50_5,Bahraini,9f270e4f-ecf6-4385-ba5b-bffbd96bce30,Bahraini\bahraini_50_5.wav,5
palestinian_24_3,Palestinian,79ade34b-27e7-4176-96bf-e3bf764d8e29,Palestinian\palestinian_24_3.wav,5
egyptian_51_9,Egyptian,168980c4-9093-4ac8-bae3-dfd1fda17aa3,Egyptian\egyptian_51_9.wav,5
egyptian_58_1,Egyptian,d03be981-0a70-4215-a91f-9b6230adbf01,Egyptian\egyptian_58_1.wav,5
egyptian_10,Egyptian,1ddfa984-770c-489b-b7ff-f7e855ae02ad,Egyptian\egyptian_10.wav,6
bahraini_62_4,Bahraini,9f270e4f-ecf6-4385-ba5b-bffbd96bce30,Bahraini\bahraini_62_4.wav,5
jordanian_54_8,Jordanian,1c01e308-611e-444e-af08-4434c0922252,Jordanian\jordanian_54_8.wav,5
palestinian_46_5,Palestinian,078338c4-7788-4371-95d4-1bbe45021113,Palestinian\palestinian_46_5.wav,5
lebanese_31_10,Lebanese,b05e4aa7-8173-4f8b-9f23-9c70b11e13ba,Lebanese\lebanese_31_10.wav,5
jordanian_44_4,Jordanian,c33d69ff-d62e-490d-8d02-4a5604aa31ee,Jordanian\jordanian_44_4.wav,5
bahraini_50_1,Bahraini,9f270e4f-ecf6-4385-ba5b-bffbd96bce30,Bahraini\bahraini_50_1.wav,5
saudi_7,Saudi,f801687c-36a9-481b-85df-4e2749e6e2f1,Saudi\saudi_7.wav,8
emarati_32_4,Emarati,1ccf0721-94c6-4f94-bda1-a6be1fc0299a,Emarati\emarati_32_4.wav,5
egyptian_51_4,Egyptian,168980c4-9093-4ac8-bae3-dfd1fda17aa3,Egyptian\egyptian_51_4.wav,5
syrian_52_7,Syrian,f920ed33-e733-4635-96f5-24d08df84644,Syrian\syrian_52_7.wav,5
emarati_39_3,Emarati,1ccf0721-94c6-4f94-bda1-a6be1fc0299a,Emarati\emarati_39_3.wav,5
egyptian_33_8,Egyptian,3e53bfa4-d3eb-4cdb-a8d4-d771c1d5b38f,Egyptian\egyptian_33_8.wav,5
lebanese_33_5,Lebanese,b05e4aa7-8173-4f8b-9f23-9c70b11e13ba,Lebanese\lebanese_33_5.wav,5
palestinian_40_8,Palestinian,9b681127-7a73-4682-bfa1-8a591f704525,Palestinian\palestinian_40_8.wav,5
bahraini_54_4,Bahraini,9f270e4f-ecf6-4385-ba5b-bffbd96bce30,Bahraini\bahraini_54_4.wav,5
bahraini_47_4,Bahraini,9f270e4f-ecf6-4385-ba5b-bffbd96bce30,Bahraini\bahraini_47_4.wav,5
saudi_32_13,Saudi,9d2643e4-4785-43e7-961a-20a8d2cbfc33,Saudi\saudi_32_13.wav,5
egyptian_59_8,Egyptian,168980c4-9093-4ac8-bae3-dfd1fda17aa3,Egyptian\egyptian_59_8.wav,5
iraqi_38_2,Iraqi,08c8cb6d-1dc5-4bdb-b383-76456ee3f553,Iraqi\iraqi_38_2.wav,5
jordanian_38_2,Jordanian,1c01e308-611e-444e-af08-4434c0922252,Jordanian\jordanian_38_2.wav,5
saudi_40_9,Saudi,f801687c-36a9-481b-85df-4e2749e6e2f1,Saudi\saudi_40_9.wav,5
lebanese_48_5,Lebanese,353941dc-d0f3-4488-b55b-af79f20c3f4f,Lebanese\lebanese_48_5.wav,5
lebanese_22,Lebanese,b05e4aa7-8173-4f8b-9f23-9c70b11e13ba,Lebanese\lebanese_22.wav,7
egyptian_46_1,Egyptian,3e53bfa4-d3eb-4cdb-a8d4-d771c1d5b38f,Egyptian\egyptian_46_1.wav,5
saudi_29_1,Saudi,f801687c-36a9-481b-85df-4e2749e6e2f1,Saudi\saudi_29_1.wav,5
emarati_31_12,Emarati,55615163-1054-43e7-a808-79e782bbcd17,Emarati\emarati_31_12.wav,5
saudi_31_1,Saudi,9d2643e4-4785-43e7-961a-20a8d2cbfc33,Saudi\saudi_31_1.wav,5
bahraini_42_5,Bahraini,9f270e4f-ecf6-4385-ba5b-bffbd96bce30,Bahraini\bahraini_42_5.wav,5
bahraini_65_5,Bahraini,9f270e4f-ecf6-4385-ba5b-bffbd96bce30,Bahraini\bahraini_65_5.wav,5
egyptian_36_4,Egyptian,3e53bfa4-d3eb-4cdb-a8d4-d771c1d5b38f,Egyptian\egyptian_36_4.wav,5
palestinian_28_2,Palestinian,078338c4-7788-4371-95d4-1bbe45021113,Palestinian\palestinian_28_2.wav,5
saudi_41_12,Saudi,f801687c-36a9-481b-85df-4e2749e6e2f1,Saudi\saudi_41_12.wav,5
jordanian_58_4,Jordanian,c33d69ff-d62e-490d-8d02-4a5604aa31ee,Jordanian\jordanian_58_4.wav,5
saudi_41_2,Saudi,f801687c-36a9-481b-85df-4e2749e6e2f1,Saudi\saudi_41_2.wav,5
jordanian_36_3,Jordanian,1c01e308-611e-444e-af08-4434c0922252,Jordanian\jordanian_36_3.wav,5
iraqi_37_11,Iraqi,6a7cbf3a-41fc-4b9f-9a36-85696386ffdc,Iraqi\iraqi_37_11.wav,5
palestinian_37_10,Palestinian,e6818510-7200-46dc-9a31-296642bbdb3d,Palestinian\palestinian_37_10.wav,5
emarati_29_3,Emarati,c790ddf0-4e71-4130-ba5e-5209d0e9f24e,Emarati\emarati_29_3.wav,5
bahraini_47_9,Bahraini,9f270e4f-ecf6-4385-ba5b-bffbd96bce30,Bahraini\bahraini_47_9.wav,5
iraqi_48_1,Iraqi,08c8cb6d-1dc5-4bdb-b383-76456ee3f553,Iraqi\iraqi_48_1.wav,5
syrian_33_5,Syrian,1a15886c-76a5-4165-8bb8-dd0b4ebcb3c8,Syrian\syrian_33_5.wav,5
saudi_1,Saudi,1d9ac0df-7ca0-4684-bd41-92d7fc3ca48c,Saudi\saudi_1.wav,5
egyptian_46_5,Egyptian,3e53bfa4-d3eb-4cdb-a8d4-d771c1d5b38f,Egyptian\egyptian_46_5.wav,5
bahraini_54_1,Bahraini,9f270e4f-ecf6-4385-ba5b-bffbd96bce30,Bahraini\bahraini_54_1.wav,5
emarati_64_5,Emarati,3c249172-a61a-4a72-9375-1591b73d7ef6,Emarati\emarati_64_5.wav,5
lebanese_55_3,Lebanese,353941dc-d0f3-4488-b55b-af79f20c3f4f,Lebanese\lebanese_55_3.wav,5
jordanian_50_7,Jordanian,c33d69ff-d62e-490d-8d02-4a5604aa31ee,Jordanian\jordanian_50_7.wav,5
jordanian_50_1,Jordanian,c33d69ff-d62e-490d-8d02-4a5604aa31ee,Jordanian\jordanian_50_1.wav,5
syrian_35_5,Syrian,4effd2b5-7a1b-44f6-ac2a-d767d8b1d451,Syrian\syrian_35_5.wav,5
bahraini_60_7,Bahraini,9f270e4f-ecf6-4385-ba5b-bffbd96bce30,Bahraini\bahraini_60_7.wav,5
lebanese_31_2,Lebanese,b05e4aa7-8173-4f8b-9f23-9c70b11e13ba,Lebanese\lebanese_31_2.wav,5
emarati_45_3,Emarati,11358928-2d31-4b49-9f54-edca9ba2f439,Emarati\emarati_45_3.wav,5
bahraini_66_1,Bahraini,9f270e4f-ecf6-4385-ba5b-bffbd96bce30,Bahraini\bahraini_66_1.wav,5
syrian_46_9,Syrian,1a15886c-76a5-4165-8bb8-dd0b4ebcb3c8,Syrian\syrian_46_9.wav,5
saudi_56_5,Saudi,9d2643e4-4785-43e7-961a-20a8d2cbfc33,Saudi\saudi_56_5.wav,5
bahraini_59_1,Bahraini,9f270e4f-ecf6-4385-ba5b-bffbd96bce30,Bahraini\bahraini_59_1.wav,5
saudi_30_2,Saudi,6c680f29-a6ca-4624-8886-ab277cb330dc,Saudi\saudi_30_2.wav,5
jordanian_32,Jordanian,c33d69ff-d62e-490d-8d02-4a5604aa31ee,Jordanian\jordanian_32.wav,5
palestinian_25_8,Palestinian,bce0d97e-d095-4f46-9208-f43a1e87b675,Palestinian\palestinian_25_8.wav,5
saudi_54_3,Saudi,9d2643e4-4785-43e7-961a-20a8d2cbfc33,Saudi\saudi_54_3.wav,5
syrian_42_7,Syrian,f920ed33-e733-4635-96f5-24d08df84644,Syrian\syrian_42_7.wav,5
bahraini_55_1,Bahraini,9f270e4f-ecf6-4385-ba5b-bffbd96bce30,Bahraini\bahraini_55_1.wav,5
emarati_46_11,Emarati,55615163-1054-43e7-a808-79e782bbcd17,Emarati\emarati_46_11.wav,5
saudi_51_3,Saudi,f801687c-36a9-481b-85df-4e2749e6e2f1,Saudi\saudi_51_3.wav,5
lebanese_29,Lebanese,353941dc-d0f3-4488-b55b-af79f20c3f4f,Lebanese\lebanese_29.wav,5
egyptian_56_7,Egyptian,a7b5f8d7-195d-4c9f-913f-c36c89767da2,Egyptian\egyptian_56_7.wav,5
jordanian_60_9,Jordanian,1c01e308-611e-444e-af08-4434c0922252,Jordanian\jordanian_60_9.wav,5
jordanian_38_1,Jordanian,1c01e308-611e-444e-af08-4434c0922252,Jordanian\jordanian_38_1.wav,5
syrian_37_4,Syrian,4effd2b5-7a1b-44f6-ac2a-d767d8b1d451,Syrian\syrian_37_4.wav,5
emarati_11,Emarati,a64825a5-8255-4b0a-8cd2-9445029efc3e,Emarati\emarati_11.wav,6
iraqi_38_10,Iraqi,08c8cb6d-1dc5-4bdb-b383-76456ee3f553,Iraqi\iraqi_38_10.wav,5
iraqi_55_4,Iraqi,6a7cbf3a-41fc-4b9f-9a36-85696386ffdc,Iraqi\iraqi_55_4.wav,5
egyptian_40_3,Egyptian,a7b5f8d7-195d-4c9f-913f-c36c89767da2,Egyptian\egyptian_40_3.wav,5
emarati_33_5,Emarati,6fa09f45-07c7-4451-9500-d9792b881321,Emarati\emarati_33_5.wav,5
lebanese_50_4,Lebanese,353941dc-d0f3-4488-b55b-af79f20c3f4f,Lebanese\lebanese_50_4.wav,5
emarati_41_3,Emarati,a64825a5-8255-4b0a-8cd2-9445029efc3e,Emarati\emarati_41_3.wav,5
syrian_39_1,Syrian,f920ed33-e733-4635-96f5-24d08df84644,Syrian\syrian_39_1.wav,5
jordanian_39_9,Jordanian,c33d69ff-d62e-490d-8d02-4a5604aa31ee,Jordanian\jordanian_39_9.wav,5
jordanian_2,Jordanian,1c01e308-611e-444e-af08-4434c0922252,Jordanian\jordanian_2.wav,5
jordanian_50_5,Jordanian,c33d69ff-d62e-490d-8d02-4a5604aa31ee,Jordanian\jordanian_50_5.wav,5
egyptian_43_6,Egyptian,1ddfa984-770c-489b-b7ff-f7e855ae02ad,Egyptian\egyptian_43_6.wav,5
bahraini_40_3,Bahraini,9f270e4f-ecf6-4385-ba5b-bffbd96bce30,Bahraini\bahraini_40_3.wav,5
palestinian_39_7,Palestinian,e6818510-7200-46dc-9a31-296642bbdb3d,Palestinian\palestinian_39_7.wav,5
egyptian_55_9,Egyptian,a7b5f8d7-195d-4c9f-913f-c36c89767da2,Egyptian\egyptian_55_9.wav,5
emarati_40_5,Emarati,55615163-1054-43e7-a808-79e782bbcd17,Emarati\emarati_40_5.wav,5
saudi_50_13,Saudi,9d2643e4-4785-43e7-961a-20a8d2cbfc33,Saudi\saudi_50_13.wav,5
emarati_38_10,Emarati,55615163-1054-43e7-a808-79e782bbcd17,Emarati\emarati_38_10.wav,5
iraqi_62_1,Iraqi,08c8cb6d-1dc5-4bdb-b383-76456ee3f553,Iraqi\iraqi_62_1.wav,5
palestinian_39_3,Palestinian,e6818510-7200-46dc-9a31-296642bbdb3d,Palestinian\palestinian_39_3.wav,5
lebanese_35_8,Lebanese,b05e4aa7-8173-4f8b-9f23-9c70b11e13ba,Lebanese\lebanese_35_8.wav,5
iraqi_31_11,Iraqi,08c8cb6d-1dc5-4bdb-b383-76456ee3f553,Iraqi\iraqi_31_11.wav,5
emarati_59_4,Emarati,55615163-1054-43e7-a808-79e782bbcd17,Emarati\emarati_59_4.wav,5
bahraini_59_2,Bahraini,9f270e4f-ecf6-4385-ba5b-bffbd96bce30,Bahraini\bahraini_59_2.wav,5
jordanian_42_4,Jordanian,1c01e308-611e-444e-af08-4434c0922252,Jordanian\jordanian_42_4.wav,5
bahraini_50_3,Bahraini,9f270e4f-ecf6-4385-ba5b-bffbd96bce30,Bahraini\bahraini_50_3.wav,5
saudi_46_10,Saudi,f801687c-36a9-481b-85df-4e2749e6e2f1,Saudi\saudi_46_10.wav,5
lebanese_44_7,Lebanese,b05e4aa7-8173-4f8b-9f23-9c70b11e13ba,Lebanese\lebanese_44_7.wav,5
palestinian_23_5,Palestinian,bce0d97e-d095-4f46-9208-f43a1e87b675,Palestinian\palestinian_23_5.wav,5
saudi_37_10,Saudi,f801687c-36a9-481b-85df-4e2749e6e2f1,Saudi\saudi_37_10.wav,5
bahraini_40_5,Bahraini,9f270e4f-ecf6-4385-ba5b-bffbd96bce30,Bahraini\bahraini_40_5.wav,5
saudi_57_14,Saudi,9d2643e4-4785-43e7-961a-20a8d2cbfc33,Saudi\saudi_57_14.wav,5
emarati_45_2,Emarati,11358928-2d31-4b49-9f54-edca9ba2f439,Emarati\emarati_45_2.wav,5
saudi_17,Saudi,9d2643e4-4785-43e7-961a-20a8d2cbfc33,Saudi\saudi_17.wav,8
lebanese_41_7,Lebanese,353941dc-d0f3-4488-b55b-af79f20c3f4f,Lebanese\lebanese_41_7.wav,5
saudi_24,Saudi,1d9ac0df-7ca0-4684-bd41-92d7fc3ca48c,Saudi\saudi_24.wav,8
emarati_35_1,Emarati,c790ddf0-4e71-4130-ba5e-5209d0e9f24e,Emarati\emarati_35_1.wav,5
bahraini_67_9,Bahraini,9f270e4f-ecf6-4385-ba5b-bffbd96bce30,Bahraini\bahraini_67_9.wav,5
emarati_35_6,Emarati,c790ddf0-4e71-4130-ba5e-5209d0e9f24e,Emarati\emarati_35_6.wav,5
jordanian_59_4,Jordanian,c33d69ff-d62e-490d-8d02-4a5604aa31ee,Jordanian\jordanian_59_4.wav,5
jordanian_46_2,Jordanian,1c01e308-611e-444e-af08-4434c0922252,Jordanian\jordanian_46_2.wav,5
palestinian_9,Palestinian,e6818510-7200-46dc-9a31-296642bbdb3d,Palestinian\palestinian_9.wav,6
lebanese_41_5,Lebanese,353941dc-d0f3-4488-b55b-af79f20c3f4f,Lebanese\lebanese_41_5.wav,5
egyptian_38_4,Egyptian,a7b5f8d7-195d-4c9f-913f-c36c89767da2,Egyptian\egyptian_38_4.wav,5
saudi_33_2,Saudi,6c680f29-a6ca-4624-8886-ab277cb330dc,Saudi\saudi_33_2.wav,5
saudi_58_2,Saudi,f801687c-36a9-481b-85df-4e2749e6e2f1,Saudi\saudi_58_2.wav,5
saudi_26_4,Saudi,f801687c-36a9-481b-85df-4e2749e6e2f1,Saudi\saudi_26_4.wav,5
lebanese_56_4,Lebanese,b05e4aa7-8173-4f8b-9f23-9c70b11e13ba,Lebanese\lebanese_56_4.wav,5
saudi_3,Saudi,1d9ac0df-7ca0-4684-bd41-92d7fc3ca48c,Saudi\saudi_3.wav,6
lebanese_57_10,Lebanese,b05e4aa7-8173-4f8b-9f23-9c70b11e13ba,Lebanese\lebanese_57_10.wav,5
bahraini_55_2,Bahraini,9f270e4f-ecf6-4385-ba5b-bffbd96bce30,Bahraini\bahraini_55_2.wav,5
palestinian_40_9,Palestinian,9b681127-7a73-4682-bfa1-8a591f704525,Palestinian\palestinian_40_9.wav,5
egyptian_50_10,Egyptian,168980c4-9093-4ac8-bae3-dfd1fda17aa3,Egyptian\egyptian_50_10.wav,5
palestinian_32_6,Palestinian,bce0d97e-d095-4f46-9208-f43a1e87b675,Palestinian\palestinian_32_6.wav,5
syrian_38_3,Syrian,1a15886c-76a5-4165-8bb8-dd0b4ebcb3c8,Syrian\syrian_38_3.wav,5
saudi_57_13,Saudi,9d2643e4-4785-43e7-961a-20a8d2cbfc33,Saudi\saudi_57_13.wav,5
palestinian_31_7,Palestinian,9b681127-7a73-4682-bfa1-8a591f704525,Palestinian\palestinian_31_7.wav,5
saudi_41_5,Saudi,f801687c-36a9-481b-85df-4e2749e6e2f1,Saudi\saudi_41_5.wav,5
iraqi_9,Iraqi,08c8cb6d-1dc5-4bdb-b383-76456ee3f553,Iraqi\iraqi_9.wav,5
egyptian_39_8,Egyptian,a7b5f8d7-195d-4c9f-913f-c36c89767da2,Egyptian\egyptian_39_8.wav,5
lebanese_34_9,Lebanese,b05e4aa7-8173-4f8b-9f23-9c70b11e13ba,Lebanese\lebanese_34_9.wav,5
syrian_31_3,Syrian,1a15886c-76a5-4165-8bb8-dd0b4ebcb3c8,Syrian\syrian_31_3.wav,5
egyptian_59_6,Egyptian,168980c4-9093-4ac8-bae3-dfd1fda17aa3,Egyptian\egyptian_59_6.wav,5
jordanian_44_7,Jordanian,c33d69ff-d62e-490d-8d02-4a5604aa31ee,Jordanian\jordanian_44_7.wav,5
lebanese_28,Lebanese,353941dc-d0f3-4488-b55b-af79f20c3f4f,Lebanese\lebanese_28.wav,6
lebanese_38_6,Lebanese,353941dc-d0f3-4488-b55b-af79f20c3f4f,Lebanese\lebanese_38_6.wav,5
egyptian_58_8,Egyptian,d03be981-0a70-4215-a91f-9b6230adbf01,Egyptian\egyptian_58_8.wav,5
lebanese_44_2,Lebanese,b05e4aa7-8173-4f8b-9f23-9c70b11e13ba,Lebanese\lebanese_44_2.wav,5
egyptian_34_7,Egyptian,168980c4-9093-4ac8-bae3-dfd1fda17aa3,Egyptian\egyptian_34_7.wav,5
bahraini_61_7,Bahraini,9f270e4f-ecf6-4385-ba5b-bffbd96bce30,Bahraini\bahraini_61_7.wav,5
saudi_34_11,Saudi,9d2643e4-4785-43e7-961a-20a8d2cbfc33,Saudi\saudi_34_11.wav,5
iraqi_34_8,Iraqi,6a7cbf3a-41fc-4b9f-9a36-85696386ffdc,Iraqi\iraqi_34_8.wav,5
syrian_33_1,Syrian,1a15886c-76a5-4165-8bb8-dd0b4ebcb3c8,Syrian\syrian_33_1.wav,5
bahraini_67_8,Bahraini,9f270e4f-ecf6-4385-ba5b-bffbd96bce30,Bahraini\bahraini_67_8.wav,5
saudi_42_1,Saudi,9d2643e4-4785-43e7-961a-20a8d2cbfc33,Saudi\saudi_42_1.wav,5
saudi_56_13,Saudi,9d2643e4-4785-43e7-961a-20a8d2cbfc33,Saudi\saudi_56_13.wav,5
iraqi_36_5,Iraqi,08c8cb6d-1dc5-4bdb-b383-76456ee3f553,Iraqi\iraqi_36_5.wav,5
saudi_59_5,Saudi,1d9ac0df-7ca0-4684-bd41-92d7fc3ca48c,Saudi\saudi_59_5.wav,5
iraqi_60_5,Iraqi,6a7cbf3a-41fc-4b9f-9a36-85696386ffdc,Iraqi\iraqi_60_5.wav,5
bahraini_26,Bahraini,9f270e4f-ecf6-4385-ba5b-bffbd96bce30,Bahraini\bahraini_26.wav,5
saudi_34_7,Saudi,9d2643e4-4785-43e7-961a-20a8d2cbfc33,Saudi\saudi_34_7.wav,5
palestinian_37_6,Palestinian,e6818510-7200-46dc-9a31-296642bbdb3d,Palestinian\palestinian_37_6.wav,5
syrian_51_5,Syrian,4effd2b5-7a1b-44f6-ac2a-d767d8b1d451,Syrian\syrian_51_5.wav,5
saudi_55_3,Saudi,6c680f29-a6ca-4624-8886-ab277cb330dc,Saudi\saudi_55_3.wav,5
saudi_48_2,Saudi,f801687c-36a9-481b-85df-4e2749e6e2f1,Saudi\saudi_48_2.wav,5
iraqi_35_3,Iraqi,6a7cbf3a-41fc-4b9f-9a36-85696386ffdc,Iraqi\iraqi_35_3.wav,5
egyptian_40_9,Egyptian,a7b5f8d7-195d-4c9f-913f-c36c89767da2,Egyptian\egyptian_40_9.wav,5
syrian_40_5,Syrian,1a15886c-76a5-4165-8bb8-dd0b4ebcb3c8,Syrian\syrian_40_5.wav,5
iraqi_57_9,Iraqi,08c8cb6d-1dc5-4bdb-b383-76456ee3f553,Iraqi\iraqi_57_9.wav,5
lebanese_45_5,Lebanese,b05e4aa7-8173-4f8b-9f23-9c70b11e13ba,Lebanese\lebanese_45_5.wav,5
syrian_46_3,Syrian,1a15886c-76a5-4165-8bb8-dd0b4ebcb3c8,Syrian\syrian_46_3.wav,5
palestinian_41_9,Palestinian,9b681127-7a73-4682-bfa1-8a591f704525,Palestinian\palestinian_41_9.wav,5
emarati_41_9,Emarati,a64825a5-8255-4b0a-8cd2-9445029efc3e,Emarati\emarati_41_9.wav,5
syrian_47_2,Syrian,f920ed33-e733-4635-96f5-24d08df84644,Syrian\syrian_47_2.wav,5
saudi_54_4,Saudi,9d2643e4-4785-43e7-961a-20a8d2cbfc33,Saudi\saudi_54_4.wav,5
emarati_62_9,Emarati,6fa09f45-07c7-4451-9500-d9792b881321,Emarati\emarati_62_9.wav,5
egyptian_31_1,Egyptian,1ddfa984-770c-489b-b7ff-f7e855ae02ad,Egyptian\egyptian_31_1.wav,5
palestinian_37_1,Palestinian,e6818510-7200-46dc-9a31-296642bbdb3d,Palestinian\palestinian_37_1.wav,5
iraqi_58_4,Iraqi,08c8cb6d-1dc5-4bdb-b383-76456ee3f553,Iraqi\iraqi_58_4.wav,5
saudi_36_2,Saudi,f801687c-36a9-481b-85df-4e2749e6e2f1,Saudi\saudi_36_2.wav,5
bahraini_60_4,Bahraini,9f270e4f-ecf6-4385-ba5b-bffbd96bce30,Bahraini\bahraini_60_4.wav,5
bahraini_43_9,Bahraini,9f270e4f-ecf6-4385-ba5b-bffbd96bce30,Bahraini\bahraini_43_9.wav,5
jordanian_47_7,Jordanian,c33d69ff-d62e-490d-8d02-4a5604aa31ee,Jordanian\jordanian_47_7.wav,5
jordanian_40_3,Jordanian,c33d69ff-d62e-490d-8d02-4a5604aa31ee,Jordanian\jordanian_40_3.wav,5
jordanian_62_1,Jordanian,1c01e308-611e-444e-af08-4434c0922252,Jordanian\jordanian_62_1.wav,5
saudi_29_5,Saudi,f801687c-36a9-481b-85df-4e2749e6e2f1,Saudi\saudi_29_5.wav,5
iraqi_31_12,Iraqi,08c8cb6d-1dc5-4bdb-b383-76456ee3f553,Iraqi\iraqi_31_12.wav,5
lebanese_36_6,Lebanese,353941dc-d0f3-4488-b55b-af79f20c3f4f,Lebanese\lebanese_36_6.wav,5
lebanese_46_6,Lebanese,353941dc-d0f3-4488-b55b-af79f20c3f4f,Lebanese\lebanese_46_6.wav,5
iraqi_36_10,Iraqi,08c8cb6d-1dc5-4bdb-b383-76456ee3f553,Iraqi\iraqi_36_10.wav,5
saudi_48_10,Saudi,f801687c-36a9-481b-85df-4e2749e6e2f1,Saudi\saudi_48_10.wav,5
saudi_30_5,Saudi,6c680f29-a6ca-4624-8886-ab277cb330dc,Saudi\saudi_30_5.wav,5
lebanese_53_6,Lebanese,b05e4aa7-8173-4f8b-9f23-9c70b11e13ba,Lebanese\lebanese_53_6.wav,5
iraqi_40_1,Iraqi,6a7cbf3a-41fc-4b9f-9a36-85696386ffdc,Iraqi\iraqi_40_1.wav,5
palestinian_33_5,Palestinian,bce0d97e-d095-4f46-9208-f43a1e87b675,Palestinian\palestinian_33_5.wav,5
iraqi_33_11,Iraqi,6a7cbf3a-41fc-4b9f-9a36-85696386ffdc,Iraqi\iraqi_33_11.wav,5
emarati_31_7,Emarati,55615163-1054-43e7-a808-79e782bbcd17,Emarati\emarati_31_7.wav,5
jordanian_62_5,Jordanian,1c01e308-611e-444e-af08-4434c0922252,Jordanian\jordanian_62_5.wav,5
lebanese_32_4,Lebanese,b05e4aa7-8173-4f8b-9f23-9c70b11e13ba,Lebanese\lebanese_32_4.wav,5
egyptian_35_3,Egyptian,a7b5f8d7-195d-4c9f-913f-c36c89767da2,Egyptian\egyptian_35_3.wav,5
saudi_37_4,Saudi,f801687c-36a9-481b-85df-4e2749e6e2f1,Saudi\saudi_37_4.wav,5
lebanese_37_3,Lebanese,b05e4aa7-8173-4f8b-9f23-9c70b11e13ba,Lebanese\lebanese_37_3.wav,5
palestinian_31_3,Palestinian,9b681127-7a73-4682-bfa1-8a591f704525,Palestinian\palestinian_31_3.wav,5
saudi_57_10,Saudi,9d2643e4-4785-43e7-961a-20a8d2cbfc33,Saudi\saudi_57_10.wav,5
iraqi_59_1,Iraqi,6a7cbf3a-41fc-4b9f-9a36-85696386ffdc,Iraqi\iraqi_59_1.wav,5
jordanian_35_8,Jordanian,1c01e308-611e-444e-af08-4434c0922252,Jordanian\jordanian_35_8.wav,5
egyptian_40_6,Egyptian,a7b5f8d7-195d-4c9f-913f-c36c89767da2,Egyptian\egyptian_40_6.wav,5
emarati_45_6,Emarati,11358928-2d31-4b49-9f54-edca9ba2f439,Emarati\emarati_45_6.wav,5
bahraini_38_2,Bahraini,9f270e4f-ecf6-4385-ba5b-bffbd96bce30,Bahraini\bahraini_38_2.wav,5
emarati_60_5,Emarati,a64825a5-8255-4b0a-8cd2-9445029efc3e,Emarati\emarati_60_5.wav,5
emarati_53_3,Emarati,11358928-2d31-4b49-9f54-edca9ba2f439,Emarati\emarati_53_3.wav,5
palestinian_40_2,Palestinian,9b681127-7a73-4682-bfa1-8a591f704525,Palestinian\palestinian_40_2.wav,5
lebanese_34_2,Lebanese,b05e4aa7-8173-4f8b-9f23-9c70b11e13ba,Lebanese\lebanese_34_2.wav,5
bahraini_61_4,Bahraini,9f270e4f-ecf6-4385-ba5b-bffbd96bce30,Bahraini\bahraini_61_4.wav,5
jordanian_46_8,Jordanian,1c01e308-611e-444e-af08-4434c0922252,Jordanian\jordanian_46_8.wav,5
emarati_53_9,Emarati,11358928-2d31-4b49-9f54-edca9ba2f439,Emarati\emarati_53_9.wav,5
jordanian_11,Jordanian,1c01e308-611e-444e-af08-4434c0922252,Jordanian\jordanian_11.wav,5
syrian_48_4,Syrian,f920ed33-e733-4635-96f5-24d08df84644,Syrian\syrian_48_4.wav,5
saudi_32_12,Saudi,9d2643e4-4785-43e7-961a-20a8d2cbfc33,Saudi\saudi_32_12.wav,5
emarati_37_5,Emarati,11358928-2d31-4b49-9f54-edca9ba2f439,Emarati\emarati_37_5.wav,5
jordanian_56_1,Jordanian,1c01e308-611e-444e-af08-4434c0922252,Jordanian\jordanian_56_1.wav,5
egyptian_51_1,Egyptian,168980c4-9093-4ac8-bae3-dfd1fda17aa3,Egyptian\egyptian_51_1.wav,5
jordanian_51_2,Jordanian,1c01e308-611e-444e-af08-4434c0922252,Jordanian\jordanian_51_2.wav,5
jordanian_41_7,Jordanian,1c01e308-611e-444e-af08-4434c0922252,Jordanian\jordanian_41_7.wav,5
syrian_38_6,Syrian,1a15886c-76a5-4165-8bb8-dd0b4ebcb3c8,Syrian\syrian_38_6.wav,5
palestinian_36_7,Palestinian,078338c4-7788-4371-95d4-1bbe45021113,Palestinian\palestinian_36_7.wav,5
syrian_52_3,Syrian,f920ed33-e733-4635-96f5-24d08df84644,Syrian\syrian_52_3.wav,5
iraqi_41_7,Iraqi,08c8cb6d-1dc5-4bdb-b383-76456ee3f553,Iraqi\iraqi_41_7.wav,5
saudi_47_9,Saudi,f801687c-36a9-481b-85df-4e2749e6e2f1,Saudi\saudi_47_9.wav,5
emarati_54_9,Emarati,55615163-1054-43e7-a808-79e782bbcd17,Emarati\emarati_54_9.wav,5
egyptian_32_1,Egyptian,1ddfa984-770c-489b-b7ff-f7e855ae02ad,Egyptian\egyptian_32_1.wav,5
bahraini_51_8,Bahraini,9f270e4f-ecf6-4385-ba5b-bffbd96bce30,Bahraini\bahraini_51_8.wav,5
bahraini_44_5,Bahraini,9f270e4f-ecf6-4385-ba5b-bffbd96bce30,Bahraini\bahraini_44_5.wav,5
saudi_32_10,Saudi,9d2643e4-4785-43e7-961a-20a8d2cbfc33,Saudi\saudi_32_10.wav,5
syrian_54_6,Syrian,1a15886c-76a5-4165-8bb8-dd0b4ebcb3c8,Syrian\syrian_54_6.wav,5
jordanian_47_1,Jordanian,c33d69ff-d62e-490d-8d02-4a5604aa31ee,Jordanian\jordanian_47_1.wav,5
lebanese_48_4,Lebanese,353941dc-d0f3-4488-b55b-af79f20c3f4f,Lebanese\lebanese_48_4.wav,5
lebanese_53_3,Lebanese,b05e4aa7-8173-4f8b-9f23-9c70b11e13ba,Lebanese\lebanese_53_3.wav,5
lebanese_10,Lebanese,b05e4aa7-8173-4f8b-9f23-9c70b11e13ba,Lebanese\lebanese_10.wav,10
egyptian_55_2,Egyptian,a7b5f8d7-195d-4c9f-913f-c36c89767da2,Egyptian\egyptian_55_2.wav,5
lebanese_46_8,Lebanese,353941dc-d0f3-4488-b55b-af79f20c3f4f,Lebanese\lebanese_46_8.wav,5
saudi_42_2,Saudi,9d2643e4-4785-43e7-961a-20a8d2cbfc33,Saudi\saudi_42_2.wav,5
emarati_1,Emarati,1ccf0721-94c6-4f94-bda1-a6be1fc0299a,Emarati\emarati_1.wav,5
lebanese_46_2,Lebanese,353941dc-d0f3-4488-b55b-af79f20c3f4f,Lebanese\lebanese_46_2.wav,5
jordanian_43_2,Jordanian,c33d69ff-d62e-490d-8d02-4a5604aa31ee,Jordanian\jordanian_43_2.wav,5
saudi_33_4,Saudi,6c680f29-a6ca-4624-8886-ab277cb330dc,Saudi\saudi_33_4.wav,5
lebanese_35_5,Lebanese,b05e4aa7-8173-4f8b-9f23-9c70b11e13ba,Lebanese\lebanese_35_5.wav,5
emarati_41_2,Emarati,a64825a5-8255-4b0a-8cd2-9445029efc3e,Emarati\emarati_41_2.wav,5
bahraini_48_6,Bahraini,9f270e4f-ecf6-4385-ba5b-bffbd96bce30,Bahraini\bahraini_48_6.wav,5
saudi_35_1,Saudi,1d9ac0df-7ca0-4684-bd41-92d7fc3ca48c,Saudi\saudi_35_1.wav,5
palestinian_42_2,Palestinian,9b681127-7a73-4682-bfa1-8a591f704525,Palestinian\palestinian_42_2.wav,5
saudi_58_3,Saudi,f801687c-36a9-481b-85df-4e2749e6e2f1,Saudi\saudi_58_3.wav,5
palestinian_37_2,Palestinian,e6818510-7200-46dc-9a31-296642bbdb3d,Palestinian\palestinian_37_2.wav,5
syrian_40_2,Syrian,1a15886c-76a5-4165-8bb8-dd0b4ebcb3c8,Syrian\syrian_40_2.wav,5
bahraini_49_5,Bahraini,9f270e4f-ecf6-4385-ba5b-bffbd96bce30,Bahraini\bahraini_49_5.wav,5
bahraini_49_4,Bahraini,9f270e4f-ecf6-4385-ba5b-bffbd96bce30,Bahraini\bahraini_49_4.wav,5
syrian_50_3,Syrian,4effd2b5-7a1b-44f6-ac2a-d767d8b1d451,Syrian\syrian_50_3.wav,5
palestinian_42_3,Palestinian,9b681127-7a73-4682-bfa1-8a591f704525,Palestinian\palestinian_42_3.wav,5
saudi_54_8,Saudi,9d2643e4-4785-43e7-961a-20a8d2cbfc33,Saudi\saudi_54_8.wav,5
palestinian_47_2,Palestinian,078338c4-7788-4371-95d4-1bbe45021113,Palestinian\palestinian_47_2.wav,5
bahraini_52_5,Bahraini,9f270e4f-ecf6-4385-ba5b-bffbd96bce30,Bahraini\bahraini_52_5.wav,5
bahraini_60_6,Bahraini,9f270e4f-ecf6-4385-ba5b-bffbd96bce30,Bahraini\bahraini_60_6.wav,5
saudi_57_9,Saudi,9d2643e4-4785-43e7-961a-20a8d2cbfc33,Saudi\saudi_57_9.wav,5
palestinian_24_1,Palestinian,79ade34b-27e7-4176-96bf-e3bf764d8e29,Palestinian\palestinian_24_1.wav,5
iraqi_49_8,Iraqi,08c8cb6d-1dc5-4bdb-b383-76456ee3f553,Iraqi\iraqi_49_8.wav,5
saudi_43_7,Saudi,6c680f29-a6ca-4624-8886-ab277cb330dc,Saudi\saudi_43_7.wav,5
egyptian_38_2,Egyptian,a7b5f8d7-195d-4c9f-913f-c36c89767da2,Egyptian\egyptian_38_2.wav,5
iraqi_38_6,Iraqi,08c8cb6d-1dc5-4bdb-b383-76456ee3f553,Iraqi\iraqi_38_6.wav,5
palestinian_22_8,Palestinian,e6818510-7200-46dc-9a31-296642bbdb3d,Palestinian\palestinian_22_8.wav,5
palestinian_33_8,Palestinian,bce0d97e-d095-4f46-9208-f43a1e87b675,Palestinian\palestinian_33_8.wav,5
egyptian_40_2,Egyptian,a7b5f8d7-195d-4c9f-913f-c36c89767da2,Egyptian\egyptian_40_2.wav,5
saudi_55_8,Saudi,6c680f29-a6ca-4624-8886-ab277cb330dc,Saudi\saudi_55_8.wav,5
egyptian_44_10,Egyptian,3e53bfa4-d3eb-4cdb-a8d4-d771c1d5b38f,Egyptian\egyptian_44_10.wav,5
iraqi_51_7,Iraqi,08c8cb6d-1dc5-4bdb-b383-76456ee3f553,Iraqi\iraqi_51_7.wav,5
jordanian_35_9,Jordanian,1c01e308-611e-444e-af08-4434c0922252,Jordanian\jordanian_35_9.wav,5
iraqi_34_6,Iraqi,6a7cbf3a-41fc-4b9f-9a36-85696386ffdc,Iraqi\iraqi_34_6.wav,5
iraqi_52_10,Iraqi,08c8cb6d-1dc5-4bdb-b383-76456ee3f553,Iraqi\iraqi_52_10.wav,5
jordanian_3,Jordanian,c33d69ff-d62e-490d-8d02-4a5604aa31ee,Jordanian\jordanian_3.wav,5
saudi_36_5,Saudi,f801687c-36a9-481b-85df-4e2749e6e2f1,Saudi\saudi_36_5.wav,5
bahraini_43_6,Bahraini,9f270e4f-ecf6-4385-ba5b-bffbd96bce30,Bahraini\bahraini_43_6.wav,5
emarati_42_4,Emarati,55615163-1054-43e7-a808-79e782bbcd17,Emarati\emarati_42_4.wav,5
bahraini_65_6,Bahraini,9f270e4f-ecf6-4385-ba5b-bffbd96bce30,Bahraini\bahraini_65_6.wav,5
saudi_48_12,Saudi,f801687c-36a9-481b-85df-4e2749e6e2f1,Saudi\saudi_48_12.wav,5
bahraini_42_2,Bahraini,9f270e4f-ecf6-4385-ba5b-bffbd96bce30,Bahraini\bahraini_42_2.wav,5
emarati_59_6,Emarati,55615163-1054-43e7-a808-79e782bbcd17,Emarati\emarati_59_6.wav,5
saudi_42_11,Saudi,9d2643e4-4785-43e7-961a-20a8d2cbfc33,Saudi\saudi_42_11.wav,5
bahraini_63_1,Bahraini,9f270e4f-ecf6-4385-ba5b-bffbd96bce30,Bahraini\bahraini_63_1.wav,5
syrian_45_3,Syrian,f920ed33-e733-4635-96f5-24d08df84644,Syrian\syrian_45_3.wav,5
syrian_25_5,Syrian,4effd2b5-7a1b-44f6-ac2a-d767d8b1d451,Syrian\syrian_25_5.wav,5
palestinian_49_3,Palestinian,bce0d97e-d095-4f46-9208-f43a1e87b675,Palestinian\palestinian_49_3.wav,5
emarati_37_6,Emarati,11358928-2d31-4b49-9f54-edca9ba2f439,Emarati\emarati_37_6.wav,5
egyptian_51_6,Egyptian,168980c4-9093-4ac8-bae3-dfd1fda17aa3,Egyptian\egyptian_51_6.wav,5
syrian_41_6,Syrian,4effd2b5-7a1b-44f6-ac2a-d767d8b1d451,Syrian\syrian_41_6.wav,5
egyptian_31_4,Egyptian,1ddfa984-770c-489b-b7ff-f7e855ae02ad,Egyptian\egyptian_31_4.wav,5
syrian_48_8,Syrian,f920ed33-e733-4635-96f5-24d08df84644,Syrian\syrian_48_8.wav,5
emarati_47_3,Emarati,a64825a5-8255-4b0a-8cd2-9445029efc3e,Emarati\emarati_47_3.wav,5
jordanian_59_6,Jordanian,c33d69ff-d62e-490d-8d02-4a5604aa31ee,Jordanian\jordanian_59_6.wav,5
emarati_18,Emarati,a64825a5-8255-4b0a-8cd2-9445029efc3e,Emarati\emarati_18.wav,6
iraqi_33_7,Iraqi,6a7cbf3a-41fc-4b9f-9a36-85696386ffdc,Iraqi\iraqi_33_7.wav,5
jordanian_57_5,Jordanian,c33d69ff-d62e-490d-8d02-4a5604aa31ee,Jordanian\jordanian_57_5.wav,5
palestinian_44_9,Palestinian,9b681127-7a73-4682-bfa1-8a591f704525,Palestinian\palestinian_44_9.wav,5
egyptian_34_2,Egyptian,168980c4-9093-4ac8-bae3-dfd1fda17aa3,Egyptian\egyptian_34_2.wav,5
lebanese_40_10,Lebanese,b05e4aa7-8173-4f8b-9f23-9c70b11e13ba,Lebanese\lebanese_40_10.wav,5
palestinian_40_7,Palestinian,9b681127-7a73-4682-bfa1-8a591f704525,Palestinian\palestinian_40_7.wav,5
saudi_37_3,Saudi,f801687c-36a9-481b-85df-4e2749e6e2f1,Saudi\saudi_37_3.wav,5
emarati_64_3,Emarati,3c249172-a61a-4a72-9375-1591b73d7ef6,Emarati\emarati_64_3.wav,5
lebanese_44_12,Lebanese,b05e4aa7-8173-4f8b-9f23-9c70b11e13ba,Lebanese\lebanese_44_12.wav,5
saudi_34_8,Saudi,9d2643e4-4785-43e7-961a-20a8d2cbfc33,Saudi\saudi_34_8.wav,5
emarati_61_9,Emarati,a64825a5-8255-4b0a-8cd2-9445029efc3e,Emarati\emarati_61_9.wav,5
saudi_32_3,Saudi,9d2643e4-4785-43e7-961a-20a8d2cbfc33,Saudi\saudi_32_3.wav,5
iraqi_32_4,Iraqi,08c8cb6d-1dc5-4bdb-b383-76456ee3f553,Iraqi\iraqi_32_4.wav,5
lebanese_32_12,Lebanese,b05e4aa7-8173-4f8b-9f23-9c70b11e13ba,Lebanese\lebanese_32_12.wav,5
lebanese_56_6,Lebanese,b05e4aa7-8173-4f8b-9f23-9c70b11e13ba,Lebanese\lebanese_56_6.wav,5
iraqi_48_7,Iraqi,08c8cb6d-1dc5-4bdb-b383-76456ee3f553,Iraqi\iraqi_48_7.wav,5
emarati_32_1,Emarati,1ccf0721-94c6-4f94-bda1-a6be1fc0299a,Emarati\emarati_32_1.wav,5
palestinian_31_2,Palestinian,9b681127-7a73-4682-bfa1-8a591f704525,Palestinian\palestinian_31_2.wav,5
egyptian_43_1,Egyptian,1ddfa984-770c-489b-b7ff-f7e855ae02ad,Egyptian\egyptian_43_1.wav,5
lebanese_57_11,Lebanese,b05e4aa7-8173-4f8b-9f23-9c70b11e13ba,Lebanese\lebanese_57_11.wav,5
jordanian_46_6,Jordanian,1c01e308-611e-444e-af08-4434c0922252,Jordanian\jordanian_46_6.wav,5
iraqi_36_8,Iraqi,08c8cb6d-1dc5-4bdb-b383-76456ee3f553,Iraqi\iraqi_36_8.wav,5
emarati_34_9,Emarati,a64825a5-8255-4b0a-8cd2-9445029efc3e,Emarati\emarati_34_9.wav,5
saudi_38_1,Saudi,1d9ac0df-7ca0-4684-bd41-92d7fc3ca48c,Saudi\saudi_38_1.wav,5
iraqi_56_6,Iraqi,08c8cb6d-1dc5-4bdb-b383-76456ee3f553,Iraqi\iraqi_56_6.wav,5
emarati_44_3,Emarati,6fa09f45-07c7-4451-9500-d9792b881321,Emarati\emarati_44_3.wav,5
emarati_59_8,Emarati,55615163-1054-43e7-a808-79e782bbcd17,Emarati\emarati_59_8.wav,5
egyptian_38_6,Egyptian,a7b5f8d7-195d-4c9f-913f-c36c89767da2,Egyptian\egyptian_38_6.wav,5
egyptian_40_8,Egyptian,a7b5f8d7-195d-4c9f-913f-c36c89767da2,Egyptian\egyptian_40_8.wav,5
jordanian_60_1,Jordanian,1c01e308-611e-444e-af08-4434c0922252,Jordanian\jordanian_60_1.wav,5
bahraini_49_8,Bahraini,9f270e4f-ecf6-4385-ba5b-bffbd96bce30,Bahraini\bahraini_49_8.wav,5
bahraini_38_5,Bahraini,9f270e4f-ecf6-4385-ba5b-bffbd96bce30,Bahraini\bahraini_38_5.wav,5
syrian_35_6,Syrian,4effd2b5-7a1b-44f6-ac2a-d767d8b1d451,Syrian\syrian_35_6.wav,5
jordanian_41_3,Jordanian,1c01e308-611e-444e-af08-4434c0922252,Jordanian\jordanian_41_3.wav,5
egyptian_42_6,Egyptian,a7b5f8d7-195d-4c9f-913f-c36c89767da2,Egyptian\egyptian_42_6.wav,5
lebanese_32_8,Lebanese,b05e4aa7-8173-4f8b-9f23-9c70b11e13ba,Lebanese\lebanese_32_8.wav,5
emarati_64_2,Emarati,3c249172-a61a-4a72-9375-1591b73d7ef6,Emarati\emarati_64_2.wav,5
palestinian_40_6,Palestinian,9b681127-7a73-4682-bfa1-8a591f704525,Palestinian\palestinian_40_6.wav,5
lebanese_34_12,Lebanese,b05e4aa7-8173-4f8b-9f23-9c70b11e13ba,Lebanese\lebanese_34_12.wav,5
iraqi_36_1,Iraqi,08c8cb6d-1dc5-4bdb-b383-76456ee3f553,Iraqi\iraqi_36_1.wav,5
emarati_39_7,Emarati,1ccf0721-94c6-4f94-bda1-a6be1fc0299a,Emarati\emarati_39_7.wav,5
egyptian_43_11,Egyptian,1ddfa984-770c-489b-b7ff-f7e855ae02ad,Egyptian\egyptian_43_11.wav,5
egyptian_50_2,Egyptian,168980c4-9093-4ac8-bae3-dfd1fda17aa3,Egyptian\egyptian_50_2.wav,5
jordanian_62_2,Jordanian,1c01e308-611e-444e-af08-4434c0922252,Jordanian\jordanian_62_2.wav,5
iraqi_33_8,Iraqi,6a7cbf3a-41fc-4b9f-9a36-85696386ffdc,Iraqi\iraqi_33_8.wav,5
lebanese_36_4,Lebanese,353941dc-d0f3-4488-b55b-af79f20c3f4f,Lebanese\lebanese_36_4.wav,5
egyptian_47_8,Egyptian,1ddfa984-770c-489b-b7ff-f7e855ae02ad,Egyptian\egyptian_47_8.wav,5
egyptian_56_10,Egyptian,a7b5f8d7-195d-4c9f-913f-c36c89767da2,Egyptian\egyptian_56_10.wav,5
emarati_63_2,Emarati,a64825a5-8255-4b0a-8cd2-9445029efc3e,Emarati\emarati_63_2.wav,5
palestinian_43_9,Palestinian,bce0d97e-d095-4f46-9208-f43a1e87b675,Palestinian\palestinian_43_9.wav,5
syrian_27_6,Syrian,1a15886c-76a5-4165-8bb8-dd0b4ebcb3c8,Syrian\syrian_27_6.wav,5
bahraini_53_4,Bahraini,9f270e4f-ecf6-4385-ba5b-bffbd96bce30,Bahraini\bahraini_53_4.wav,5
jordanian_52_7,Jordanian,1c01e308-611e-444e-af08-4434c0922252,Jordanian\jordanian_52_7.wav,5
bahraini_52_3,Bahraini,9f270e4f-ecf6-4385-ba5b-bffbd96bce30,Bahraini\bahraini_52_3.wav,5
jordanian_51_8,Jordanian,1c01e308-611e-444e-af08-4434c0922252,Jordanian\jordanian_51_8.wav,5
syrian_23_8,Syrian,4effd2b5-7a1b-44f6-ac2a-d767d8b1d451,Syrian\syrian_23_8.wav,5
lebanese_44_3,Lebanese,b05e4aa7-8173-4f8b-9f23-9c70b11e13ba,Lebanese\lebanese_44_3.wav,5
saudi_43_8,Saudi,6c680f29-a6ca-4624-8886-ab277cb330dc,Saudi\saudi_43_8.wav,5
palestinian_46_1,Palestinian,078338c4-7788-4371-95d4-1bbe45021113,Palestinian\palestinian_46_1.wav,5
bahraini_65_3,Bahraini,9f270e4f-ecf6-4385-ba5b-bffbd96bce30,Bahraini\bahraini_65_3.wav,5
palestinian_23_1,Palestinian,bce0d97e-d095-4f46-9208-f43a1e87b675,Palestinian\palestinian_23_1.wav,5
saudi_46_5,Saudi,f801687c-36a9-481b-85df-4e2749e6e2f1,Saudi\saudi_46_5.wav,5
lebanese_19,Lebanese,b05e4aa7-8173-4f8b-9f23-9c70b11e13ba,Lebanese\lebanese_19.wav,6
lebanese_39_2,Lebanese,353941dc-d0f3-4488-b55b-af79f20c3f4f,Lebanese\lebanese_39_2.wav,5
emarati_52_8,Emarati,1ccf0721-94c6-4f94-bda1-a6be1fc0299a,Emarati\emarati_52_8.wav,5
emarati_59_5,Emarati,55615163-1054-43e7-a808-79e782bbcd17,Emarati\emarati_59_5.wav,5
iraqi_39_6,Iraqi,08c8cb6d-1dc5-4bdb-b383-76456ee3f553,Iraqi\iraqi_39_6.wav,5
palestinian_35_5,Palestinian,078338c4-7788-4371-95d4-1bbe45021113,Palestinian\palestinian_35_5.wav,5
saudi_39_10,Saudi,1d9ac0df-7ca0-4684-bd41-92d7fc3ca48c,Saudi\saudi_39_10.wav,5
saudi_48_5,Saudi,f801687c-36a9-481b-85df-4e2749e6e2f1,Saudi\saudi_48_5.wav,5
syrian_50_1,Syrian,4effd2b5-7a1b-44f6-ac2a-d767d8b1d451,Syrian\syrian_50_1.wav,5
iraqi_39_2,Iraqi,08c8cb6d-1dc5-4bdb-b383-76456ee3f553,Iraqi\iraqi_39_2.wav,5
syrian_25_1,Syrian,4effd2b5-7a1b-44f6-ac2a-d767d8b1d451,Syrian\syrian_25_1.wav,5
bahraini_1,Bahraini,9f270e4f-ecf6-4385-ba5b-bffbd96bce30,Bahraini\bahraini_1.wav,5
emarati_33_7,Emarati,6fa09f45-07c7-4451-9500-d9792b881321,Emarati\emarati_33_7.wav,5
iraqi_25,Iraqi,08c8cb6d-1dc5-4bdb-b383-76456ee3f553,Iraqi\iraqi_25.wav,6
palestinian_43_3,Palestinian,bce0d97e-d095-4f46-9208-f43a1e87b675,Palestinian\palestinian_43_3.wav,5
egyptian_59_4,Egyptian,168980c4-9093-4ac8-bae3-dfd1fda17aa3,Egyptian\egyptian_59_4.wav,5
saudi_50_10,Saudi,9d2643e4-4785-43e7-961a-20a8d2cbfc33,Saudi\saudi_50_10.wav,5
iraqi_33_5,Iraqi,6a7cbf3a-41fc-4b9f-9a36-85696386ffdc,Iraqi\iraqi_33_5.wav,5
lebanese_57_12,Lebanese,b05e4aa7-8173-4f8b-9f23-9c70b11e13ba,Lebanese\lebanese_57_12.wav,5
bahraini_45_9,Bahraini,9f270e4f-ecf6-4385-ba5b-bffbd96bce30,Bahraini\bahraini_45_9.wav,5
egyptian_31_9,Egyptian,1ddfa984-770c-489b-b7ff-f7e855ae02ad,Egyptian\egyptian_31_9.wav,5
saudi_49_1,Saudi,1d9ac0df-7ca0-4684-bd41-92d7fc3ca48c,Saudi\saudi_49_1.wav,5
bahraini_55_4,Bahraini,9f270e4f-ecf6-4385-ba5b-bffbd96bce30,Bahraini\bahraini_55_4.wav,5
egyptian_35_1,Egyptian,a7b5f8d7-195d-4c9f-913f-c36c89767da2,Egyptian\egyptian_35_1.wav,5
syrian_40_3,Syrian,1a15886c-76a5-4165-8bb8-dd0b4ebcb3c8,Syrian\syrian_40_3.wav,5
lebanese_35_3,Lebanese,b05e4aa7-8173-4f8b-9f23-9c70b11e13ba,Lebanese\lebanese_35_3.wav,5
egyptian_54_6,Egyptian,1ddfa984-770c-489b-b7ff-f7e855ae02ad,Egyptian\egyptian_54_6.wav,5
saudi_52_2,Saudi,f801687c-36a9-481b-85df-4e2749e6e2f1,Saudi\saudi_52_2.wav,5
iraqi_52_8,Iraqi,08c8cb6d-1dc5-4bdb-b383-76456ee3f553,Iraqi\iraqi_52_8.wav,5
emarati_42_6,Emarati,55615163-1054-43e7-a808-79e782bbcd17,Emarati\emarati_42_6.wav,5
egyptian_51_8,Egyptian,168980c4-9093-4ac8-bae3-dfd1fda17aa3,Egyptian\egyptian_51_8.wav,5
iraqi_42_1,Iraqi,08c8cb6d-1dc5-4bdb-b383-76456ee3f553,Iraqi\iraqi_42_1.wav,5
iraqi_46_1,Iraqi,08c8cb6d-1dc5-4bdb-b383-76456ee3f553,Iraqi\iraqi_46_1.wav,5
emarati_55_1,Emarati,1ccf0721-94c6-4f94-bda1-a6be1fc0299a,Emarati\emarati_55_1.wav,5
bahraini_62_1,Bahraini,9f270e4f-ecf6-4385-ba5b-bffbd96bce30,Bahraini\bahraini_62_1.wav,5
jordanian_53_3,Jordanian,1c01e308-611e-444e-af08-4434c0922252,Jordanian\jordanian_53_3.wav,5
iraqi_43_8,Iraqi,08c8cb6d-1dc5-4bdb-b383-76456ee3f553,Iraqi\iraqi_43_8.wav,5
bahraini_6,Bahraini,9f270e4f-ecf6-4385-ba5b-bffbd96bce30,Bahraini\bahraini_6.wav,5
lebanese_30_3,Lebanese,b05e4aa7-8173-4f8b-9f23-9c70b11e13ba,Lebanese\lebanese_30_3.wav,5
jordanian_35_6,Jordanian,1c01e308-611e-444e-af08-4434c0922252,Jordanian\jordanian_35_6.wav,5
emarati_54_4,Emarati,55615163-1054-43e7-a808-79e782bbcd17,Emarati\emarati_54_4.wav,5
emarati_35_3,Emarati,c790ddf0-4e71-4130-ba5e-5209d0e9f24e,Emarati\emarati_35_3.wav,5
jordanian_43_4,Jordanian,c33d69ff-d62e-490d-8d02-4a5604aa31ee,Jordanian\jordanian_43_4.wav,5
lebanese_41_1,Lebanese,353941dc-d0f3-4488-b55b-af79f20c3f4f,Lebanese\lebanese_41_1.wav,5
iraqi_16,Iraqi,08c8cb6d-1dc5-4bdb-b383-76456ee3f553,Iraqi\iraqi_16.wav,5
emarati_36_3,Emarati,a64825a5-8255-4b0a-8cd2-9445029efc3e,Emarati\emarati_36_3.wav,5
saudi_54_10,Saudi,9d2643e4-4785-43e7-961a-20a8d2cbfc33,Saudi\saudi_54_10.wav,5
emarati_58_4,Emarati,a64825a5-8255-4b0a-8cd2-9445029efc3e,Emarati\emarati_58_4.wav,5
saudi_28_10,Saudi,f801687c-36a9-481b-85df-4e2749e6e2f1,Saudi\saudi_28_10.wav,5
palestinian_42_5,Palestinian,9b681127-7a73-4682-bfa1-8a591f704525,Palestinian\palestinian_42_5.wav,5
emarati_28_4,Emarati,1ccf0721-94c6-4f94-bda1-a6be1fc0299a,Emarati\emarati_28_4.wav,5
emarati_22,Emarati,c790ddf0-4e71-4130-ba5e-5209d0e9f24e,Emarati\emarati_22.wav,5
emarati_45_10,Emarati,11358928-2d31-4b49-9f54-edca9ba2f439,Emarati\emarati_45_10.wav,5
palestinian_37_8,Palestinian,e6818510-7200-46dc-9a31-296642bbdb3d,Palestinian\palestinian_37_8.wav,5
iraqi_61_3,Iraqi,08c8cb6d-1dc5-4bdb-b383-76456ee3f553,Iraqi\iraqi_61_3.wav,5
egyptian_34_3,Egyptian,168980c4-9093-4ac8-bae3-dfd1fda17aa3,Egyptian\egyptian_34_3.wav,5
iraqi_45_2,Iraqi,08c8cb6d-1dc5-4bdb-b383-76456ee3f553,Iraqi\iraqi_45_2.wav,5
bahraini_52_1,Bahraini,9f270e4f-ecf6-4385-ba5b-bffbd96bce30,Bahraini\bahraini_52_1.wav,5
lebanese_48_1,Lebanese,353941dc-d0f3-4488-b55b-af79f20c3f4f,Lebanese\lebanese_48_1.wav,5
egyptian_56_2,Egyptian,a7b5f8d7-195d-4c9f-913f-c36c89767da2,Egyptian\egyptian_56_2.wav,5
syrian_28_4,Syrian,4effd2b5-7a1b-44f6-ac2a-d767d8b1d451,Syrian\syrian_28_4.wav,5
emarati_50_6,Emarati,c790ddf0-4e71-4130-ba5e-5209d0e9f24e,Emarati\emarati_50_6.wav,5
lebanese_46_9,Lebanese,353941dc-d0f3-4488-b55b-af79f20c3f4f,Lebanese\lebanese_46_9.wav,5
lebanese_55_7,Lebanese,353941dc-d0f3-4488-b55b-af79f20c3f4f,Lebanese\lebanese_55_7.wav,5
lebanese_42_7,Lebanese,b05e4aa7-8173-4f8b-9f23-9c70b11e13ba,Lebanese\lebanese_42_7.wav,5
egyptian_30,Egyptian,a7b5f8d7-195d-4c9f-913f-c36c89767da2,Egyptian\egyptian_30.wav,5
bahraini_58_6,Bahraini,9f270e4f-ecf6-4385-ba5b-bffbd96bce30,Bahraini\bahraini_58_6.wav,5
iraqi_49_4,Iraqi,08c8cb6d-1dc5-4bdb-b383-76456ee3f553,Iraqi\iraqi_49_4.wav,5
iraqi_31_5,Iraqi,08c8cb6d-1dc5-4bdb-b383-76456ee3f553,Iraqi\iraqi_31_5.wav,5
syrian_26_8,Syrian,4effd2b5-7a1b-44f6-ac2a-d767d8b1d451,Syrian\syrian_26_8.wav,5
lebanese_42_5,Lebanese,b05e4aa7-8173-4f8b-9f23-9c70b11e13ba,Lebanese\lebanese_42_5.wav,5
palestinian_34_10,Palestinian,e6818510-7200-46dc-9a31-296642bbdb3d,Palestinian\palestinian_34_10.wav,5
syrian_34_5,Syrian,1a15886c-76a5-4165-8bb8-dd0b4ebcb3c8,Syrian\syrian_34_5.wav,5
saudi_57_3,Saudi,9d2643e4-4785-43e7-961a-20a8d2cbfc33,Saudi\saudi_57_3.wav,5
palestinian_26_1,Palestinian,078338c4-7788-4371-95d4-1bbe45021113,Palestinian\palestinian_26_1.wav,5
palestinian_32_2,Palestinian,bce0d97e-d095-4f46-9208-f43a1e87b675,Palestinian\palestinian_32_2.wav,5
iraqi_60_2,Iraqi,6a7cbf3a-41fc-4b9f-9a36-85696386ffdc,Iraqi\iraqi_60_2.wav,5
egyptian_43_2,Egyptian,1ddfa984-770c-489b-b7ff-f7e855ae02ad,Egyptian\egyptian_43_2.wav,5
saudi_31_2,Saudi,9d2643e4-4785-43e7-961a-20a8d2cbfc33,Saudi\saudi_31_2.wav,5
saudi_37_11,Saudi,f801687c-36a9-481b-85df-4e2749e6e2f1,Saudi\saudi_37_11.wav,5
syrian_38_7,Syrian,1a15886c-76a5-4165-8bb8-dd0b4ebcb3c8,Syrian\syrian_38_7.wav,5
saudi_39_5,Saudi,1d9ac0df-7ca0-4684-bd41-92d7fc3ca48c,Saudi\saudi_39_5.wav,5
saudi_32_1,Saudi,9d2643e4-4785-43e7-961a-20a8d2cbfc33,Saudi\saudi_32_1.wav,5
emarati_45_5,Emarati,11358928-2d31-4b49-9f54-edca9ba2f439,Emarati\emarati_45_5.wav,5
emarati_40_3,Emarati,55615163-1054-43e7-a808-79e782bbcd17,Emarati\emarati_40_3.wav,5
jordanian_35_1,Jordanian,1c01e308-611e-444e-af08-4434c0922252,Jordanian\jordanian_35_1.wav,5
emarati_50_8,Emarati,c790ddf0-4e71-4130-ba5e-5209d0e9f24e,Emarati\emarati_50_8.wav,5
jordanian_36_5,Jordanian,1c01e308-611e-444e-af08-4434c0922252,Jordanian\jordanian_36_5.wav,5
lebanese_36_2,Lebanese,353941dc-d0f3-4488-b55b-af79f20c3f4f,Lebanese\lebanese_36_2.wav,5
palestinian_30_4,Palestinian,bce0d97e-d095-4f46-9208-f43a1e87b675,Palestinian\palestinian_30_4.wav,5
iraqi_34_1,Iraqi,6a7cbf3a-41fc-4b9f-9a36-85696386ffdc,Iraqi\iraqi_34_1.wav,5
syrian_42_6,Syrian,f920ed33-e733-4635-96f5-24d08df84644,Syrian\syrian_42_6.wav,5
iraqi_35_1,Iraqi,6a7cbf3a-41fc-4b9f-9a36-85696386ffdc,Iraqi\iraqi_35_1.wav,5
iraqi_52_2,Iraqi,08c8cb6d-1dc5-4bdb-b383-76456ee3f553,Iraqi\iraqi_52_2.wav,5
saudi_41_10,Saudi,f801687c-36a9-481b-85df-4e2749e6e2f1,Saudi\saudi_41_10.wav,5
lebanese_32_6,Lebanese,b05e4aa7-8173-4f8b-9f23-9c70b11e13ba,Lebanese\lebanese_32_6.wav,5
syrian_51_1,Syrian,4effd2b5-7a1b-44f6-ac2a-d767d8b1d451,Syrian\syrian_51_1.wav,5
bahraini_63_2,Bahraini,9f270e4f-ecf6-4385-ba5b-bffbd96bce30,Bahraini\bahraini_63_2.wav,5
palestinian_33_7,Palestinian,bce0d97e-d095-4f46-9208-f43a1e87b675,Palestinian\palestinian_33_7.wav,5
emarati_43_2,Emarati,a64825a5-8255-4b0a-8cd2-9445029efc3e,Emarati\emarati_43_2.wav,5
emarati_58_3,Emarati,a64825a5-8255-4b0a-8cd2-9445029efc3e,Emarati\emarati_58_3.wav,5
bahraini_56_3,Bahraini,9f270e4f-ecf6-4385-ba5b-bffbd96bce30,Bahraini\bahraini_56_3.wav,5
bahraini_42_4,Bahraini,9f270e4f-ecf6-4385-ba5b-bffbd96bce30,Bahraini\bahraini_42_4.wav,5
bahraini_41_3,Bahraini,9f270e4f-ecf6-4385-ba5b-bffbd96bce30,Bahraini\bahraini_41_3.wav,5
palestinian_40_3,Palestinian,9b681127-7a73-4682-bfa1-8a591f704525,Palestinian\palestinian_40_3.wav,5
emarati_32_7,Emarati,1ccf0721-94c6-4f94-bda1-a6be1fc0299a,Emarati\emarati_32_7.wav,5
jordanian_46_4,Jordanian,1c01e308-611e-444e-af08-4434c0922252,Jordanian\jordanian_46_4.wav,5
palestinian_25_6,Palestinian,bce0d97e-d095-4f46-9208-f43a1e87b675,Palestinian\palestinian_25_6.wav,5
lebanese_49_12,Lebanese,b05e4aa7-8173-4f8b-9f23-9c70b11e13ba,Lebanese\lebanese_49_12.wav,5
egyptian_55_8,Egyptian,a7b5f8d7-195d-4c9f-913f-c36c89767da2,Egyptian\egyptian_55_8.wav,5
lebanese_47_6,Lebanese,b05e4aa7-8173-4f8b-9f23-9c70b11e13ba,Lebanese\lebanese_47_6.wav,5
palestinian_34_3,Palestinian,e6818510-7200-46dc-9a31-296642bbdb3d,Palestinian\palestinian_34_3.wav,5
bahraini_57_1,Bahraini,9f270e4f-ecf6-4385-ba5b-bffbd96bce30,Bahraini\bahraini_57_1.wav,5
emarati_49_8,Emarati,1ccf0721-94c6-4f94-bda1-a6be1fc0299a,Emarati\emarati_49_8.wav,5
egyptian_29,Egyptian,168980c4-9093-4ac8-bae3-dfd1fda17aa3,Egyptian\egyptian_29.wav,5
egyptian_17,Egyptian,1ddfa984-770c-489b-b7ff-f7e855ae02ad,Egyptian\egyptian_17.wav,7
jordanian_24,Jordanian,1c01e308-611e-444e-af08-4434c0922252,Jordanian\jordanian_24.wav,8
lebanese_34_5,Lebanese,b05e4aa7-8173-4f8b-9f23-9c70b11e13ba,Lebanese\lebanese_34_5.wav,5
jordanian_37_8,Jordanian,c33d69ff-d62e-490d-8d02-4a5604aa31ee,Jordanian\jordanian_37_8.wav,5
syrian_31_1,Syrian,1a15886c-76a5-4165-8bb8-dd0b4ebcb3c8,Syrian\syrian_31_1.wav,5
egyptian_39_4,Egyptian,a7b5f8d7-195d-4c9f-913f-c36c89767da2,Egyptian\egyptian_39_4.wav,5
egyptian_33_4,Egyptian,3e53bfa4-d3eb-4cdb-a8d4-d771c1d5b38f,Egyptian\egyptian_33_4.wav,5
egyptian_32_8,Egyptian,1ddfa984-770c-489b-b7ff-f7e855ae02ad,Egyptian\egyptian_32_8.wav,5
iraqi_46_9,Iraqi,08c8cb6d-1dc5-4bdb-b383-76456ee3f553,Iraqi\iraqi_46_9.wav,5
egyptian_45_3,Egyptian,a7b5f8d7-195d-4c9f-913f-c36c89767da2,Egyptian\egyptian_45_3.wav,5
palestinian_41_2,Palestinian,9b681127-7a73-4682-bfa1-8a591f704525,Palestinian\palestinian_41_2.wav,5
jordanian_41_6,Jordanian,1c01e308-611e-444e-af08-4434c0922252,Jordanian\jordanian_41_6.wav,5
egyptian_61_8,Egyptian,3e53bfa4-d3eb-4cdb-a8d4-d771c1d5b38f,Egyptian\egyptian_61_8.wav,5
jordanian_52_2,Jordanian,1c01e308-611e-444e-af08-4434c0922252,Jordanian\jordanian_52_2.wav,5
egyptian_46_9,Egyptian,3e53bfa4-d3eb-4cdb-a8d4-d771c1d5b38f,Egyptian\egyptian_46_9.wav,5
bahraini_64_2,Bahraini,9f270e4f-ecf6-4385-ba5b-bffbd96bce30,Bahraini\bahraini_64_2.wav,5
bahraini_51_1,Bahraini,9f270e4f-ecf6-4385-ba5b-bffbd96bce30,Bahraini\bahraini_51_1.wav,5
jordanian_52_3,Jordanian,1c01e308-611e-444e-af08-4434c0922252,Jordanian\jordanian_52_3.wav,5
syrian_50_7,Syrian,4effd2b5-7a1b-44f6-ac2a-d767d8b1d451,Syrian\syrian_50_7.wav,5
emarati_43_5,Emarati,a64825a5-8255-4b0a-8cd2-9445029efc3e,Emarati\emarati_43_5.wav,5
lebanese_45_12,Lebanese,b05e4aa7-8173-4f8b-9f23-9c70b11e13ba,Lebanese\lebanese_45_12.wav,5
lebanese_57_13,Lebanese,b05e4aa7-8173-4f8b-9f23-9c70b11e13ba,Lebanese\lebanese_57_13.wav,5
palestinian_21_5,Palestinian,79ade34b-27e7-4176-96bf-e3bf764d8e29,Palestinian\palestinian_21_5.wav,5
iraqi_62_11,Iraqi,08c8cb6d-1dc5-4bdb-b383-76456ee3f553,Iraqi\iraqi_62_11.wav,5
saudi_50_3,Saudi,9d2643e4-4785-43e7-961a-20a8d2cbfc33,Saudi\saudi_50_3.wav,5
lebanese_31_5,Lebanese,b05e4aa7-8173-4f8b-9f23-9c70b11e13ba,Lebanese\lebanese_31_5.wav,5
iraqi_56_4,Iraqi,08c8cb6d-1dc5-4bdb-b383-76456ee3f553,Iraqi\iraqi_56_4.wav,5
syrian_26_3,Syrian,4effd2b5-7a1b-44f6-ac2a-d767d8b1d451,Syrian\syrian_26_3.wav,5
egyptian_54_7,Egyptian,1ddfa984-770c-489b-b7ff-f7e855ae02ad,Egyptian\egyptian_54_7.wav,5
palestinian_23_4,Palestinian,bce0d97e-d095-4f46-9208-f43a1e87b675,Palestinian\palestinian_23_4.wav,5
iraqi_43_5,Iraqi,08c8cb6d-1dc5-4bdb-b383-76456ee3f553,Iraqi\iraqi_43_5.wav,5
egyptian_42_3,Egyptian,a7b5f8d7-195d-4c9f-913f-c36c89767da2,Egyptian\egyptian_42_3.wav,5
egyptian_36_7,Egyptian,3e53bfa4-d3eb-4cdb-a8d4-d771c1d5b38f,Egyptian\egyptian_36_7.wav,5
palestinian_24_7,Palestinian,79ade34b-27e7-4176-96bf-e3bf764d8e29,Palestinian\palestinian_24_7.wav,5
syrian_39_8,Syrian,f920ed33-e733-4635-96f5-24d08df84644,Syrian\syrian_39_8.wav,5
iraqi_53_11,Iraqi,08c8cb6d-1dc5-4bdb-b383-76456ee3f553,Iraqi\iraqi_53_11.wav,5
saudi_60_3,Saudi,1d9ac0df-7ca0-4684-bd41-92d7fc3ca48c,Saudi\saudi_60_3.wav,5
palestinian_48_7,Palestinian,9b681127-7a73-4682-bfa1-8a591f704525,Palestinian\palestinian_48_7.wav,5
egyptian_34_8,Egyptian,168980c4-9093-4ac8-bae3-dfd1fda17aa3,Egyptian\egyptian_34_8.wav,5
iraqi_50_4,Iraqi,6a7cbf3a-41fc-4b9f-9a36-85696386ffdc,Iraqi\iraqi_50_4.wav,5
egyptian_44_5,Egyptian,3e53bfa4-d3eb-4cdb-a8d4-d771c1d5b38f,Egyptian\egyptian_44_5.wav,5
palestinian_29_2,Palestinian,9b681127-7a73-4682-bfa1-8a591f704525,Palestinian\palestinian_29_2.wav,5
egyptian_53_6,Egyptian,a7b5f8d7-195d-4c9f-913f-c36c89767da2,Egyptian\egyptian_53_6.wav,5
emarati_23,Emarati,c790ddf0-4e71-4130-ba5e-5209d0e9f24e,Emarati\emarati_23.wav,5
jordanian_36_8,Jordanian,1c01e308-611e-444e-af08-4434c0922252,Jordanian\jordanian_36_8.wav,5
emarati_41_8,Emarati,a64825a5-8255-4b0a-8cd2-9445029efc3e,Emarati\emarati_41_8.wav,5
palestinian_49_1,Palestinian,bce0d97e-d095-4f46-9208-f43a1e87b675,Palestinian\palestinian_49_1.wav,5
emarati_47_5,Emarati,a64825a5-8255-4b0a-8cd2-9445029efc3e,Emarati\emarati_47_5.wav,5
lebanese_8,Lebanese,b05e4aa7-8173-4f8b-9f23-9c70b11e13ba,Lebanese\lebanese_8.wav,8
palestinian_21_8,Palestinian,79ade34b-27e7-4176-96bf-e3bf764d8e29,Palestinian\palestinian_21_8.wav,5
emarati_62_5,Emarati,6fa09f45-07c7-4451-9500-d9792b881321,Emarati\emarati_62_5.wav,5
saudi_52_3,Saudi,f801687c-36a9-481b-85df-4e2749e6e2f1,Saudi\saudi_52_3.wav,5
jordanian_41_1,Jordanian,1c01e308-611e-444e-af08-4434c0922252,Jordanian\jordanian_41_1.wav,5
iraqi_31_6,Iraqi,08c8cb6d-1dc5-4bdb-b383-76456ee3f553,Iraqi\iraqi_31_6.wav,5
syrian_7,Syrian,1a15886c-76a5-4165-8bb8-dd0b4ebcb3c8,Syrian\syrian_7.wav,5
syrian_36_7,Syrian,1a15886c-76a5-4165-8bb8-dd0b4ebcb3c8,Syrian\syrian_36_7.wav,5
lebanese_45_1,Lebanese,b05e4aa7-8173-4f8b-9f23-9c70b11e13ba,Lebanese\lebanese_45_1.wav,5
palestinian_26_8,Palestinian,078338c4-7788-4371-95d4-1bbe45021113,Palestinian\palestinian_26_8.wav,5
egyptian_42_8,Egyptian,a7b5f8d7-195d-4c9f-913f-c36c89767da2,Egyptian\egyptian_42_8.wav,5
jordanian_37_1,Jordanian,c33d69ff-d62e-490d-8d02-4a5604aa31ee,Jordanian\jordanian_37_1.wav,5
saudi_28_1,Saudi,f801687c-36a9-481b-85df-4e2749e6e2f1,Saudi\saudi_28_1.wav,5
iraqi_61_2,Iraqi,08c8cb6d-1dc5-4bdb-b383-76456ee3f553,Iraqi\iraqi_61_2.wav,5
emarati_63_1,Emarati,a64825a5-8255-4b0a-8cd2-9445029efc3e,Emarati\emarati_63_1.wav,5
jordanian_48_5,Jordanian,1c01e308-611e-444e-af08-4434c0922252,Jordanian\jordanian_48_5.wav,5
emarati_62_1,Emarati,6fa09f45-07c7-4451-9500-d9792b881321,Emarati\emarati_62_1.wav,5
iraqi_44_8,Iraqi,08c8cb6d-1dc5-4bdb-b383-76456ee3f553,Iraqi\iraqi_44_8.wav,5
iraqi_48_6,Iraqi,08c8cb6d-1dc5-4bdb-b383-76456ee3f553,Iraqi\iraqi_48_6.wav,5
palestinian_36_2,Palestinian,078338c4-7788-4371-95d4-1bbe45021113,Palestinian\palestinian_36_2.wav,5
iraqi_53_3,Iraqi,08c8cb6d-1dc5-4bdb-b383-76456ee3f553,Iraqi\iraqi_53_3.wav,5
lebanese_57_1,Lebanese,b05e4aa7-8173-4f8b-9f23-9c70b11e13ba,Lebanese\lebanese_57_1.wav,5
syrian_33_8,Syrian,1a15886c-76a5-4165-8bb8-dd0b4ebcb3c8,Syrian\syrian_33_8.wav,5
emarati_62_6,Emarati,6fa09f45-07c7-4451-9500-d9792b881321,Emarati\emarati_62_6.wav,5
bahraini_57_2,Bahraini,9f270e4f-ecf6-4385-ba5b-bffbd96bce30,Bahraini\bahraini_57_2.wav,5
jordanian_30,Jordanian,c33d69ff-d62e-490d-8d02-4a5604aa31ee,Jordanian\jordanian_30.wav,5
lebanese_39_1,Lebanese,353941dc-d0f3-4488-b55b-af79f20c3f4f,Lebanese\lebanese_39_1.wav,5
saudi_34_9,Saudi,9d2643e4-4785-43e7-961a-20a8d2cbfc33,Saudi\saudi_34_9.wav,5
bahraini_44_7,Bahraini,9f270e4f-ecf6-4385-ba5b-bffbd96bce30,Bahraini\bahraini_44_7.wav,5
palestinian_19,Palestinian,078338c4-7788-4371-95d4-1bbe45021113,Palestinian\palestinian_19.wav,6
syrian_30_4,Syrian,4effd2b5-7a1b-44f6-ac2a-d767d8b1d451,Syrian\syrian_30_4.wav,5
lebanese_40_12,Lebanese,b05e4aa7-8173-4f8b-9f23-9c70b11e13ba,Lebanese\lebanese_40_12.wav,5
syrian_49_8,Syrian,1a15886c-76a5-4165-8bb8-dd0b4ebcb3c8,Syrian\syrian_49_8.wav,5
jordanian_58_7,Jordanian,c33d69ff-d62e-490d-8d02-4a5604aa31ee,Jordanian\jordanian_58_7.wav,5
emarati_27,Emarati,c790ddf0-4e71-4130-ba5e-5209d0e9f24e,Emarati\emarati_27.wav,5
jordanian_45_5,Jordanian,1c01e308-611e-444e-af08-4434c0922252,Jordanian\jordanian_45_5.wav,5
lebanese_33_10,Lebanese,b05e4aa7-8173-4f8b-9f23-9c70b11e13ba,Lebanese\lebanese_33_10.wav,5
emarati_33_2,Emarati,6fa09f45-07c7-4451-9500-d9792b881321,Emarati\emarati_33_2.wav,5
iraqi_44_4,Iraqi,08c8cb6d-1dc5-4bdb-b383-76456ee3f553,Iraqi\iraqi_44_4.wav,5
jordanian_63_5,Jordanian,c33d69ff-d62e-490d-8d02-4a5604aa31ee,Jordanian\jordanian_63_5.wav,5
emarati_61_11,Emarati,a64825a5-8255-4b0a-8cd2-9445029efc3e,Emarati\emarati_61_11.wav,5
palestinian_16,Palestinian,078338c4-7788-4371-95d4-1bbe45021113,Palestinian\palestinian_16.wav,5
egyptian_59_9,Egyptian,168980c4-9093-4ac8-bae3-dfd1fda17aa3,Egyptian\egyptian_59_9.wav,5
emarati_32_10,Emarati,1ccf0721-94c6-4f94-bda1-a6be1fc0299a,Emarati\emarati_32_10.wav,5
syrian_35_1,Syrian,4effd2b5-7a1b-44f6-ac2a-d767d8b1d451,Syrian\syrian_35_1.wav,5
iraqi_53_2,Iraqi,08c8cb6d-1dc5-4bdb-b383-76456ee3f553,Iraqi\iraqi_53_2.wav,5
syrian_51_3,Syrian,4effd2b5-7a1b-44f6-ac2a-d767d8b1d451,Syrian\syrian_51_3.wav,5
lebanese_35_9,Lebanese,b05e4aa7-8173-4f8b-9f23-9c70b11e13ba,Lebanese\lebanese_35_9.wav,5
emarati_63_7,Emarati,a64825a5-8255-4b0a-8cd2-9445029efc3e,Emarati\emarati_63_7.wav,5
egyptian_38_3,Egyptian,a7b5f8d7-195d-4c9f-913f-c36c89767da2,Egyptian\egyptian_38_3.wav,5
emarati_60_6,Emarati,a64825a5-8255-4b0a-8cd2-9445029efc3e,Emarati\emarati_60_6.wav,5
palestinian_32_4,Palestinian,bce0d97e-d095-4f46-9208-f43a1e87b675,Palestinian\palestinian_32_4.wav,5
saudi_50_9,Saudi,9d2643e4-4785-43e7-961a-20a8d2cbfc33,Saudi\saudi_50_9.wav,5
iraqi_36_4,Iraqi,08c8cb6d-1dc5-4bdb-b383-76456ee3f553,Iraqi\iraqi_36_4.wav,5
lebanese_39_11,Lebanese,353941dc-d0f3-4488-b55b-af79f20c3f4f,Lebanese\lebanese_39_11.wav,5
iraqi_59_3,Iraqi,6a7cbf3a-41fc-4b9f-9a36-85696386ffdc,Iraqi\iraqi_59_3.wav,5
lebanese_45_7,Lebanese,b05e4aa7-8173-4f8b-9f23-9c70b11e13ba,Lebanese\lebanese_45_7.wav,5
emarati_48_2,Emarati,1ccf0721-94c6-4f94-bda1-a6be1fc0299a,Emarati\emarati_48_2.wav,5
syrian_32_6,Syrian,1a15886c-76a5-4165-8bb8-dd0b4ebcb3c8,Syrian\syrian_32_6.wav,5
bahraini_54_2,Bahraini,9f270e4f-ecf6-4385-ba5b-bffbd96bce30,Bahraini\bahraini_54_2.wav,5
emarati_57_4,Emarati,55615163-1054-43e7-a808-79e782bbcd17,Emarati\emarati_57_4.wav,5
emarati_50_2,Emarati,c790ddf0-4e71-4130-ba5e-5209d0e9f24e,Emarati\emarati_50_2.wav,5
bahraini_59_5,Bahraini,9f270e4f-ecf6-4385-ba5b-bffbd96bce30,Bahraini\bahraini_59_5.wav,5
palestinian_27_2,Palestinian,078338c4-7788-4371-95d4-1bbe45021113,Palestinian\palestinian_27_2.wav,5
egyptian_49_2,Egyptian,1ddfa984-770c-489b-b7ff-f7e855ae02ad,Egyptian\egyptian_49_2.wav,5
jordanian_48_4,Jordanian,1c01e308-611e-444e-af08-4434c0922252,Jordanian\jordanian_48_4.wav,5
emarati_40_7,Emarati,55615163-1054-43e7-a808-79e782bbcd17,Emarati\emarati_40_7.wav,5
iraqi_53_1,Iraqi,08c8cb6d-1dc5-4bdb-b383-76456ee3f553,Iraqi\iraqi_53_1.wav,5
iraqi_41_5,Iraqi,08c8cb6d-1dc5-4bdb-b383-76456ee3f553,Iraqi\iraqi_41_5.wav,5
jordanian_52_8,Jordanian,1c01e308-611e-444e-af08-4434c0922252,Jordanian\jordanian_52_8.wav,5
bahraini_40_6,Bahraini,9f270e4f-ecf6-4385-ba5b-bffbd96bce30,Bahraini\bahraini_40_6.wav,5
saudi_38_5,Saudi,1d9ac0df-7ca0-4684-bd41-92d7fc3ca48c,Saudi\saudi_38_5.wav,5
saudi_2,Saudi,1d9ac0df-7ca0-4684-bd41-92d7fc3ca48c,Saudi\saudi_2.wav,5
lebanese_0,Lebanese,b05e4aa7-8173-4f8b-9f23-9c70b11e13ba,Lebanese\lebanese_0.wav,8
syrian_27_3,Syrian,1a15886c-76a5-4165-8bb8-dd0b4ebcb3c8,Syrian\syrian_27_3.wav,5
jordanian_40_7,Jordanian,c33d69ff-d62e-490d-8d02-4a5604aa31ee,Jordanian\jordanian_40_7.wav,5
emarati_9,Emarati,a64825a5-8255-4b0a-8cd2-9445029efc3e,Emarati\emarati_9.wav,6
emarati_61_4,Emarati,a64825a5-8255-4b0a-8cd2-9445029efc3e,Emarati\emarati_61_4.wav,5
bahraini_13,Bahraini,9f270e4f-ecf6-4385-ba5b-bffbd96bce30,Bahraini\bahraini_13.wav,5
palestinian_40_5,Palestinian,9b681127-7a73-4682-bfa1-8a591f704525,Palestinian\palestinian_40_5.wav,5
iraqi_54_1,Iraqi,08c8cb6d-1dc5-4bdb-b383-76456ee3f553,Iraqi\iraqi_54_1.wav,5
egyptian_52_7,Egyptian,d03be981-0a70-4215-a91f-9b6230adbf01,Egyptian\egyptian_52_7.wav,5
egyptian_44_1,Egyptian,3e53bfa4-d3eb-4cdb-a8d4-d771c1d5b38f,Egyptian\egyptian_44_1.wav,5
saudi_40_5,Saudi,f801687c-36a9-481b-85df-4e2749e6e2f1,Saudi\saudi_40_5.wav,5
saudi_47_6,Saudi,f801687c-36a9-481b-85df-4e2749e6e2f1,Saudi\saudi_47_6.wav,5
palestinian_22_6,Palestinian,e6818510-7200-46dc-9a31-296642bbdb3d,Palestinian\palestinian_22_6.wav,5
emarati_56_3,Emarati,1ccf0721-94c6-4f94-bda1-a6be1fc0299a,Emarati\emarati_56_3.wav,5
saudi_32_4,Saudi,9d2643e4-4785-43e7-961a-20a8d2cbfc33,Saudi\saudi_32_4.wav,5
egyptian_4,Egyptian,d03be981-0a70-4215-a91f-9b6230adbf01,Egyptian\egyptian_4.wav,5
jordanian_57_2,Jordanian,c33d69ff-d62e-490d-8d02-4a5604aa31ee,Jordanian\jordanian_57_2.wav,5
palestinian_46_8,Palestinian,078338c4-7788-4371-95d4-1bbe45021113,Palestinian\palestinian_46_8.wav,5
iraqi_41_9,Iraqi,08c8cb6d-1dc5-4bdb-b383-76456ee3f553,Iraqi\iraqi_41_9.wav,5
saudi_42_8,Saudi,9d2643e4-4785-43e7-961a-20a8d2cbfc33,Saudi\saudi_42_8.wav,5
saudi_40_4,Saudi,f801687c-36a9-481b-85df-4e2749e6e2f1,Saudi\saudi_40_4.wav,5
iraqi_34_7,Iraqi,6a7cbf3a-41fc-4b9f-9a36-85696386ffdc,Iraqi\iraqi_34_7.wav,5
palestinian_26_9,Palestinian,078338c4-7788-4371-95d4-1bbe45021113,Palestinian\palestinian_26_9.wav,5
saudi_52_5,Saudi,f801687c-36a9-481b-85df-4e2749e6e2f1,Saudi\saudi_52_5.wav,5
syrian_42_4,Syrian,f920ed33-e733-4635-96f5-24d08df84644,Syrian\syrian_42_4.wav,5
iraqi_39_4,Iraqi,08c8cb6d-1dc5-4bdb-b383-76456ee3f553,Iraqi\iraqi_39_4.wav,5
palestinian_33_4,Palestinian,bce0d97e-d095-4f46-9208-f43a1e87b675,Palestinian\palestinian_33_4.wav,5
saudi_40_3,Saudi,f801687c-36a9-481b-85df-4e2749e6e2f1,Saudi\saudi_40_3.wav,5
iraqi_31_8,Iraqi,08c8cb6d-1dc5-4bdb-b383-76456ee3f553,Iraqi\iraqi_31_8.wav,5
lebanese_56_8,Lebanese,b05e4aa7-8173-4f8b-9f23-9c70b11e13ba,Lebanese\lebanese_56_8.wav,5
saudi_42_14,Saudi,9d2643e4-4785-43e7-961a-20a8d2cbfc33,Saudi\saudi_42_14.wav,5
bahraini_53_1,Bahraini,9f270e4f-ecf6-4385-ba5b-bffbd96bce30,Bahraini\bahraini_53_1.wav,5
lebanese_53_1,Lebanese,b05e4aa7-8173-4f8b-9f23-9c70b11e13ba,Lebanese\lebanese_53_1.wav,5
egyptian_0,Egyptian,d03be981-0a70-4215-a91f-9b6230adbf01,Egyptian\egyptian_0.wav,6
bahraini_41_8,Bahraini,9f270e4f-ecf6-4385-ba5b-bffbd96bce30,Bahraini\bahraini_41_8.wav,5
emarati_56_10,Emarati,1ccf0721-94c6-4f94-bda1-a6be1fc0299a,Emarati\emarati_56_10.wav,5
lebanese_44_1,Lebanese,b05e4aa7-8173-4f8b-9f23-9c70b11e13ba,Lebanese\lebanese_44_1.wav,5
bahraini_61_6,Bahraini,9f270e4f-ecf6-4385-ba5b-bffbd96bce30,Bahraini\bahraini_61_6.wav,5
emarati_57_1,Emarati,55615163-1054-43e7-a808-79e782bbcd17,Emarati\emarati_57_1.wav,5
syrian_30_5,Syrian,4effd2b5-7a1b-44f6-ac2a-d767d8b1d451,Syrian\syrian_30_5.wav,5
egyptian_46_4,Egyptian,3e53bfa4-d3eb-4cdb-a8d4-d771c1d5b38f,Egyptian\egyptian_46_4.wav,5
emarati_48_3,Emarati,1ccf0721-94c6-4f94-bda1-a6be1fc0299a,Emarati\emarati_48_3.wav,5
saudi_42_4,Saudi,9d2643e4-4785-43e7-961a-20a8d2cbfc33,Saudi\saudi_42_4.wav,5
iraqi_43_1,Iraqi,08c8cb6d-1dc5-4bdb-b383-76456ee3f553,Iraqi\iraqi_43_1.wav,5
lebanese_15,Lebanese,353941dc-d0f3-4488-b55b-af79f20c3f4f,Lebanese\lebanese_15.wav,5
saudi_11,Saudi,f801687c-36a9-481b-85df-4e2749e6e2f1,Saudi\saudi_11.wav,5
lebanese_47_10,Lebanese,b05e4aa7-8173-4f8b-9f23-9c70b11e13ba,Lebanese\lebanese_47_10.wav,5
egyptian_40_7,Egyptian,a7b5f8d7-195d-4c9f-913f-c36c89767da2,Egyptian\egyptian_40_7.wav,5
syrian_54_9,Syrian,1a15886c-76a5-4165-8bb8-dd0b4ebcb3c8,Syrian\syrian_54_9.wav,5
emarati_62_8,Emarati,6fa09f45-07c7-4451-9500-d9792b881321,Emarati\emarati_62_8.wav,5
emarati_41_11,Emarati,a64825a5-8255-4b0a-8cd2-9445029efc3e,Emarati\emarati_41_11.wav,5
saudi_55_4,Saudi,6c680f29-a6ca-4624-8886-ab277cb330dc,Saudi\saudi_55_4.wav,5
lebanese_30_8,Lebanese,b05e4aa7-8173-4f8b-9f23-9c70b11e13ba,Lebanese\lebanese_30_8.wav,5
iraqi_32_3,Iraqi,08c8cb6d-1dc5-4bdb-b383-76456ee3f553,Iraqi\iraqi_32_3.wav,5
saudi_49_6,Saudi,1d9ac0df-7ca0-4684-bd41-92d7fc3ca48c,Saudi\saudi_49_6.wav,5
lebanese_54_7,Lebanese,b05e4aa7-8173-4f8b-9f23-9c70b11e13ba,Lebanese\lebanese_54_7.wav,5
emarati_28_8,Emarati,1ccf0721-94c6-4f94-bda1-a6be1fc0299a,Emarati\emarati_28_8.wav,5
syrian_47_8,Syrian,f920ed33-e733-4635-96f5-24d08df84644,Syrian\syrian_47_8.wav,5
emarati_52_5,Emarati,1ccf0721-94c6-4f94-bda1-a6be1fc0299a,Emarati\emarati_52_5.wav,5
saudi_27_3,Saudi,6c680f29-a6ca-4624-8886-ab277cb330dc,Saudi\saudi_27_3.wav,5
iraqi_56_8,Iraqi,08c8cb6d-1dc5-4bdb-b383-76456ee3f553,Iraqi\iraqi_56_8.wav,5
emarati_42_8,Emarati,55615163-1054-43e7-a808-79e782bbcd17,Emarati\emarati_42_8.wav,5
bahraini_62_7,Bahraini,9f270e4f-ecf6-4385-ba5b-bffbd96bce30,Bahraini\bahraini_62_7.wav,5
syrian_46_4,Syrian,1a15886c-76a5-4165-8bb8-dd0b4ebcb3c8,Syrian\syrian_46_4.wav,5
jordanian_57_6,Jordanian,c33d69ff-d62e-490d-8d02-4a5604aa31ee,Jordanian\jordanian_57_6.wav,5
palestinian_44_1,Palestinian,9b681127-7a73-4682-bfa1-8a591f704525,Palestinian\palestinian_44_1.wav,5
iraqi_52_5,Iraqi,08c8cb6d-1dc5-4bdb-b383-76456ee3f553,Iraqi\iraqi_52_5.wav,5
jordanian_62_6,Jordanian,1c01e308-611e-444e-af08-4434c0922252,Jordanian\jordanian_62_6.wav,5
lebanese_39_6,Lebanese,353941dc-d0f3-4488-b55b-af79f20c3f4f,Lebanese\lebanese_39_6.wav,5
jordanian_61_3,Jordanian,1c01e308-611e-444e-af08-4434c0922252,Jordanian\jordanian_61_3.wav,5
lebanese_43_5,Lebanese,353941dc-d0f3-4488-b55b-af79f20c3f4f,Lebanese\lebanese_43_5.wav,5
egyptian_48_8,Egyptian,a7b5f8d7-195d-4c9f-913f-c36c89767da2,Egyptian\egyptian_48_8.wav,5
lebanese_38_11,Lebanese,353941dc-d0f3-4488-b55b-af79f20c3f4f,Lebanese\lebanese_38_11.wav,5
iraqi_12,Iraqi,6a7cbf3a-41fc-4b9f-9a36-85696386ffdc,Iraqi\iraqi_12.wav,5
emarati_42_2,Emarati,55615163-1054-43e7-a808-79e782bbcd17,Emarati\emarati_42_2.wav,5
egyptian_43_10,Egyptian,1ddfa984-770c-489b-b7ff-f7e855ae02ad,Egyptian\egyptian_43_10.wav,5
lebanese_39_5,Lebanese,353941dc-d0f3-4488-b55b-af79f20c3f4f,Lebanese\lebanese_39_5.wav,5
saudi_28_8,Saudi,f801687c-36a9-481b-85df-4e2749e6e2f1,Saudi\saudi_28_8.wav,5
lebanese_17,Lebanese,b05e4aa7-8173-4f8b-9f23-9c70b11e13ba,Lebanese\lebanese_17.wav,7
saudi_51_2,Saudi,f801687c-36a9-481b-85df-4e2749e6e2f1,Saudi\saudi_51_2.wav,5
iraqi_60_6,Iraqi,6a7cbf3a-41fc-4b9f-9a36-85696386ffdc,Iraqi\iraqi_60_6.wav,5
saudi_54_16,Saudi,9d2643e4-4785-43e7-961a-20a8d2cbfc33,Saudi\saudi_54_16.wav,5
saudi_42_12,Saudi,9d2643e4-4785-43e7-961a-20a8d2cbfc33,Saudi\saudi_42_12.wav,5
lebanese_43_4,Lebanese,353941dc-d0f3-4488-b55b-af79f20c3f4f,Lebanese\lebanese_43_4.wav,5
palestinian_41_1,Palestinian,9b681127-7a73-4682-bfa1-8a591f704525,Palestinian\palestinian_41_1.wav,5
emarati_29_2,Emarati,c790ddf0-4e71-4130-ba5e-5209d0e9f24e,Emarati\emarati_29_2.wav,5
emarati_0,Emarati,c790ddf0-4e71-4130-ba5e-5209d0e9f24e,Emarati\emarati_0.wav,9
emarati_45_8,Emarati,11358928-2d31-4b49-9f54-edca9ba2f439,Emarati\emarati_45_8.wav,5
jordanian_36_7,Jordanian,1c01e308-611e-444e-af08-4434c0922252,Jordanian\jordanian_36_7.wav,5
jordanian_16,Jordanian,1c01e308-611e-444e-af08-4434c0922252,Jordanian\jordanian_16.wav,6
lebanese_47_3,Lebanese,b05e4aa7-8173-4f8b-9f23-9c70b11e13ba,Lebanese\lebanese_47_3.wav,5
palestinian_28_8,Palestinian,078338c4-7788-4371-95d4-1bbe45021113,Palestinian\palestinian_28_8.wav,5
palestinian_23_2,Palestinian,bce0d97e-d095-4f46-9208-f43a1e87b675,Palestinian\palestinian_23_2.wav,5
palestinian_28_1,Palestinian,078338c4-7788-4371-95d4-1bbe45021113,Palestinian\palestinian_28_1.wav,5
emarati_37_1,Emarati,11358928-2d31-4b49-9f54-edca9ba2f439,Emarati\emarati_37_1.wav,5
emarati_63_8,Emarati,a64825a5-8255-4b0a-8cd2-9445029efc3e,Emarati\emarati_63_8.wav,5
jordanian_38_8,Jordanian,1c01e308-611e-444e-af08-4434c0922252,Jordanian\jordanian_38_8.wav,5
palestinian_39_6,Palestinian,e6818510-7200-46dc-9a31-296642bbdb3d,Palestinian\palestinian_39_6.wav,5
bahraini_47_7,Bahraini,9f270e4f-ecf6-4385-ba5b-bffbd96bce30,Bahraini\bahraini_47_7.wav,5
lebanese_46_5,Lebanese,353941dc-d0f3-4488-b55b-af79f20c3f4f,Lebanese\lebanese_46_5.wav,5
lebanese_20,Lebanese,b05e4aa7-8173-4f8b-9f23-9c70b11e13ba,Lebanese\lebanese_20.wav,7
iraqi_55_2,Iraqi,6a7cbf3a-41fc-4b9f-9a36-85696386ffdc,Iraqi\iraqi_55_2.wav,5
bahraini_62_5,Bahraini,9f270e4f-ecf6-4385-ba5b-bffbd96bce30,Bahraini\bahraini_62_5.wav,5
saudi_38_10,Saudi,1d9ac0df-7ca0-4684-bd41-92d7fc3ca48c,Saudi\saudi_38_10.wav,5
iraqi_61_1,Iraqi,08c8cb6d-1dc5-4bdb-b383-76456ee3f553,Iraqi\iraqi_61_1.wav,5
emarati_29_4,Emarati,c790ddf0-4e71-4130-ba5e-5209d0e9f24e,Emarati\emarati_29_4.wav,5
saudi_33_6,Saudi,6c680f29-a6ca-4624-8886-ab277cb330dc,Saudi\saudi_33_6.wav,5
emarati_39_10,Emarati,1ccf0721-94c6-4f94-bda1-a6be1fc0299a,Emarati\emarati_39_10.wav,5
syrian_23_3,Syrian,4effd2b5-7a1b-44f6-ac2a-d767d8b1d451,Syrian\syrian_23_3.wav,5
palestinian_46_7,Palestinian,078338c4-7788-4371-95d4-1bbe45021113,Palestinian\palestinian_46_7.wav,5
iraqi_34_9,Iraqi,6a7cbf3a-41fc-4b9f-9a36-85696386ffdc,Iraqi\iraqi_34_9.wav,5
bahraini_38_7,Bahraini,9f270e4f-ecf6-4385-ba5b-bffbd96bce30,Bahraini\bahraini_38_7.wav,5
saudi_37_6,Saudi,f801687c-36a9-481b-85df-4e2749e6e2f1,Saudi\saudi_37_6.wav,5
saudi_58_9,Saudi,f801687c-36a9-481b-85df-4e2749e6e2f1,Saudi\saudi_58_9.wav,5
bahraini_38_8,Bahraini,9f270e4f-ecf6-4385-ba5b-bffbd96bce30,Bahraini\bahraini_38_8.wav,5
emarati_37_3,Emarati,11358928-2d31-4b49-9f54-edca9ba2f439,Emarati\emarati_37_3.wav,5
syrian_40_9,Syrian,1a15886c-76a5-4165-8bb8-dd0b4ebcb3c8,Syrian\syrian_40_9.wav,5
syrian_28_3,Syrian,4effd2b5-7a1b-44f6-ac2a-d767d8b1d451,Syrian\syrian_28_3.wav,5
iraqi_36_7,Iraqi,08c8cb6d-1dc5-4bdb-b383-76456ee3f553,Iraqi\iraqi_36_7.wav,5
iraqi_38_9,Iraqi,08c8cb6d-1dc5-4bdb-b383-76456ee3f553,Iraqi\iraqi_38_9.wav,5
egyptian_31_3,Egyptian,1ddfa984-770c-489b-b7ff-f7e855ae02ad,Egyptian\egyptian_31_3.wav,5
jordanian_43_6,Jordanian,c33d69ff-d62e-490d-8d02-4a5604aa31ee,Jordanian\jordanian_43_6.wav,5
syrian_36_3,Syrian,1a15886c-76a5-4165-8bb8-dd0b4ebcb3c8,Syrian\syrian_36_3.wav,5
lebanese_34_4,Lebanese,b05e4aa7-8173-4f8b-9f23-9c70b11e13ba,Lebanese\lebanese_34_4.wav,5
lebanese_16,Lebanese,b05e4aa7-8173-4f8b-9f23-9c70b11e13ba,Lebanese\lebanese_16.wav,9
syrian_29_1,Syrian,f920ed33-e733-4635-96f5-24d08df84644,Syrian\syrian_29_1.wav,5
saudi_54_15,Saudi,9d2643e4-4785-43e7-961a-20a8d2cbfc33,Saudi\saudi_54_15.wav,5
bahraini_28,Bahraini,9f270e4f-ecf6-4385-ba5b-bffbd96bce30,Bahraini\bahraini_28.wav,5
iraqi_54_6,Iraqi,08c8cb6d-1dc5-4bdb-b383-76456ee3f553,Iraqi\iraqi_54_6.wav,5
jordanian_61_7,Jordanian,1c01e308-611e-444e-af08-4434c0922252,Jordanian\jordanian_61_7.wav,5
bahraini_50_7,Bahraini,9f270e4f-ecf6-4385-ba5b-bffbd96bce30,Bahraini\bahraini_50_7.wav,5
syrian_48_5,Syrian,f920ed33-e733-4635-96f5-24d08df84644,Syrian\syrian_48_5.wav,5
jordanian_44_2,Jordanian,c33d69ff-d62e-490d-8d02-4a5604aa31ee,Jordanian\jordanian_44_2.wav,5
egyptian_56_1,Egyptian,a7b5f8d7-195d-4c9f-913f-c36c89767da2,Egyptian\egyptian_56_1.wav,5
jordanian_47_4,Jordanian,c33d69ff-d62e-490d-8d02-4a5604aa31ee,Jordanian\jordanian_47_4.wav,5
iraqi_52_3,Iraqi,08c8cb6d-1dc5-4bdb-b383-76456ee3f553,Iraqi\iraqi_52_3.wav,5
iraqi_36_3,Iraqi,08c8cb6d-1dc5-4bdb-b383-76456ee3f553,Iraqi\iraqi_36_3.wav,5
iraqi_57_4,Iraqi,08c8cb6d-1dc5-4bdb-b383-76456ee3f553,Iraqi\iraqi_57_4.wav,5
syrian_46_8,Syrian,1a15886c-76a5-4165-8bb8-dd0b4ebcb3c8,Syrian\syrian_46_8.wav,5
emarati_46_6,Emarati,55615163-1054-43e7-a808-79e782bbcd17,Emarati\emarati_46_6.wav,5
lebanese_32_9,Lebanese,b05e4aa7-8173-4f8b-9f23-9c70b11e13ba,Lebanese\lebanese_32_9.wav,5
emarati_61_12,Emarati,a64825a5-8255-4b0a-8cd2-9445029efc3e,Emarati\emarati_61_12.wav,5
emarati_16,Emarati,c790ddf0-4e71-4130-ba5e-5209d0e9f24e,Emarati\emarati_16.wav,8
jordanian_48_8,Jordanian,1c01e308-611e-444e-af08-4434c0922252,Jordanian\jordanian_48_8.wav,5
lebanese_57_2,Lebanese,b05e4aa7-8173-4f8b-9f23-9c70b11e13ba,Lebanese\lebanese_57_2.wav,5
jordanian_45_4,Jordanian,1c01e308-611e-444e-af08-4434c0922252,Jordanian\jordanian_45_4.wav,5
jordanian_57_3,Jordanian,c33d69ff-d62e-490d-8d02-4a5604aa31ee,Jordanian\jordanian_57_3.wav,5
emarati_30_3,Emarati,c790ddf0-4e71-4130-ba5e-5209d0e9f24e,Emarati\emarati_30_3.wav,5
iraqi_43_3,Iraqi,08c8cb6d-1dc5-4bdb-b383-76456ee3f553,Iraqi\iraqi_43_3.wav,5
syrian_39_2,Syrian,f920ed33-e733-4635-96f5-24d08df84644,Syrian\syrian_39_2.wav,5
jordanian_35_7,Jordanian,1c01e308-611e-444e-af08-4434c0922252,Jordanian\jordanian_35_7.wav,5
jordanian_45_7,Jordanian,1c01e308-611e-444e-af08-4434c0922252,Jordanian\jordanian_45_7.wav,5
lebanese_37_10,Lebanese,b05e4aa7-8173-4f8b-9f23-9c70b11e13ba,Lebanese\lebanese_37_10.wav,5
saudi_53_1,Saudi,6c680f29-a6ca-4624-8886-ab277cb330dc,Saudi\saudi_53_1.wav,5
saudi_26_2,Saudi,f801687c-36a9-481b-85df-4e2749e6e2f1,Saudi\saudi_26_2.wav,5
emarati_36_5,Emarati,a64825a5-8255-4b0a-8cd2-9445029efc3e,Emarati\emarati_36_5.wav,5
jordanian_49_5,Jordanian,c33d69ff-d62e-490d-8d02-4a5604aa31ee,Jordanian\jordanian_49_5.wav,5
palestinian_11,Palestinian,9b681127-7a73-4682-bfa1-8a591f704525,Palestinian\palestinian_11.wav,9
palestinian_30_3,Palestinian,bce0d97e-d095-4f46-9208-f43a1e87b675,Palestinian\palestinian_30_3.wav,5
jordanian_61_2,Jordanian,1c01e308-611e-444e-af08-4434c0922252,Jordanian\jordanian_61_2.wav,5
syrian_36_5,Syrian,1a15886c-76a5-4165-8bb8-dd0b4ebcb3c8,Syrian\syrian_36_5.wav,5
jordanian_49_7,Jordanian,c33d69ff-d62e-490d-8d02-4a5604aa31ee,Jordanian\jordanian_49_7.wav,5
bahraini_67_5,Bahraini,9f270e4f-ecf6-4385-ba5b-bffbd96bce30,Bahraini\bahraini_67_5.wav,5
palestinian_30_8,Palestinian,bce0d97e-d095-4f46-9208-f43a1e87b675,Palestinian\palestinian_30_8.wav,5
egyptian_60_11,Egyptian,d03be981-0a70-4215-a91f-9b6230adbf01,Egyptian\egyptian_60_11.wav,5
lebanese_32_1,Lebanese,b05e4aa7-8173-4f8b-9f23-9c70b11e13ba,Lebanese\lebanese_32_1.wav,5
iraqi_43_9,Iraqi,08c8cb6d-1dc5-4bdb-b383-76456ee3f553,Iraqi\iraqi_43_9.wav,5
emarati_62_3,Emarati,6fa09f45-07c7-4451-9500-d9792b881321,Emarati\emarati_62_3.wav,5
iraqi_58_5,Iraqi,08c8cb6d-1dc5-4bdb-b383-76456ee3f553,Iraqi\iraqi_58_5.wav,5
saudi_58_10,Saudi,f801687c-36a9-481b-85df-4e2749e6e2f1,Saudi\saudi_58_10.wav,5
jordanian_51_1,Jordanian,1c01e308-611e-444e-af08-4434c0922252,Jordanian\jordanian_51_1.wav,5
syrian_1,Syrian,1a15886c-76a5-4165-8bb8-dd0b4ebcb3c8,Syrian\syrian_1.wav,6
bahraini_53_3,Bahraini,9f270e4f-ecf6-4385-ba5b-bffbd96bce30,Bahraini\bahraini_53_3.wav,5
egyptian_41_10,Egyptian,3e53bfa4-d3eb-4cdb-a8d4-d771c1d5b38f,Egyptian\egyptian_41_10.wav,5
emarati_37_9,Emarati,11358928-2d31-4b49-9f54-edca9ba2f439,Emarati\emarati_37_9.wav,5
emarati_30_6,Emarati,c790ddf0-4e71-4130-ba5e-5209d0e9f24e,Emarati\emarati_30_6.wav,5
iraqi_47_4,Iraqi,08c8cb6d-1dc5-4bdb-b383-76456ee3f553,Iraqi\iraqi_47_4.wav,5
emarati_48_6,Emarati,1ccf0721-94c6-4f94-bda1-a6be1fc0299a,Emarati\emarati_48_6.wav,5
egyptian_54_1,Egyptian,1ddfa984-770c-489b-b7ff-f7e855ae02ad,Egyptian\egyptian_54_1.wav,5
iraqi_33_1,Iraqi,6a7cbf3a-41fc-4b9f-9a36-85696386ffdc,Iraqi\iraqi_33_1.wav,5
bahraini_15,Bahraini,9f270e4f-ecf6-4385-ba5b-bffbd96bce30,Bahraini\bahraini_15.wav,6
saudi_29_8,Saudi,f801687c-36a9-481b-85df-4e2749e6e2f1,Saudi\saudi_29_8.wav,5
saudi_27_1,Saudi,6c680f29-a6ca-4624-8886-ab277cb330dc,Saudi\saudi_27_1.wav,5
jordanian_44_6,Jordanian,c33d69ff-d62e-490d-8d02-4a5604aa31ee,Jordanian\jordanian_44_6.wav,5
bahraini_39_6,Bahraini,9f270e4f-ecf6-4385-ba5b-bffbd96bce30,Bahraini\bahraini_39_6.wav,5
jordanian_63_2,Jordanian,c33d69ff-d62e-490d-8d02-4a5604aa31ee,Jordanian\jordanian_63_2.wav,5
saudi_50_6,Saudi,9d2643e4-4785-43e7-961a-20a8d2cbfc33,Saudi\saudi_50_6.wav,5
lebanese_54_5,Lebanese,b05e4aa7-8173-4f8b-9f23-9c70b11e13ba,Lebanese\lebanese_54_5.wav,5
syrian_49_10,Syrian,1a15886c-76a5-4165-8bb8-dd0b4ebcb3c8,Syrian\syrian_49_10.wav,5
egyptian_58_10,Egyptian,d03be981-0a70-4215-a91f-9b6230adbf01,Egyptian\egyptian_58_10.wav,5
saudi_46_12,Saudi,f801687c-36a9-481b-85df-4e2749e6e2f1,Saudi\saudi_46_12.wav,5
palestinian_39_4,Palestinian,e6818510-7200-46dc-9a31-296642bbdb3d,Palestinian\palestinian_39_4.wav,5
lebanese_49_13,Lebanese,b05e4aa7-8173-4f8b-9f23-9c70b11e13ba,Lebanese\lebanese_49_13.wav,5
emarati_55_4,Emarati,1ccf0721-94c6-4f94-bda1-a6be1fc0299a,Emarati\emarati_55_4.wav,5
bahraini_66_10,Bahraini,9f270e4f-ecf6-4385-ba5b-bffbd96bce30,Bahraini\bahraini_66_10.wav,5
palestinian_18,Palestinian,9b681127-7a73-4682-bfa1-8a591f704525,Palestinian\palestinian_18.wav,5
syrian_34_4,Syrian,1a15886c-76a5-4165-8bb8-dd0b4ebcb3c8,Syrian\syrian_34_4.wav,5
emarati_31_4,Emarati,55615163-1054-43e7-a808-79e782bbcd17,Emarati\emarati_31_4.wav,5
jordanian_58_2,Jordanian,c33d69ff-d62e-490d-8d02-4a5604aa31ee,Jordanian\jordanian_58_2.wav,5
syrian_53_5,Syrian,4effd2b5-7a1b-44f6-ac2a-d767d8b1d451,Syrian\syrian_53_5.wav,5
palestinian_43_7,Palestinian,bce0d97e-d095-4f46-9208-f43a1e87b675,Palestinian\palestinian_43_7.wav,5
syrian_30_2,Syrian,4effd2b5-7a1b-44f6-ac2a-d767d8b1d451,Syrian\syrian_30_2.wav,5
emarati_36_8,Emarati,a64825a5-8255-4b0a-8cd2-9445029efc3e,Emarati\emarati_36_8.wav,5
emarati_7,Emarati,6fa09f45-07c7-4451-9500-d9792b881321,Emarati\emarati_7.wav,6
egyptian_49_1,Egyptian,1ddfa984-770c-489b-b7ff-f7e855ae02ad,Egyptian\egyptian_49_1.wav,5
palestinian_35_3,Palestinian,078338c4-7788-4371-95d4-1bbe45021113,Palestinian\palestinian_35_3.wav,5
bahraini_61_5,Bahraini,9f270e4f-ecf6-4385-ba5b-bffbd96bce30,Bahraini\bahraini_61_5.wav,5
bahraini_39_2,Bahraini,9f270e4f-ecf6-4385-ba5b-bffbd96bce30,Bahraini\bahraini_39_2.wav,5
emarati_36_6,Emarati,a64825a5-8255-4b0a-8cd2-9445029efc3e,Emarati\emarati_36_6.wav,5
emarati_64_6,Emarati,3c249172-a61a-4a72-9375-1591b73d7ef6,Emarati\emarati_64_6.wav,5
egyptian_57_6,Egyptian,1ddfa984-770c-489b-b7ff-f7e855ae02ad,Egyptian\egyptian_57_6.wav,5
lebanese_42_3,Lebanese,b05e4aa7-8173-4f8b-9f23-9c70b11e13ba,Lebanese\lebanese_42_3.wav,5
palestinian_22_7,Palestinian,e6818510-7200-46dc-9a31-296642bbdb3d,Palestinian\palestinian_22_7.wav,5
lebanese_53_11,Lebanese,b05e4aa7-8173-4f8b-9f23-9c70b11e13ba,Lebanese\lebanese_53_11.wav,5
jordanian_37_2,Jordanian,c33d69ff-d62e-490d-8d02-4a5604aa31ee,Jordanian\jordanian_37_2.wav,5
egyptian_44_6,Egyptian,3e53bfa4-d3eb-4cdb-a8d4-d771c1d5b38f,Egyptian\egyptian_44_6.wav,5
iraqi_37_6,Iraqi,6a7cbf3a-41fc-4b9f-9a36-85696386ffdc,Iraqi\iraqi_37_6.wav,5
saudi_49_10,Saudi,1d9ac0df-7ca0-4684-bd41-92d7fc3ca48c,Saudi\saudi_49_10.wav,5
syrian_49_4,Syrian,1a15886c-76a5-4165-8bb8-dd0b4ebcb3c8,Syrian\syrian_49_4.wav,5
iraqi_61_4,Iraqi,08c8cb6d-1dc5-4bdb-b383-76456ee3f553,Iraqi\iraqi_61_4.wav,5
egyptian_9,Egyptian,d03be981-0a70-4215-a91f-9b6230adbf01,Egyptian\egyptian_9.wav,6
saudi_29_7,Saudi,f801687c-36a9-481b-85df-4e2749e6e2f1,Saudi\saudi_29_7.wav,5
egyptian_37_10,Egyptian,1ddfa984-770c-489b-b7ff-f7e855ae02ad,Egyptian\egyptian_37_10.wav,5
palestinian_24_8,Palestinian,79ade34b-27e7-4176-96bf-e3bf764d8e29,Palestinian\palestinian_24_8.wav,5
jordanian_38_4,Jordanian,1c01e308-611e-444e-af08-4434c0922252,Jordanian\jordanian_38_4.wav,5
egyptian_54_11,Egyptian,1ddfa984-770c-489b-b7ff-f7e855ae02ad,Egyptian\egyptian_54_11.wav,5
iraqi_53_5,Iraqi,08c8cb6d-1dc5-4bdb-b383-76456ee3f553,Iraqi\iraqi_53_5.wav,5
saudi_51_10,Saudi,f801687c-36a9-481b-85df-4e2749e6e2f1,Saudi\saudi_51_10.wav,5
syrian_37_6,Syrian,4effd2b5-7a1b-44f6-ac2a-d767d8b1d451,Syrian\syrian_37_6.wav,5
bahraini_50_6,Bahraini,9f270e4f-ecf6-4385-ba5b-bffbd96bce30,Bahraini\bahraini_50_6.wav,5
jordanian_59_7,Jordanian,c33d69ff-d62e-490d-8d02-4a5604aa31ee,Jordanian\jordanian_59_7.wav,5
iraqi_59_5,Iraqi,6a7cbf3a-41fc-4b9f-9a36-85696386ffdc,Iraqi\iraqi_59_5.wav,5
saudi_37_2,Saudi,f801687c-36a9-481b-85df-4e2749e6e2f1,Saudi\saudi_37_2.wav,5
bahraini_64_6,Bahraini,9f270e4f-ecf6-4385-ba5b-bffbd96bce30,Bahraini\bahraini_64_6.wav,5
palestinian_49_9,Palestinian,bce0d97e-d095-4f46-9208-f43a1e87b675,Palestinian\palestinian_49_9.wav,5
iraqi_62_3,Iraqi,08c8cb6d-1dc5-4bdb-b383-76456ee3f553,Iraqi\iraqi_62_3.wav,5
egyptian_42_4,Egyptian,a7b5f8d7-195d-4c9f-913f-c36c89767da2,Egyptian\egyptian_42_4.wav,5
iraqi_55_5,Iraqi,6a7cbf3a-41fc-4b9f-9a36-85696386ffdc,Iraqi\iraqi_55_5.wav,5
iraqi_33_9,Iraqi,6a7cbf3a-41fc-4b9f-9a36-85696386ffdc,Iraqi\iraqi_33_9.wav,5
lebanese_50_9,Lebanese,353941dc-d0f3-4488-b55b-af79f20c3f4f,Lebanese\lebanese_50_9.wav,5
bahraini_67_1,Bahraini,9f270e4f-ecf6-4385-ba5b-bffbd96bce30,Bahraini\bahraini_67_1.wav,5
egyptian_32_11,Egyptian,1ddfa984-770c-489b-b7ff-f7e855ae02ad,Egyptian\egyptian_32_11.wav,5
palestinian_34_2,Palestinian,e6818510-7200-46dc-9a31-296642bbdb3d,Palestinian\palestinian_34_2.wav,5
egyptian_35_2,Egyptian,a7b5f8d7-195d-4c9f-913f-c36c89767da2,Egyptian\egyptian_35_2.wav,5
egyptian_59_2,Egyptian,168980c4-9093-4ac8-bae3-dfd1fda17aa3,Egyptian\egyptian_59_2.wav,5
bahraini_40_4,Bahraini,9f270e4f-ecf6-4385-ba5b-bffbd96bce30,Bahraini\bahraini_40_4.wav,5
saudi_35_9,Saudi,1d9ac0df-7ca0-4684-bd41-92d7fc3ca48c,Saudi\saudi_35_9.wav,5
bahraini_64_3,Bahraini,9f270e4f-ecf6-4385-ba5b-bffbd96bce30,Bahraini\bahraini_64_3.wav,5
palestinian_29_5,Palestinian,9b681127-7a73-4682-bfa1-8a591f704525,Palestinian\palestinian_29_5.wav,5
lebanese_30_9,Lebanese,b05e4aa7-8173-4f8b-9f23-9c70b11e13ba,Lebanese\lebanese_30_9.wav,5
jordanian_37_3,Jordanian,c33d69ff-d62e-490d-8d02-4a5604aa31ee,Jordanian\jordanian_37_3.wav,5
saudi_58_7,Saudi,f801687c-36a9-481b-85df-4e2749e6e2f1,Saudi\saudi_58_7.wav,5
jordanian_37_7,Jordanian,c33d69ff-d62e-490d-8d02-4a5604aa31ee,Jordanian\jordanian_37_7.wav,5
iraqi_23,Iraqi,08c8cb6d-1dc5-4bdb-b383-76456ee3f553,Iraqi\iraqi_23.wav,7
egyptian_46_2,Egyptian,3e53bfa4-d3eb-4cdb-a8d4-d771c1d5b38f,Egyptian\egyptian_46_2.wav,5
emarati_39_2,Emarati,1ccf0721-94c6-4f94-bda1-a6be1fc0299a,Emarati\emarati_39_2.wav,5
emarati_48_5,Emarati,1ccf0721-94c6-4f94-bda1-a6be1fc0299a,Emarati\emarati_48_5.wav,5
palestinian_30_6,Palestinian,bce0d97e-d095-4f46-9208-f43a1e87b675,Palestinian\palestinian_30_6.wav,5
palestinian_6,Palestinian,9b681127-7a73-4682-bfa1-8a591f704525,Palestinian\palestinian_6.wav,5
jordanian_42_10,Jordanian,1c01e308-611e-444e-af08-4434c0922252,Jordanian\jordanian_42_10.wav,5
jordanian_61_5,Jordanian,1c01e308-611e-444e-af08-4434c0922252,Jordanian\jordanian_61_5.wav,5
lebanese_42_4,Lebanese,b05e4aa7-8173-4f8b-9f23-9c70b11e13ba,Lebanese\lebanese_42_4.wav,5
palestinian_29_8,Palestinian,9b681127-7a73-4682-bfa1-8a591f704525,Palestinian\palestinian_29_8.wav,5
jordanian_43_5,Jordanian,c33d69ff-d62e-490d-8d02-4a5604aa31ee,Jordanian\jordanian_43_5.wav,5
iraqi_39_3,Iraqi,08c8cb6d-1dc5-4bdb-b383-76456ee3f553,Iraqi\iraqi_39_3.wav,5
emarati_13,Emarati,a64825a5-8255-4b0a-8cd2-9445029efc3e,Emarati\emarati_13.wav,6
iraqi_10,Iraqi,6a7cbf3a-41fc-4b9f-9a36-85696386ffdc,Iraqi\iraqi_10.wav,5
lebanese_54_2,Lebanese,b05e4aa7-8173-4f8b-9f23-9c70b11e13ba,Lebanese\lebanese_54_2.wav,5
palestinian_38_7,Palestinian,bce0d97e-d095-4f46-9208-f43a1e87b675,Palestinian\palestinian_38_7.wav,5
emarati_42_9,Emarati,55615163-1054-43e7-a808-79e782bbcd17,Emarati\emarati_42_9.wav,5
iraqi_31_9,Iraqi,08c8cb6d-1dc5-4bdb-b383-76456ee3f553,Iraqi\iraqi_31_9.wav,5
emarati_52_9,Emarati,1ccf0721-94c6-4f94-bda1-a6be1fc0299a,Emarati\emarati_52_9.wav,5
emarati_53_8,Emarati,11358928-2d31-4b49-9f54-edca9ba2f439,Emarati\emarati_53_8.wav,5
iraqi_57_5,Iraqi,08c8cb6d-1dc5-4bdb-b383-76456ee3f553,Iraqi\iraqi_57_5.wav,5
saudi_40_2,Saudi,f801687c-36a9-481b-85df-4e2749e6e2f1,Saudi\saudi_40_2.wav,5
egyptian_52_2,Egyptian,d03be981-0a70-4215-a91f-9b6230adbf01,Egyptian\egyptian_52_2.wav,5
egyptian_45_4,Egyptian,a7b5f8d7-195d-4c9f-913f-c36c89767da2,Egyptian\egyptian_45_4.wav,5
emarati_59_2,Emarati,55615163-1054-43e7-a808-79e782bbcd17,Emarati\emarati_59_2.wav,5
jordanian_40_1,Jordanian,c33d69ff-d62e-490d-8d02-4a5604aa31ee,Jordanian\jordanian_40_1.wav,5
syrian_44_4,Syrian,4effd2b5-7a1b-44f6-ac2a-d767d8b1d451,Syrian\syrian_44_4.wav,5
emarati_47_2,Emarati,a64825a5-8255-4b0a-8cd2-9445029efc3e,Emarati\emarati_47_2.wav,5
jordanian_40_6,Jordanian,c33d69ff-d62e-490d-8d02-4a5604aa31ee,Jordanian\jordanian_40_6.wav,5
palestinian_35_1,Palestinian,078338c4-7788-4371-95d4-1bbe45021113,Palestinian\palestinian_35_1.wav,5
bahraini_42_6,Bahraini,9f270e4f-ecf6-4385-ba5b-bffbd96bce30,Bahraini\bahraini_42_6.wav,5
emarati_53_6,Emarati,11358928-2d31-4b49-9f54-edca9ba2f439,Emarati\emarati_53_6.wav,5
palestinian_44_2,Palestinian,9b681127-7a73-4682-bfa1-8a591f704525,Palestinian\palestinian_44_2.wav,5
iraqi_54_4,Iraqi,08c8cb6d-1dc5-4bdb-b383-76456ee3f553,Iraqi\iraqi_54_4.wav,5
bahraini_47_6,Bahraini,9f270e4f-ecf6-4385-ba5b-bffbd96bce30,Bahraini\bahraini_47_6.wav,5
egyptian_48_10,Egyptian,a7b5f8d7-195d-4c9f-913f-c36c89767da2,Egyptian\egyptian_48_10.wav,5
emarati_51_1,Emarati,6fa09f45-07c7-4451-9500-d9792b881321,Emarati\emarati_51_1.wav,5
egyptian_46_7,Egyptian,3e53bfa4-d3eb-4cdb-a8d4-d771c1d5b38f,Egyptian\egyptian_46_7.wav,5
bahraini_48_4,Bahraini,9f270e4f-ecf6-4385-ba5b-bffbd96bce30,Bahraini\bahraini_48_4.wav,5
emarati_48_8,Emarati,1ccf0721-94c6-4f94-bda1-a6be1fc0299a,Emarati\emarati_48_8.wav,5
palestinian_43_6,Palestinian,bce0d97e-d095-4f46-9208-f43a1e87b675,Palestinian\palestinian_43_6.wav,5
jordanian_9,Jordanian,1c01e308-611e-444e-af08-4434c0922252,Jordanian\jordanian_9.wav,7
saudi_56_2,Saudi,9d2643e4-4785-43e7-961a-20a8d2cbfc33,Saudi\saudi_56_2.wav,5
egyptian_53_5,Egyptian,a7b5f8d7-195d-4c9f-913f-c36c89767da2,Egyptian\egyptian_53_5.wav,5
lebanese_40_6,Lebanese,b05e4aa7-8173-4f8b-9f23-9c70b11e13ba,Lebanese\lebanese_40_6.wav,5
egyptian_32_7,Egyptian,1ddfa984-770c-489b-b7ff-f7e855ae02ad,Egyptian\egyptian_32_7.wav,5
saudi_30_3,Saudi,6c680f29-a6ca-4624-8886-ab277cb330dc,Saudi\saudi_30_3.wav,5
syrian_25_2,Syrian,4effd2b5-7a1b-44f6-ac2a-d767d8b1d451,Syrian\syrian_25_2.wav,5
jordanian_55_1,Jordanian,c33d69ff-d62e-490d-8d02-4a5604aa31ee,Jordanian\jordanian_55_1.wav,5
syrian_37_1,Syrian,4effd2b5-7a1b-44f6-ac2a-d767d8b1d451,Syrian\syrian_37_1.wav,5
egyptian_31_10,Egyptian,1ddfa984-770c-489b-b7ff-f7e855ae02ad,Egyptian\egyptian_31_10.wav,5
palestinian_26_7,Palestinian,078338c4-7788-4371-95d4-1bbe45021113,Palestinian\palestinian_26_7.wav,5
palestinian_33_6,Palestinian,bce0d97e-d095-4f46-9208-f43a1e87b675,Palestinian\palestinian_33_6.wav,5
palestinian_41_10,Palestinian,9b681127-7a73-4682-bfa1-8a591f704525,Palestinian\palestinian_41_10.wav,5
lebanese_54_9,Lebanese,b05e4aa7-8173-4f8b-9f23-9c70b11e13ba,Lebanese\lebanese_54_9.wav,5
egyptian_58_4,Egyptian,d03be981-0a70-4215-a91f-9b6230adbf01,Egyptian\egyptian_58_4.wav,5
iraqi_57_2,Iraqi,08c8cb6d-1dc5-4bdb-b383-76456ee3f553,Iraqi\iraqi_57_2.wav,5
lebanese_53_15,Lebanese,b05e4aa7-8173-4f8b-9f23-9c70b11e13ba,Lebanese\lebanese_53_15.wav,5
iraqi_30,Iraqi,08c8cb6d-1dc5-4bdb-b383-76456ee3f553,Iraqi\iraqi_30.wav,5
bahraini_66_5,Bahraini,9f270e4f-ecf6-4385-ba5b-bffbd96bce30,Bahraini\bahraini_66_5.wav,5
egyptian_46_3,Egyptian,3e53bfa4-d3eb-4cdb-a8d4-d771c1d5b38f,Egyptian\egyptian_46_3.wav,5
bahraini_46_1,Bahraini,9f270e4f-ecf6-4385-ba5b-bffbd96bce30,Bahraini\bahraini_46_1.wav,5
bahraini_47_3,Bahraini,9f270e4f-ecf6-4385-ba5b-bffbd96bce30,Bahraini\bahraini_47_3.wav,5
lebanese_42_6,Lebanese,b05e4aa7-8173-4f8b-9f23-9c70b11e13ba,Lebanese\lebanese_42_6.wav,5
jordanian_43_7,Jordanian,c33d69ff-d62e-490d-8d02-4a5604aa31ee,Jordanian\jordanian_43_7.wav,5
jordanian_62_8,Jordanian,1c01e308-611e-444e-af08-4434c0922252,Jordanian\jordanian_62_8.wav,5
lebanese_57_3,Lebanese,b05e4aa7-8173-4f8b-9f23-9c70b11e13ba,Lebanese\lebanese_57_3.wav,5
iraqi_48_3,Iraqi,08c8cb6d-1dc5-4bdb-b383-76456ee3f553,Iraqi\iraqi_48_3.wav,5
egyptian_41_1,Egyptian,3e53bfa4-d3eb-4cdb-a8d4-d771c1d5b38f,Egyptian\egyptian_41_1.wav,5
lebanese_30_13,Lebanese,b05e4aa7-8173-4f8b-9f23-9c70b11e13ba,Lebanese\lebanese_30_13.wav,5
palestinian_22_1,Palestinian,e6818510-7200-46dc-9a31-296642bbdb3d,Palestinian\palestinian_22_1.wav,5
palestinian_34_5,Palestinian,e6818510-7200-46dc-9a31-296642bbdb3d,Palestinian\palestinian_34_5.wav,5
palestinian_25_4,Palestinian,bce0d97e-d095-4f46-9208-f43a1e87b675,Palestinian\palestinian_25_4.wav,5
emarati_42_11,Emarati,55615163-1054-43e7-a808-79e782bbcd17,Emarati\emarati_42_11.wav,5
lebanese_30_4,Lebanese,b05e4aa7-8173-4f8b-9f23-9c70b11e13ba,Lebanese\lebanese_30_4.wav,5
bahraini_63_6,Bahraini,9f270e4f-ecf6-4385-ba5b-bffbd96bce30,Bahraini\bahraini_63_6.wav,5
syrian_38_1,Syrian,1a15886c-76a5-4165-8bb8-dd0b4ebcb3c8,Syrian\syrian_38_1.wav,5
egyptian_42_5,Egyptian,a7b5f8d7-195d-4c9f-913f-c36c89767da2,Egyptian\egyptian_42_5.wav,5
egyptian_47_9,Egyptian,1ddfa984-770c-489b-b7ff-f7e855ae02ad,Egyptian\egyptian_47_9.wav,5
saudi_35_4,Saudi,1d9ac0df-7ca0-4684-bd41-92d7fc3ca48c,Saudi\saudi_35_4.wav,5
syrian_44_5,Syrian,4effd2b5-7a1b-44f6-ac2a-d767d8b1d451,Syrian\syrian_44_5.wav,5
palestinian_39_11,Palestinian,e6818510-7200-46dc-9a31-296642bbdb3d,Palestinian\palestinian_39_11.wav,5
emarati_59_7,Emarati,55615163-1054-43e7-a808-79e782bbcd17,Emarati\emarati_59_7.wav,5
syrian_6,Syrian,1a15886c-76a5-4165-8bb8-dd0b4ebcb3c8,Syrian\syrian_6.wav,8
lebanese_30_7,Lebanese,b05e4aa7-8173-4f8b-9f23-9c70b11e13ba,Lebanese\lebanese_30_7.wav,5
syrian_36_1,Syrian,1a15886c-76a5-4165-8bb8-dd0b4ebcb3c8,Syrian\syrian_36_1.wav,5
iraqi_45_6,Iraqi,08c8cb6d-1dc5-4bdb-b383-76456ee3f553,Iraqi\iraqi_45_6.wav,5
egyptian_34_6,Egyptian,168980c4-9093-4ac8-bae3-dfd1fda17aa3,Egyptian\egyptian_34_6.wav,5
saudi_58_4,Saudi,f801687c-36a9-481b-85df-4e2749e6e2f1,Saudi\saudi_58_4.wav,5
bahraini_17,Bahraini,9f270e4f-ecf6-4385-ba5b-bffbd96bce30,Bahraini\bahraini_17.wav,6
emarati_31_11,Emarati,55615163-1054-43e7-a808-79e782bbcd17,Emarati\emarati_31_11.wav,5
palestinian_42_1,Palestinian,9b681127-7a73-4682-bfa1-8a591f704525,Palestinian\palestinian_42_1.wav,5
jordanian_38_9,Jordanian,1c01e308-611e-444e-af08-4434c0922252,Jordanian\jordanian_38_9.wav,5
emarati_38_9,Emarati,55615163-1054-43e7-a808-79e782bbcd17,Emarati\emarati_38_9.wav,5
emarati_43_10,Emarati,a64825a5-8255-4b0a-8cd2-9445029efc3e,Emarati\emarati_43_10.wav,5
lebanese_30_12,Lebanese,b05e4aa7-8173-4f8b-9f23-9c70b11e13ba,Lebanese\lebanese_30_12.wav,5
iraqi_34_2,Iraqi,6a7cbf3a-41fc-4b9f-9a36-85696386ffdc,Iraqi\iraqi_34_2.wav,5
iraqi_0,Iraqi,08c8cb6d-1dc5-4bdb-b383-76456ee3f553,Iraqi\iraqi_0.wav,7
lebanese_51_4,Lebanese,353941dc-d0f3-4488-b55b-af79f20c3f4f,Lebanese\lebanese_51_4.wav,5
emarati_50_10,Emarati,c790ddf0-4e71-4130-ba5e-5209d0e9f24e,Emarati\emarati_50_10.wav,5
saudi_47_1,Saudi,f801687c-36a9-481b-85df-4e2749e6e2f1,Saudi\saudi_47_1.wav,5
iraqi_40_7,Iraqi,6a7cbf3a-41fc-4b9f-9a36-85696386ffdc,Iraqi\iraqi_40_7.wav,5
saudi_49_2,Saudi,1d9ac0df-7ca0-4684-bd41-92d7fc3ca48c,Saudi\saudi_49_2.wav,5
emarati_57_9,Emarati,55615163-1054-43e7-a808-79e782bbcd17,Emarati\emarati_57_9.wav,5
iraqi_58_3,Iraqi,08c8cb6d-1dc5-4bdb-b383-76456ee3f553,Iraqi\iraqi_58_3.wav,5
saudi_57_12,Saudi,9d2643e4-4785-43e7-961a-20a8d2cbfc33,Saudi\saudi_57_12.wav,5
iraqi_31_7,Iraqi,08c8cb6d-1dc5-4bdb-b383-76456ee3f553,Iraqi\iraqi_31_7.wav,5
emarati_41_5,Emarati,a64825a5-8255-4b0a-8cd2-9445029efc3e,Emarati\emarati_41_5.wav,5
jordanian_35_5,Jordanian,1c01e308-611e-444e-af08-4434c0922252,Jordanian\jordanian_35_5.wav,5
saudi_45_9,Saudi,1d9ac0df-7ca0-4684-bd41-92d7fc3ca48c,Saudi\saudi_45_9.wav,5
palestinian_39_8,Palestinian,e6818510-7200-46dc-9a31-296642bbdb3d,Palestinian\palestinian_39_8.wav,5
syrian_23_6,Syrian,4effd2b5-7a1b-44f6-ac2a-d767d8b1d451,Syrian\syrian_23_6.wav,5
syrian_41_4,Syrian,4effd2b5-7a1b-44f6-ac2a-d767d8b1d451,Syrian\syrian_41_4.wav,5
iraqi_37_7,Iraqi,6a7cbf3a-41fc-4b9f-9a36-85696386ffdc,Iraqi\iraqi_37_7.wav,5
saudi_26_3,Saudi,f801687c-36a9-481b-85df-4e2749e6e2f1,Saudi\saudi_26_3.wav,5
egyptian_39_1,Egyptian,a7b5f8d7-195d-4c9f-913f-c36c89767da2,Egyptian\egyptian_39_1.wav,5
bahraini_45_5,Bahraini,9f270e4f-ecf6-4385-ba5b-bffbd96bce30,Bahraini\bahraini_45_5.wav,5
iraqi_48_8,Iraqi,08c8cb6d-1dc5-4bdb-b383-76456ee3f553,Iraqi\iraqi_48_8.wav,5
syrian_37_5,Syrian,4effd2b5-7a1b-44f6-ac2a-d767d8b1d451,Syrian\syrian_37_5.wav,5
egyptian_60_10,Egyptian,d03be981-0a70-4215-a91f-9b6230adbf01,Egyptian\egyptian_60_10.wav,5
egyptian_57_4,Egyptian,1ddfa984-770c-489b-b7ff-f7e855ae02ad,Egyptian\egyptian_57_4.wav,5
bahraini_60_2,Bahraini,9f270e4f-ecf6-4385-ba5b-bffbd96bce30,Bahraini\bahraini_60_2.wav,5
lebanese_49_5,Lebanese,b05e4aa7-8173-4f8b-9f23-9c70b11e13ba,Lebanese\lebanese_49_5.wav,5
palestinian_23_7,Palestinian,bce0d97e-d095-4f46-9208-f43a1e87b675,Palestinian\palestinian_23_7.wav,5
lebanese_33_4,Lebanese,b05e4aa7-8173-4f8b-9f23-9c70b11e13ba,Lebanese\lebanese_33_4.wav,5
bahraini_20,Bahraini,9f270e4f-ecf6-4385-ba5b-bffbd96bce30,Bahraini\bahraini_20.wav,6
iraqi_34_5,Iraqi,6a7cbf3a-41fc-4b9f-9a36-85696386ffdc,Iraqi\iraqi_34_5.wav,5
saudi_52_11,Saudi,f801687c-36a9-481b-85df-4e2749e6e2f1,Saudi\saudi_52_11.wav,5
jordanian_33,Jordanian,1c01e308-611e-444e-af08-4434c0922252,Jordanian\jordanian_33.wav,5
egyptian_39_6,Egyptian,a7b5f8d7-195d-4c9f-913f-c36c89767da2,Egyptian\egyptian_39_6.wav,5
egyptian_56_5,Egyptian,a7b5f8d7-195d-4c9f-913f-c36c89767da2,Egyptian\egyptian_56_5.wav,5
bahraini_53_5,Bahraini,9f270e4f-ecf6-4385-ba5b-bffbd96bce30,Bahraini\bahraini_53_5.wav,5
emarati_56_7,Emarati,1ccf0721-94c6-4f94-bda1-a6be1fc0299a,Emarati\emarati_56_7.wav,5
emarati_41_1,Emarati,a64825a5-8255-4b0a-8cd2-9445029efc3e,Emarati\emarati_41_1.wav,5
lebanese_40_4,Lebanese,b05e4aa7-8173-4f8b-9f23-9c70b11e13ba,Lebanese\lebanese_40_4.wav,5
egyptian_57_9,Egyptian,1ddfa984-770c-489b-b7ff-f7e855ae02ad,Egyptian\egyptian_57_9.wav,5
syrian_26_7,Syrian,4effd2b5-7a1b-44f6-ac2a-d767d8b1d451,Syrian\syrian_26_7.wav,5
syrian_39_3,Syrian,f920ed33-e733-4635-96f5-24d08df84644,Syrian\syrian_39_3.wav,5
jordanian_58_6,Jordanian,c33d69ff-d62e-490d-8d02-4a5604aa31ee,Jordanian\jordanian_58_6.wav,5
syrian_33_4,Syrian,1a15886c-76a5-4165-8bb8-dd0b4ebcb3c8,Syrian\syrian_33_4.wav,5
jordanian_53_4,Jordanian,1c01e308-611e-444e-af08-4434c0922252,Jordanian\jordanian_53_4.wav,5
lebanese_4,Lebanese,b05e4aa7-8173-4f8b-9f23-9c70b11e13ba,Lebanese\lebanese_4.wav,7
iraqi_33_3,Iraqi,6a7cbf3a-41fc-4b9f-9a36-85696386ffdc,Iraqi\iraqi_33_3.wav,5
saudi_50_8,Saudi,9d2643e4-4785-43e7-961a-20a8d2cbfc33,Saudi\saudi_50_8.wav,5
bahraini_66_8,Bahraini,9f270e4f-ecf6-4385-ba5b-bffbd96bce30,Bahraini\bahraini_66_8.wav,5
syrian_31_2,Syrian,1a15886c-76a5-4165-8bb8-dd0b4ebcb3c8,Syrian\syrian_31_2.wav,5
emarati_55_2,Emarati,1ccf0721-94c6-4f94-bda1-a6be1fc0299a,Emarati\emarati_55_2.wav,5
syrian_33_2,Syrian,1a15886c-76a5-4165-8bb8-dd0b4ebcb3c8,Syrian\syrian_33_2.wav,5
palestinian_34_8,Palestinian,e6818510-7200-46dc-9a31-296642bbdb3d,Palestinian\palestinian_34_8.wav,5
iraqi_44_7,Iraqi,08c8cb6d-1dc5-4bdb-b383-76456ee3f553,Iraqi\iraqi_44_7.wav,5
egyptian_40_5,Egyptian,a7b5f8d7-195d-4c9f-913f-c36c89767da2,Egyptian\egyptian_40_5.wav,5
palestinian_44_5,Palestinian,9b681127-7a73-4682-bfa1-8a591f704525,Palestinian\palestinian_44_5.wav,5
egyptian_54_2,Egyptian,1ddfa984-770c-489b-b7ff-f7e855ae02ad,Egyptian\egyptian_54_2.wav,5
jordanian_37_9,Jordanian,c33d69ff-d62e-490d-8d02-4a5604aa31ee,Jordanian\jordanian_37_9.wav,5
palestinian_48_5,Palestinian,9b681127-7a73-4682-bfa1-8a591f704525,Palestinian\palestinian_48_5.wav,5
emarati_43_1,Emarati,a64825a5-8255-4b0a-8cd2-9445029efc3e,Emarati\emarati_43_1.wav,5
egyptian_53_4,Egyptian,a7b5f8d7-195d-4c9f-913f-c36c89767da2,Egyptian\egyptian_53_4.wav,5
lebanese_30_5,Lebanese,b05e4aa7-8173-4f8b-9f23-9c70b11e13ba,Lebanese\lebanese_30_5.wav,5
emarati_31_13,Emarati,55615163-1054-43e7-a808-79e782bbcd17,Emarati\emarati_31_13.wav,5
emarati_45_4,Emarati,11358928-2d31-4b49-9f54-edca9ba2f439,Emarati\emarati_45_4.wav,5
palestinian_21_6,Palestinian,79ade34b-27e7-4176-96bf-e3bf764d8e29,Palestinian\palestinian_21_6.wav,5
syrian_38_2,Syrian,1a15886c-76a5-4165-8bb8-dd0b4ebcb3c8,Syrian\syrian_38_2.wav,5
jordanian_53_6,Jordanian,1c01e308-611e-444e-af08-4434c0922252,Jordanian\jordanian_53_6.wav,5
iraqi_38_7,Iraqi,08c8cb6d-1dc5-4bdb-b383-76456ee3f553,Iraqi\iraqi_38_7.wav,5
iraqi_31_4,Iraqi,08c8cb6d-1dc5-4bdb-b383-76456ee3f553,Iraqi\iraqi_31_4.wav,5
saudi_59_8,Saudi,1d9ac0df-7ca0-4684-bd41-92d7fc3ca48c,Saudi\saudi_59_8.wav,5
saudi_31_6,Saudi,9d2643e4-4785-43e7-961a-20a8d2cbfc33,Saudi\saudi_31_6.wav,5
syrian_54_7,Syrian,1a15886c-76a5-4165-8bb8-dd0b4ebcb3c8,Syrian\syrian_54_7.wav,5
lebanese_40_9,Lebanese,b05e4aa7-8173-4f8b-9f23-9c70b11e13ba,Lebanese\lebanese_40_9.wav,5
bahraini_48_2,Bahraini,9f270e4f-ecf6-4385-ba5b-bffbd96bce30,Bahraini\bahraini_48_2.wav,5
jordanian_64_9,Jordanian,c33d69ff-d62e-490d-8d02-4a5604aa31ee,Jordanian\jordanian_64_9.wav,5
syrian_29_3,Syrian,f920ed33-e733-4635-96f5-24d08df84644,Syrian\syrian_29_3.wav,5
iraqi_46_4,Iraqi,08c8cb6d-1dc5-4bdb-b383-76456ee3f553,Iraqi\iraqi_46_4.wav,5
lebanese_32_5,Lebanese,b05e4aa7-8173-4f8b-9f23-9c70b11e13ba,Lebanese\lebanese_32_5.wav,5
emarati_40_10,Emarati,55615163-1054-43e7-a808-79e782bbcd17,Emarati\emarati_40_10.wav,5
saudi_51_4,Saudi,f801687c-36a9-481b-85df-4e2749e6e2f1,Saudi\saudi_51_4.wav,5
jordanian_39_7,Jordanian,c33d69ff-d62e-490d-8d02-4a5604aa31ee,Jordanian\jordanian_39_7.wav,5
jordanian_55_2,Jordanian,c33d69ff-d62e-490d-8d02-4a5604aa31ee,Jordanian\jordanian_55_2.wav,5
emarati_63_11,Emarati,a64825a5-8255-4b0a-8cd2-9445029efc3e,Emarati\emarati_63_11.wav,5
lebanese_36_8,Lebanese,353941dc-d0f3-4488-b55b-af79f20c3f4f,Lebanese\lebanese_36_8.wav,5
bahraini_57_5,Bahraini,9f270e4f-ecf6-4385-ba5b-bffbd96bce30,Bahraini\bahraini_57_5.wav,5
emarati_3,Emarati,a64825a5-8255-4b0a-8cd2-9445029efc3e,Emarati\emarati_3.wav,6
jordanian_39_1,Jordanian,c33d69ff-d62e-490d-8d02-4a5604aa31ee,Jordanian\jordanian_39_1.wav,5
emarati_20,Emarati,3c249172-a61a-4a72-9375-1591b73d7ef6,Emarati\emarati_20.wav,5
lebanese_33_12,Lebanese,b05e4aa7-8173-4f8b-9f23-9c70b11e13ba,Lebanese\lebanese_33_12.wav,5
lebanese_33_1,Lebanese,b05e4aa7-8173-4f8b-9f23-9c70b11e13ba,Lebanese\lebanese_33_1.wav,5
palestinian_31_8,Palestinian,9b681127-7a73-4682-bfa1-8a591f704525,Palestinian\palestinian_31_8.wav,5
jordanian_47_2,Jordanian,c33d69ff-d62e-490d-8d02-4a5604aa31ee,Jordanian\jordanian_47_2.wav,5
bahraini_42_3,Bahraini,9f270e4f-ecf6-4385-ba5b-bffbd96bce30,Bahraini\bahraini_42_3.wav,5
saudi_42_3,Saudi,9d2643e4-4785-43e7-961a-20a8d2cbfc33,Saudi\saudi_42_3.wav,5
saudi_50_14,Saudi,9d2643e4-4785-43e7-961a-20a8d2cbfc33,Saudi\saudi_50_14.wav,5
emarati_51_5,Emarati,6fa09f45-07c7-4451-9500-d9792b881321,Emarati\emarati_51_5.wav,5
emarati_46_9,Emarati,55615163-1054-43e7-a808-79e782bbcd17,Emarati\emarati_46_9.wav,5
egyptian_35_9,Egyptian,a7b5f8d7-195d-4c9f-913f-c36c89767da2,Egyptian\egyptian_35_9.wav,5
emarati_40_6,Emarati,55615163-1054-43e7-a808-79e782bbcd17,Emarati\emarati_40_6.wav,5
saudi_57_2,Saudi,9d2643e4-4785-43e7-961a-20a8d2cbfc33,Saudi\saudi_57_2.wav,5
emarati_61_5,Emarati,a64825a5-8255-4b0a-8cd2-9445029efc3e,Emarati\emarati_61_5.wav,5
jordanian_36_2,Jordanian,1c01e308-611e-444e-af08-4434c0922252,Jordanian\jordanian_36_2.wav,5
jordanian_40_5,Jordanian,c33d69ff-d62e-490d-8d02-4a5604aa31ee,Jordanian\jordanian_40_5.wav,5
iraqi_37_9,Iraqi,6a7cbf3a-41fc-4b9f-9a36-85696386ffdc,Iraqi\iraqi_37_9.wav,5
lebanese_43_6,Lebanese,353941dc-d0f3-4488-b55b-af79f20c3f4f,Lebanese\lebanese_43_6.wav,5
egyptian_13,Egyptian,d03be981-0a70-4215-a91f-9b6230adbf01,Egyptian\egyptian_13.wav,9
lebanese_24,Lebanese,353941dc-d0f3-4488-b55b-af79f20c3f4f,Lebanese\lebanese_24.wav,5
lebanese_44_4,Lebanese,b05e4aa7-8173-4f8b-9f23-9c70b11e13ba,Lebanese\lebanese_44_4.wav,5
saudi_37_7,Saudi,f801687c-36a9-481b-85df-4e2749e6e2f1,Saudi\saudi_37_7.wav,5
egyptian_45_6,Egyptian,a7b5f8d7-195d-4c9f-913f-c36c89767da2,Egyptian\egyptian_45_6.wav,5
lebanese_43_3,Lebanese,353941dc-d0f3-4488-b55b-af79f20c3f4f,Lebanese\lebanese_43_3.wav,5
lebanese_52_8,Lebanese,353941dc-d0f3-4488-b55b-af79f20c3f4f,Lebanese\lebanese_52_8.wav,5
lebanese_47_1,Lebanese,b05e4aa7-8173-4f8b-9f23-9c70b11e13ba,Lebanese\lebanese_47_1.wav,5
palestinian_41_7,Palestinian,9b681127-7a73-4682-bfa1-8a591f704525,Palestinian\palestinian_41_7.wav,5
jordanian_25,Jordanian,1c01e308-611e-444e-af08-4434c0922252,Jordanian\jordanian_25.wav,5
iraqi_50_3,Iraqi,6a7cbf3a-41fc-4b9f-9a36-85696386ffdc,Iraqi\iraqi_50_3.wav,5
iraqi_54_2,Iraqi,08c8cb6d-1dc5-4bdb-b383-76456ee3f553,Iraqi\iraqi_54_2.wav,5
lebanese_9,Lebanese,353941dc-d0f3-4488-b55b-af79f20c3f4f,Lebanese\lebanese_9.wav,5
saudi_18,Saudi,1d9ac0df-7ca0-4684-bd41-92d7fc3ca48c,Saudi\saudi_18.wav,6
saudi_37_8,Saudi,f801687c-36a9-481b-85df-4e2749e6e2f1,Saudi\saudi_37_8.wav,5
lebanese_54_1,Lebanese,b05e4aa7-8173-4f8b-9f23-9c70b11e13ba,Lebanese\lebanese_54_1.wav,5
egyptian_37_11,Egyptian,1ddfa984-770c-489b-b7ff-f7e855ae02ad,Egyptian\egyptian_37_11.wav,5
lebanese_54_13,Lebanese,b05e4aa7-8173-4f8b-9f23-9c70b11e13ba,Lebanese\lebanese_54_13.wav,5
saudi_40_10,Saudi,f801687c-36a9-481b-85df-4e2749e6e2f1,Saudi\saudi_40_10.wav,5
egyptian_60_3,Egyptian,d03be981-0a70-4215-a91f-9b6230adbf01,Egyptian\egyptian_60_3.wav,5
lebanese_53_12,Lebanese,b05e4aa7-8173-4f8b-9f23-9c70b11e13ba,Lebanese\lebanese_53_12.wav,5
emarati_33_3,Emarati,6fa09f45-07c7-4451-9500-d9792b881321,Emarati\emarati_33_3.wav,5
saudi_44_8,Saudi,6c680f29-a6ca-4624-8886-ab277cb330dc,Saudi\saudi_44_8.wav,5
egyptian_12,Egyptian,3e53bfa4-d3eb-4cdb-a8d4-d771c1d5b38f,Egyptian\egyptian_12.wav,9
bahraini_60_1,Bahraini,9f270e4f-ecf6-4385-ba5b-bffbd96bce30,Bahraini\bahraini_60_1.wav,5
emarati_50_7,Emarati,c790ddf0-4e71-4130-ba5e-5209d0e9f24e,Emarati\emarati_50_7.wav,5
syrian_4,Syrian,4effd2b5-7a1b-44f6-ac2a-d767d8b1d451,Syrian\syrian_4.wav,5
egyptian_49_3,Egyptian,1ddfa984-770c-489b-b7ff-f7e855ae02ad,Egyptian\egyptian_49_3.wav,5
jordanian_46_3,Jordanian,1c01e308-611e-444e-af08-4434c0922252,Jordanian\jordanian_46_3.wav,5
saudi_57_11,Saudi,9d2643e4-4785-43e7-961a-20a8d2cbfc33,Saudi\saudi_57_11.wav,5
lebanese_54_12,Lebanese,b05e4aa7-8173-4f8b-9f23-9c70b11e13ba,Lebanese\lebanese_54_12.wav,5
emarati_59_1,Emarati,55615163-1054-43e7-a808-79e782bbcd17,Emarati\emarati_59_1.wav,5
emarati_34_8,Emarati,a64825a5-8255-4b0a-8cd2-9445029efc3e,Emarati\emarati_34_8.wav,5
saudi_50_11,Saudi,9d2643e4-4785-43e7-961a-20a8d2cbfc33,Saudi\saudi_50_11.wav,5
saudi_39_1,Saudi,1d9ac0df-7ca0-4684-bd41-92d7fc3ca48c,Saudi\saudi_39_1.wav,5
lebanese_52_2,Lebanese,353941dc-d0f3-4488-b55b-af79f20c3f4f,Lebanese\lebanese_52_2.wav,5
lebanese_32_2,Lebanese,b05e4aa7-8173-4f8b-9f23-9c70b11e13ba,Lebanese\lebanese_32_2.wav,5
saudi_34_3,Saudi,9d2643e4-4785-43e7-961a-20a8d2cbfc33,Saudi\saudi_34_3.wav,5
lebanese_34_7,Lebanese,b05e4aa7-8173-4f8b-9f23-9c70b11e13ba,Lebanese\lebanese_34_7.wav,5
saudi_29_2,Saudi,f801687c-36a9-481b-85df-4e2749e6e2f1,Saudi\saudi_29_2.wav,5
saudi_36_7,Saudi,f801687c-36a9-481b-85df-4e2749e6e2f1,Saudi\saudi_36_7.wav,5
emarati_39_9,Emarati,1ccf0721-94c6-4f94-bda1-a6be1fc0299a,Emarati\emarati_39_9.wav,5
jordanian_64_2,Jordanian,c33d69ff-d62e-490d-8d02-4a5604aa31ee,Jordanian\jordanian_64_2.wav,5
lebanese_52_3,Lebanese,353941dc-d0f3-4488-b55b-af79f20c3f4f,Lebanese\lebanese_52_3.wav,5
jordanian_56_3,Jordanian,1c01e308-611e-444e-af08-4434c0922252,Jordanian\jordanian_56_3.wav,5
iraqi_38_8,Iraqi,08c8cb6d-1dc5-4bdb-b383-76456ee3f553,Iraqi\iraqi_38_8.wav,5
lebanese_47_13,Lebanese,b05e4aa7-8173-4f8b-9f23-9c70b11e13ba,Lebanese\lebanese_47_13.wav,5
saudi_58_8,Saudi,f801687c-36a9-481b-85df-4e2749e6e2f1,Saudi\saudi_58_8.wav,5
syrian_30_7,Syrian,4effd2b5-7a1b-44f6-ac2a-d767d8b1d451,Syrian\syrian_30_7.wav,5
jordanian_53_7,Jordanian,1c01e308-611e-444e-af08-4434c0922252,Jordanian\jordanian_53_7.wav,5
egyptian_60_5,Egyptian,d03be981-0a70-4215-a91f-9b6230adbf01,Egyptian\egyptian_60_5.wav,5
palestinian_29_3,Palestinian,9b681127-7a73-4682-bfa1-8a591f704525,Palestinian\palestinian_29_3.wav,5
emarati_45_7,Emarati,11358928-2d31-4b49-9f54-edca9ba2f439,Emarati\emarati_45_7.wav,5
egyptian_54_9,Egyptian,1ddfa984-770c-489b-b7ff-f7e855ae02ad,Egyptian\egyptian_54_9.wav,5
lebanese_38_7,Lebanese,353941dc-d0f3-4488-b55b-af79f20c3f4f,Lebanese\lebanese_38_7.wav,5
emarati_34_3,Emarati,a64825a5-8255-4b0a-8cd2-9445029efc3e,Emarati\emarati_34_3.wav,5
emarati_35_2,Emarati,c790ddf0-4e71-4130-ba5e-5209d0e9f24e,Emarati\emarati_35_2.wav,5
palestinian_26_3,Palestinian,078338c4-7788-4371-95d4-1bbe45021113,Palestinian\palestinian_26_3.wav,5
egyptian_57_7,Egyptian,1ddfa984-770c-489b-b7ff-f7e855ae02ad,Egyptian\egyptian_57_7.wav,5
saudi_44_6,Saudi,6c680f29-a6ca-4624-8886-ab277cb330dc,Saudi\saudi_44_6.wav,5
emarati_49_4,Emarati,1ccf0721-94c6-4f94-bda1-a6be1fc0299a,Emarati\emarati_49_4.wav,5
egyptian_58_2,Egyptian,d03be981-0a70-4215-a91f-9b6230adbf01,Egyptian\egyptian_58_2.wav,5
bahraini_46_7,Bahraini,9f270e4f-ecf6-4385-ba5b-bffbd96bce30,Bahraini\bahraini_46_7.wav,5
lebanese_56_3,Lebanese,b05e4aa7-8173-4f8b-9f23-9c70b11e13ba,Lebanese\lebanese_56_3.wav,5
egyptian_41_4,Egyptian,3e53bfa4-d3eb-4cdb-a8d4-d771c1d5b38f,Egyptian\egyptian_41_4.wav,5
palestinian_24_9,Palestinian,79ade34b-27e7-4176-96bf-e3bf764d8e29,Palestinian\palestinian_24_9.wav,5
egyptian_60_1,Egyptian,d03be981-0a70-4215-a91f-9b6230adbf01,Egyptian\egyptian_60_1.wav,5
saudi_54_2,Saudi,9d2643e4-4785-43e7-961a-20a8d2cbfc33,Saudi\saudi_54_2.wav,5
egyptian_50_8,Egyptian,168980c4-9093-4ac8-bae3-dfd1fda17aa3,Egyptian\egyptian_50_8.wav,5
palestinian_38_3,Palestinian,bce0d97e-d095-4f46-9208-f43a1e87b675,Palestinian\palestinian_38_3.wav,5
lebanese_33_3,Lebanese,b05e4aa7-8173-4f8b-9f23-9c70b11e13ba,Lebanese\lebanese_33_3.wav,5
iraqi_51_1,Iraqi,08c8cb6d-1dc5-4bdb-b383-76456ee3f553,Iraqi\iraqi_51_1.wav,5
egyptian_37_7,Egyptian,1ddfa984-770c-489b-b7ff-f7e855ae02ad,Egyptian\egyptian_37_7.wav,5
egyptian_49_4,Egyptian,1ddfa984-770c-489b-b7ff-f7e855ae02ad,Egyptian\egyptian_49_4.wav,5
jordanian_56_6,Jordanian,1c01e308-611e-444e-af08-4434c0922252,Jordanian\jordanian_56_6.wav,5
emarati_35_4,Emarati,c790ddf0-4e71-4130-ba5e-5209d0e9f24e,Emarati\emarati_35_4.wav,5
egyptian_50_9,Egyptian,168980c4-9093-4ac8-bae3-dfd1fda17aa3,Egyptian\egyptian_50_9.wav,5
emarati_31_8,Emarati,55615163-1054-43e7-a808-79e782bbcd17,Emarati\emarati_31_8.wav,5
lebanese_21,Lebanese,b05e4aa7-8173-4f8b-9f23-9c70b11e13ba,Lebanese\lebanese_21.wav,12
iraqi_48_4,Iraqi,08c8cb6d-1dc5-4bdb-b383-76456ee3f553,Iraqi\iraqi_48_4.wav,5
saudi_54_9,Saudi,9d2643e4-4785-43e7-961a-20a8d2cbfc33,Saudi\saudi_54_9.wav,5
emarati_40_9,Emarati,55615163-1054-43e7-a808-79e782bbcd17,Emarati\emarati_40_9.wav,5
egyptian_54_10,Egyptian,1ddfa984-770c-489b-b7ff-f7e855ae02ad,Egyptian\egyptian_54_10.wav,5
iraqi_35_2,Iraqi,6a7cbf3a-41fc-4b9f-9a36-85696386ffdc,Iraqi\iraqi_35_2.wav,5
syrian_30_6,Syrian,4effd2b5-7a1b-44f6-ac2a-d767d8b1d451,Syrian\syrian_30_6.wav,5
saudi_51_12,Saudi,f801687c-36a9-481b-85df-4e2749e6e2f1,Saudi\saudi_51_12.wav,5
palestinian_43_5,Palestinian,bce0d97e-d095-4f46-9208-f43a1e87b675,Palestinian\palestinian_43_5.wav,5
lebanese_57_7,Lebanese,b05e4aa7-8173-4f8b-9f23-9c70b11e13ba,Lebanese\lebanese_57_7.wav,5
syrian_48_3,Syrian,f920ed33-e733-4635-96f5-24d08df84644,Syrian\syrian_48_3.wav,5
palestinian_48_2,Palestinian,9b681127-7a73-4682-bfa1-8a591f704525,Palestinian\palestinian_48_2.wav,5
emarati_46_3,Emarati,55615163-1054-43e7-a808-79e782bbcd17,Emarati\emarati_46_3.wav,5
palestinian_24_5,Palestinian,79ade34b-27e7-4176-96bf-e3bf764d8e29,Palestinian\palestinian_24_5.wav,5
egyptian_39_7,Egyptian,a7b5f8d7-195d-4c9f-913f-c36c89767da2,Egyptian\egyptian_39_7.wav,5
syrian_23_1,Syrian,4effd2b5-7a1b-44f6-ac2a-d767d8b1d451,Syrian\syrian_23_1.wav,5
palestinian_27_7,Palestinian,078338c4-7788-4371-95d4-1bbe45021113,Palestinian\palestinian_27_7.wav,5
egyptian_37_6,Egyptian,1ddfa984-770c-489b-b7ff-f7e855ae02ad,Egyptian\egyptian_37_6.wav,5
iraqi_58_6,Iraqi,08c8cb6d-1dc5-4bdb-b383-76456ee3f553,Iraqi\iraqi_58_6.wav,5
syrian_49_6,Syrian,1a15886c-76a5-4165-8bb8-dd0b4ebcb3c8,Syrian\syrian_49_6.wav,5
palestinian_3,Palestinian,79ade34b-27e7-4176-96bf-e3bf764d8e29,Palestinian\palestinian_3.wav,5
syrian_53_8,Syrian,4effd2b5-7a1b-44f6-ac2a-d767d8b1d451,Syrian\syrian_53_8.wav,5
bahraini_50_2,Bahraini,9f270e4f-ecf6-4385-ba5b-bffbd96bce30,Bahraini\bahraini_50_2.wav,5
jordanian_0,Jordanian,c33d69ff-d62e-490d-8d02-4a5604aa31ee,Jordanian\jordanian_0.wav,6
bahraini_57_6,Bahraini,9f270e4f-ecf6-4385-ba5b-bffbd96bce30,Bahraini\bahraini_57_6.wav,5
lebanese_51_9,Lebanese,353941dc-d0f3-4488-b55b-af79f20c3f4f,Lebanese\lebanese_51_9.wav,5
lebanese_34_10,Lebanese,b05e4aa7-8173-4f8b-9f23-9c70b11e13ba,Lebanese\lebanese_34_10.wav,5
saudi_39_9,Saudi,1d9ac0df-7ca0-4684-bd41-92d7fc3ca48c,Saudi\saudi_39_9.wav,5
emarati_62_2,Emarati,6fa09f45-07c7-4451-9500-d9792b881321,Emarati\emarati_62_2.wav,5
egyptian_52_11,Egyptian,d03be981-0a70-4215-a91f-9b6230adbf01,Egyptian\egyptian_52_11.wav,5
palestinian_20,Palestinian,9b681127-7a73-4682-bfa1-8a591f704525,Palestinian\palestinian_20.wav,5
lebanese_52_6,Lebanese,353941dc-d0f3-4488-b55b-af79f20c3f4f,Lebanese\lebanese_52_6.wav,5
syrian_49_2,Syrian,1a15886c-76a5-4165-8bb8-dd0b4ebcb3c8,Syrian\syrian_49_2.wav,5
syrian_23_7,Syrian,4effd2b5-7a1b-44f6-ac2a-d767d8b1d451,Syrian\syrian_23_7.wav,5
iraqi_46_7,Iraqi,08c8cb6d-1dc5-4bdb-b383-76456ee3f553,Iraqi\iraqi_46_7.wav,5
emarati_61_10,Emarati,a64825a5-8255-4b0a-8cd2-9445029efc3e,Emarati\emarati_61_10.wav,5
jordanian_47_6,Jordanian,c33d69ff-d62e-490d-8d02-4a5604aa31ee,Jordanian\jordanian_47_6.wav,5
saudi_52_8,Saudi,f801687c-36a9-481b-85df-4e2749e6e2f1,Saudi\saudi_52_8.wav,5
palestinian_30_1,Palestinian,bce0d97e-d095-4f46-9208-f43a1e87b675,Palestinian\palestinian_30_1.wav,5
palestinian_28_7,Palestinian,078338c4-7788-4371-95d4-1bbe45021113,Palestinian\palestinian_28_7.wav,5
syrian_50_2,Syrian,4effd2b5-7a1b-44f6-ac2a-d767d8b1d451,Syrian\syrian_50_2.wav,5
saudi_41_3,Saudi,f801687c-36a9-481b-85df-4e2749e6e2f1,Saudi\saudi_41_3.wav,5
syrian_43_4,Syrian,f920ed33-e733-4635-96f5-24d08df84644,Syrian\syrian_43_4.wav,5
emarati_63_14,Emarati,a64825a5-8255-4b0a-8cd2-9445029efc3e,Emarati\emarati_63_14.wav,5
egyptian_27,Egyptian,a7b5f8d7-195d-4c9f-913f-c36c89767da2,Egyptian\egyptian_27.wav,5
palestinian_42_6,Palestinian,9b681127-7a73-4682-bfa1-8a591f704525,Palestinian\palestinian_42_6.wav,5
syrian_33_7,Syrian,1a15886c-76a5-4165-8bb8-dd0b4ebcb3c8,Syrian\syrian_33_7.wav,5
syrian_50_5,Syrian,4effd2b5-7a1b-44f6-ac2a-d767d8b1d451,Syrian\syrian_50_5.wav,5
emarati_31_3,Emarati,55615163-1054-43e7-a808-79e782bbcd17,Emarati\emarati_31_3.wav,5
emarati_42_1,Emarati,55615163-1054-43e7-a808-79e782bbcd17,Emarati\emarati_42_1.wav,5
egyptian_32_4,Egyptian,1ddfa984-770c-489b-b7ff-f7e855ae02ad,Egyptian\egyptian_32_4.wav,5
lebanese_46_4,Lebanese,353941dc-d0f3-4488-b55b-af79f20c3f4f,Lebanese\lebanese_46_4.wav,5
jordanian_48_2,Jordanian,1c01e308-611e-444e-af08-4434c0922252,Jordanian\jordanian_48_2.wav,5
syrian_42_5,Syrian,f920ed33-e733-4635-96f5-24d08df84644,Syrian\syrian_42_5.wav,5
lebanese_55_8,Lebanese,353941dc-d0f3-4488-b55b-af79f20c3f4f,Lebanese\lebanese_55_8.wav,5
egyptian_54_8,Egyptian,1ddfa984-770c-489b-b7ff-f7e855ae02ad,Egyptian\egyptian_54_8.wav,5
palestinian_21_2,Palestinian,79ade34b-27e7-4176-96bf-e3bf764d8e29,Palestinian\palestinian_21_2.wav,5
saudi_35_7,Saudi,1d9ac0df-7ca0-4684-bd41-92d7fc3ca48c,Saudi\saudi_35_7.wav,5
emarati_12,Emarati,11358928-2d31-4b49-9f54-edca9ba2f439,Emarati\emarati_12.wav,5
saudi_56_11,Saudi,9d2643e4-4785-43e7-961a-20a8d2cbfc33,Saudi\saudi_56_11.wav,5
lebanese_40_2,Lebanese,b05e4aa7-8173-4f8b-9f23-9c70b11e13ba,Lebanese\lebanese_40_2.wav,5
iraqi_57_7,Iraqi,08c8cb6d-1dc5-4bdb-b383-76456ee3f553,Iraqi\iraqi_57_7.wav,5
emarati_46_1,Emarati,55615163-1054-43e7-a808-79e782bbcd17,Emarati\emarati_46_1.wav,5
emarati_36_9,Emarati,a64825a5-8255-4b0a-8cd2-9445029efc3e,Emarati\emarati_36_9.wav,5
jordanian_61_8,Jordanian,1c01e308-611e-444e-af08-4434c0922252,Jordanian\jordanian_61_8.wav,5
egyptian_53_1,Egyptian,a7b5f8d7-195d-4c9f-913f-c36c89767da2,Egyptian\egyptian_53_1.wav,5
syrian_49_1,Syrian,1a15886c-76a5-4165-8bb8-dd0b4ebcb3c8,Syrian\syrian_49_1.wav,5
emarati_61_3,Emarati,a64825a5-8255-4b0a-8cd2-9445029efc3e,Emarati\emarati_61_3.wav,5
palestinian_44_10,Palestinian,9b681127-7a73-4682-bfa1-8a591f704525,Palestinian\palestinian_44_10.wav,5
lebanese_1,Lebanese,b05e4aa7-8173-4f8b-9f23-9c70b11e13ba,Lebanese\lebanese_1.wav,9
syrian_51_2,Syrian,4effd2b5-7a1b-44f6-ac2a-d767d8b1d451,Syrian\syrian_51_2.wav,5
saudi_53_2,Saudi,6c680f29-a6ca-4624-8886-ab277cb330dc,Saudi\saudi_53_2.wav,5
saudi_54_12,Saudi,9d2643e4-4785-43e7-961a-20a8d2cbfc33,Saudi\saudi_54_12.wav,5
lebanese_57_8,Lebanese,b05e4aa7-8173-4f8b-9f23-9c70b11e13ba,Lebanese\lebanese_57_8.wav,5
egyptian_50_5,Egyptian,168980c4-9093-4ac8-bae3-dfd1fda17aa3,Egyptian\egyptian_50_5.wav,5
syrian_24_1,Syrian,f920ed33-e733-4635-96f5-24d08df84644,Syrian\syrian_24_1.wav,5
emarati_6,Emarati,55615163-1054-43e7-a808-79e782bbcd17,Emarati\emarati_6.wav,6
palestinian_39_9,Palestinian,e6818510-7200-46dc-9a31-296642bbdb3d,Palestinian\palestinian_39_9.wav,5
iraqi_31_2,Iraqi,08c8cb6d-1dc5-4bdb-b383-76456ee3f553,Iraqi\iraqi_31_2.wav,5
saudi_51_13,Saudi,f801687c-36a9-481b-85df-4e2749e6e2f1,Saudi\saudi_51_13.wav,5
egyptian_47_6,Egyptian,1ddfa984-770c-489b-b7ff-f7e855ae02ad,Egyptian\egyptian_47_6.wav,5
jordanian_60_3,Jordanian,1c01e308-611e-444e-af08-4434c0922252,Jordanian\jordanian_60_3.wav,5
jordanian_39_6,Jordanian,c33d69ff-d62e-490d-8d02-4a5604aa31ee,Jordanian\jordanian_39_6.wav,5
palestinian_22_2,Palestinian,e6818510-7200-46dc-9a31-296642bbdb3d,Palestinian\palestinian_22_2.wav,5
bahraini_54_6,Bahraini,9f270e4f-ecf6-4385-ba5b-bffbd96bce30,Bahraini\bahraini_54_6.wav,5
egyptian_34_4,Egyptian,168980c4-9093-4ac8-bae3-dfd1fda17aa3,Egyptian\egyptian_34_4.wav,5
jordanian_61_1,Jordanian,1c01e308-611e-444e-af08-4434c0922252,Jordanian\jordanian_61_1.wav,5
lebanese_47_2,Lebanese,b05e4aa7-8173-4f8b-9f23-9c70b11e13ba,Lebanese\lebanese_47_2.wav,5
egyptian_50_3,Egyptian,168980c4-9093-4ac8-bae3-dfd1fda17aa3,Egyptian\egyptian_50_3.wav,5
egyptian_42_7,Egyptian,a7b5f8d7-195d-4c9f-913f-c36c89767da2,Egyptian\egyptian_42_7.wav,5
jordanian_59_3,Jordanian,c33d69ff-d62e-490d-8d02-4a5604aa31ee,Jordanian\jordanian_59_3.wav,5
saudi_59_4,Saudi,1d9ac0df-7ca0-4684-bd41-92d7fc3ca48c,Saudi\saudi_59_4.wav,5
palestinian_23_3,Palestinian,bce0d97e-d095-4f46-9208-f43a1e87b675,Palestinian\palestinian_23_3.wav,5
jordanian_51_6,Jordanian,1c01e308-611e-444e-af08-4434c0922252,Jordanian\jordanian_51_6.wav,5
lebanese_31_7,Lebanese,b05e4aa7-8173-4f8b-9f23-9c70b11e13ba,Lebanese\lebanese_31_7.wav,5
saudi_36_1,Saudi,f801687c-36a9-481b-85df-4e2749e6e2f1,Saudi\saudi_36_1.wav,5
lebanese_35_6,Lebanese,b05e4aa7-8173-4f8b-9f23-9c70b11e13ba,Lebanese\lebanese_35_6.wav,5
egyptian_48_4,Egyptian,a7b5f8d7-195d-4c9f-913f-c36c89767da2,Egyptian\egyptian_48_4.wav,5
saudi_45_7,Saudi,1d9ac0df-7ca0-4684-bd41-92d7fc3ca48c,Saudi\saudi_45_7.wav,5
egyptian_40_4,Egyptian,a7b5f8d7-195d-4c9f-913f-c36c89767da2,Egyptian\egyptian_40_4.wav,5
emarati_14,Emarati,a64825a5-8255-4b0a-8cd2-9445029efc3e,Emarati\emarati_14.wav,6
egyptian_51_5,Egyptian,168980c4-9093-4ac8-bae3-dfd1fda17aa3,Egyptian\egyptian_51_5.wav,5
emarati_28_1,Emarati,1ccf0721-94c6-4f94-bda1-a6be1fc0299a,Emarati\emarati_28_1.wav,5
iraqi_33_4,Iraqi,6a7cbf3a-41fc-4b9f-9a36-85696386ffdc,Iraqi\iraqi_33_4.wav,5
egyptian_60_7,Egyptian,d03be981-0a70-4215-a91f-9b6230adbf01,Egyptian\egyptian_60_7.wav,5
iraqi_60_1,Iraqi,6a7cbf3a-41fc-4b9f-9a36-85696386ffdc,Iraqi\iraqi_60_1.wav,5
syrian_51_6,Syrian,4effd2b5-7a1b-44f6-ac2a-d767d8b1d451,Syrian\syrian_51_6.wav,5
palestinian_36_1,Palestinian,078338c4-7788-4371-95d4-1bbe45021113,Palestinian\palestinian_36_1.wav,5
emarati_42_7,Emarati,55615163-1054-43e7-a808-79e782bbcd17,Emarati\emarati_42_7.wav,5
iraqi_41_2,Iraqi,08c8cb6d-1dc5-4bdb-b383-76456ee3f553,Iraqi\iraqi_41_2.wav,5
bahraini_52_6,Bahraini,9f270e4f-ecf6-4385-ba5b-bffbd96bce30,Bahraini\bahraini_52_6.wav,5
saudi_46_9,Saudi,f801687c-36a9-481b-85df-4e2749e6e2f1,Saudi\saudi_46_9.wav,5
egyptian_59_7,Egyptian,168980c4-9093-4ac8-bae3-dfd1fda17aa3,Egyptian\egyptian_59_7.wav,5
saudi_47_3,Saudi,f801687c-36a9-481b-85df-4e2749e6e2f1,Saudi\saudi_47_3.wav,5
saudi_49_5,Saudi,1d9ac0df-7ca0-4684-bd41-92d7fc3ca48c,Saudi\saudi_49_5.wav,5
palestinian_45_3,Palestinian,79ade34b-27e7-4176-96bf-e3bf764d8e29,Palestinian\palestinian_45_3.wav,5
jordanian_45_3,Jordanian,1c01e308-611e-444e-af08-4434c0922252,Jordanian\jordanian_45_3.wav,5
lebanese_50_7,Lebanese,353941dc-d0f3-4488-b55b-af79f20c3f4f,Lebanese\lebanese_50_7.wav,5
iraqi_47_8,Iraqi,08c8cb6d-1dc5-4bdb-b383-76456ee3f553,Iraqi\iraqi_47_8.wav,5
lebanese_48_2,Lebanese,353941dc-d0f3-4488-b55b-af79f20c3f4f,Lebanese\lebanese_48_2.wav,5
bahraini_49_7,Bahraini,9f270e4f-ecf6-4385-ba5b-bffbd96bce30,Bahraini\bahraini_49_7.wav,5
iraqi_47_3,Iraqi,08c8cb6d-1dc5-4bdb-b383-76456ee3f553,Iraqi\iraqi_47_3.wav,5
emarati_61_6,Emarati,a64825a5-8255-4b0a-8cd2-9445029efc3e,Emarati\emarati_61_6.wav,5
iraqi_36_6,Iraqi,08c8cb6d-1dc5-4bdb-b383-76456ee3f553,Iraqi\iraqi_36_6.wav,5
bahraini_16,Bahraini,9f270e4f-ecf6-4385-ba5b-bffbd96bce30,Bahraini\bahraini_16.wav,5
palestinian_48_9,Palestinian,9b681127-7a73-4682-bfa1-8a591f704525,Palestinian\palestinian_48_9.wav,5
saudi_32_7,Saudi,9d2643e4-4785-43e7-961a-20a8d2cbfc33,Saudi\saudi_32_7.wav,5
jordanian_1,Jordanian,c33d69ff-d62e-490d-8d02-4a5604aa31ee,Jordanian\jordanian_1.wav,5
jordanian_42_8,Jordanian,1c01e308-611e-444e-af08-4434c0922252,Jordanian\jordanian_42_8.wav,5
iraqi_44_9,Iraqi,08c8cb6d-1dc5-4bdb-b383-76456ee3f553,Iraqi\iraqi_44_9.wav,5
egyptian_41_8,Egyptian,3e53bfa4-d3eb-4cdb-a8d4-d771c1d5b38f,Egyptian\egyptian_41_8.wav,5
jordanian_49_8,Jordanian,c33d69ff-d62e-490d-8d02-4a5604aa31ee,Jordanian\jordanian_49_8.wav,5
iraqi_33_10,Iraqi,6a7cbf3a-41fc-4b9f-9a36-85696386ffdc,Iraqi\iraqi_33_10.wav,5
egyptian_53_7,Egyptian,a7b5f8d7-195d-4c9f-913f-c36c89767da2,Egyptian\egyptian_53_7.wav,5
egyptian_34_5,Egyptian,168980c4-9093-4ac8-bae3-dfd1fda17aa3,Egyptian\egyptian_34_5.wav,5
egyptian_60_2,Egyptian,d03be981-0a70-4215-a91f-9b6230adbf01,Egyptian\egyptian_60_2.wav,5
jordanian_34,Jordanian,c33d69ff-d62e-490d-8d02-4a5604aa31ee,Jordanian\jordanian_34.wav,6
jordanian_38_6,Jordanian,1c01e308-611e-444e-af08-4434c0922252,Jordanian\jordanian_38_6.wav,5
syrian_26_4,Syrian,4effd2b5-7a1b-44f6-ac2a-d767d8b1d451,Syrian\syrian_26_4.wav,5
syrian_45_2,Syrian,f920ed33-e733-4635-96f5-24d08df84644,Syrian\syrian_45_2.wav,5
emarati_53_5,Emarati,11358928-2d31-4b49-9f54-edca9ba2f439,Emarati\emarati_53_5.wav,5
jordanian_60_4,Jordanian,1c01e308-611e-444e-af08-4434c0922252,Jordanian\jordanian_60_4.wav,5
jordanian_44_8,Jordanian,c33d69ff-d62e-490d-8d02-4a5604aa31ee,Jordanian\jordanian_44_8.wav,5
jordanian_56_9,Jordanian,1c01e308-611e-444e-af08-4434c0922252,Jordanian\jordanian_56_9.wav,5
palestinian_33_1,Palestinian,bce0d97e-d095-4f46-9208-f43a1e87b675,Palestinian\palestinian_33_1.wav,5
lebanese_47_8,Lebanese,b05e4aa7-8173-4f8b-9f23-9c70b11e13ba,Lebanese\lebanese_47_8.wav,5
iraqi_46_8,Iraqi,08c8cb6d-1dc5-4bdb-b383-76456ee3f553,Iraqi\iraqi_46_8.wav,5
saudi_43_3,Saudi,6c680f29-a6ca-4624-8886-ab277cb330dc,Saudi\saudi_43_3.wav,5
palestinian_49_4,Palestinian,bce0d97e-d095-4f46-9208-f43a1e87b675,Palestinian\palestinian_49_4.wav,5
saudi_31_8,Saudi,9d2643e4-4785-43e7-961a-20a8d2cbfc33,Saudi\saudi_31_8.wav,5
saudi_41_8,Saudi,f801687c-36a9-481b-85df-4e2749e6e2f1,Saudi\saudi_41_8.wav,5
jordanian_52_5,Jordanian,1c01e308-611e-444e-af08-4434c0922252,Jordanian\jordanian_52_5.wav,5
syrian_28_2,Syrian,4effd2b5-7a1b-44f6-ac2a-d767d8b1d451,Syrian\syrian_28_2.wav,5
lebanese_56_11,Lebanese,b05e4aa7-8173-4f8b-9f23-9c70b11e13ba,Lebanese\lebanese_56_11.wav,5
saudi_32_5,Saudi,9d2643e4-4785-43e7-961a-20a8d2cbfc33,Saudi\saudi_32_5.wav,5
emarati_48_7,Emarati,1ccf0721-94c6-4f94-bda1-a6be1fc0299a,Emarati\emarati_48_7.wav,5
saudi_45_3,Saudi,1d9ac0df-7ca0-4684-bd41-92d7fc3ca48c,Saudi\saudi_45_3.wav,5
egyptian_31_7,Egyptian,1ddfa984-770c-489b-b7ff-f7e855ae02ad,Egyptian\egyptian_31_7.wav,5
egyptian_39_5,Egyptian,a7b5f8d7-195d-4c9f-913f-c36c89767da2,Egyptian\egyptian_39_5.wav,5
bahraini_56_2,Bahraini,9f270e4f-ecf6-4385-ba5b-bffbd96bce30,Bahraini\bahraini_56_2.wav,5
syrian_36_2,Syrian,1a15886c-76a5-4165-8bb8-dd0b4ebcb3c8,Syrian\syrian_36_2.wav,5
iraqi_47_2,Iraqi,08c8cb6d-1dc5-4bdb-b383-76456ee3f553,Iraqi\iraqi_47_2.wav,5
syrian_32_9,Syrian,1a15886c-76a5-4165-8bb8-dd0b4ebcb3c8,Syrian\syrian_32_9.wav,5
syrian_45_1,Syrian,f920ed33-e733-4635-96f5-24d08df84644,Syrian\syrian_45_1.wav,5
emarati_59_12,Emarati,55615163-1054-43e7-a808-79e782bbcd17,Emarati\emarati_59_12.wav,5
saudi_56_1,Saudi,9d2643e4-4785-43e7-961a-20a8d2cbfc33,Saudi\saudi_56_1.wav,5
egyptian_58_3,Egyptian,d03be981-0a70-4215-a91f-9b6230adbf01,Egyptian\egyptian_58_3.wav,5
jordanian_38_10,Jordanian,1c01e308-611e-444e-af08-4434c0922252,Jordanian\jordanian_38_10.wav,5
emarati_56_5,Emarati,1ccf0721-94c6-4f94-bda1-a6be1fc0299a,Emarati\emarati_56_5.wav,5
emarati_36_1,Emarati,a64825a5-8255-4b0a-8cd2-9445029efc3e,Emarati\emarati_36_1.wav,5
emarati_29_1,Emarati,c790ddf0-4e71-4130-ba5e-5209d0e9f24e,Emarati\emarati_29_1.wav,5
bahraini_46_4,Bahraini,9f270e4f-ecf6-4385-ba5b-bffbd96bce30,Bahraini\bahraini_46_4.wav,5
syrian_23_2,Syrian,4effd2b5-7a1b-44f6-ac2a-d767d8b1d451,Syrian\syrian_23_2.wav,5
emarati_51_7,Emarati,6fa09f45-07c7-4451-9500-d9792b881321,Emarati\emarati_51_7.wav,5
egyptian_49_5,Egyptian,1ddfa984-770c-489b-b7ff-f7e855ae02ad,Egyptian\egyptian_49_5.wav,5
saudi_31_7,Saudi,9d2643e4-4785-43e7-961a-20a8d2cbfc33,Saudi\saudi_31_7.wav,5
palestinian_10,Palestinian,79ade34b-27e7-4176-96bf-e3bf764d8e29,Palestinian\palestinian_10.wav,5
egyptian_43_3,Egyptian,1ddfa984-770c-489b-b7ff-f7e855ae02ad,Egyptian\egyptian_43_3.wav,5
jordanian_62_7,Jordanian,1c01e308-611e-444e-af08-4434c0922252,Jordanian\jordanian_62_7.wav,5
iraqi_47_5,Iraqi,08c8cb6d-1dc5-4bdb-b383-76456ee3f553,Iraqi\iraqi_47_5.wav,5
egyptian_45_8,Egyptian,a7b5f8d7-195d-4c9f-913f-c36c89767da2,Egyptian\egyptian_45_8.wav,5
lebanese_54_6,Lebanese,b05e4aa7-8173-4f8b-9f23-9c70b11e13ba,Lebanese\lebanese_54_6.wav,5
emarati_53_7,Emarati,11358928-2d31-4b49-9f54-edca9ba2f439,Emarati\emarati_53_7.wav,5
saudi_54_13,Saudi,9d2643e4-4785-43e7-961a-20a8d2cbfc33,Saudi\saudi_54_13.wav,5
syrian_27_1,Syrian,1a15886c-76a5-4165-8bb8-dd0b4ebcb3c8,Syrian\syrian_27_1.wav,5
iraqi_53_9,Iraqi,08c8cb6d-1dc5-4bdb-b383-76456ee3f553,Iraqi\iraqi_53_9.wav,5
saudi_13,Saudi,f801687c-36a9-481b-85df-4e2749e6e2f1,Saudi\saudi_13.wav,7
egyptian_52_4,Egyptian,d03be981-0a70-4215-a91f-9b6230adbf01,Egyptian\egyptian_52_4.wav,5
syrian_43_1,Syrian,f920ed33-e733-4635-96f5-24d08df84644,Syrian\syrian_43_1.wav,5
iraqi_4,Iraqi,6a7cbf3a-41fc-4b9f-9a36-85696386ffdc,Iraqi\iraqi_4.wav,6
syrian_31_8,Syrian,1a15886c-76a5-4165-8bb8-dd0b4ebcb3c8,Syrian\syrian_31_8.wav,5
saudi_58_6,Saudi,f801687c-36a9-481b-85df-4e2749e6e2f1,Saudi\saudi_58_6.wav,5
palestinian_49_2,Palestinian,bce0d97e-d095-4f46-9208-f43a1e87b675,Palestinian\palestinian_49_2.wav,5
saudi_48_3,Saudi,f801687c-36a9-481b-85df-4e2749e6e2f1,Saudi\saudi_48_3.wav,5
saudi_60_7,Saudi,1d9ac0df-7ca0-4684-bd41-92d7fc3ca48c,Saudi\saudi_60_7.wav,5
jordanian_51_7,Jordanian,1c01e308-611e-444e-af08-4434c0922252,Jordanian\jordanian_51_7.wav,5
bahraini_58_2,Bahraini,9f270e4f-ecf6-4385-ba5b-bffbd96bce30,Bahraini\bahraini_58_2.wav,5
iraqi_42_7,Iraqi,08c8cb6d-1dc5-4bdb-b383-76456ee3f553,Iraqi\iraqi_42_7.wav,5
egyptian_43_8,Egyptian,1ddfa984-770c-489b-b7ff-f7e855ae02ad,Egyptian\egyptian_43_8.wav,5
bahraini_49_1,Bahraini,9f270e4f-ecf6-4385-ba5b-bffbd96bce30,Bahraini\bahraini_49_1.wav,5
jordanian_41_2,Jordanian,1c01e308-611e-444e-af08-4434c0922252,Jordanian\jordanian_41_2.wav,5
syrian_32_3,Syrian,1a15886c-76a5-4165-8bb8-dd0b4ebcb3c8,Syrian\syrian_32_3.wav,5
jordanian_49_4,Jordanian,c33d69ff-d62e-490d-8d02-4a5604aa31ee,Jordanian\jordanian_49_4.wav,5
egyptian_37_2,Egyptian,1ddfa984-770c-489b-b7ff-f7e855ae02ad,Egyptian\egyptian_37_2.wav,5
emarati_31_5,Emarati,55615163-1054-43e7-a808-79e782bbcd17,Emarati\emarati_31_5.wav,5
emarati_44_1,Emarati,6fa09f45-07c7-4451-9500-d9792b881321,Emarati\emarati_44_1.wav,5
emarati_63_5,Emarati,a64825a5-8255-4b0a-8cd2-9445029efc3e,Emarati\emarati_63_5.wav,5
saudi_44_3,Saudi,6c680f29-a6ca-4624-8886-ab277cb330dc,Saudi\saudi_44_3.wav,5
egyptian_55_4,Egyptian,a7b5f8d7-195d-4c9f-913f-c36c89767da2,Egyptian\egyptian_55_4.wav,5
saudi_47_8,Saudi,f801687c-36a9-481b-85df-4e2749e6e2f1,Saudi\saudi_47_8.wav,5
lebanese_42_12,Lebanese,b05e4aa7-8173-4f8b-9f23-9c70b11e13ba,Lebanese\lebanese_42_12.wav,5
iraqi_36_11,Iraqi,08c8cb6d-1dc5-4bdb-b383-76456ee3f553,Iraqi\iraqi_36_11.wav,5
egyptian_36_3,Egyptian,3e53bfa4-d3eb-4cdb-a8d4-d771c1d5b38f,Egyptian\egyptian_36_3.wav,5
jordanian_39_3,Jordanian,c33d69ff-d62e-490d-8d02-4a5604aa31ee,Jordanian\jordanian_39_3.wav,5
emarati_37_8,Emarati,11358928-2d31-4b49-9f54-edca9ba2f439,Emarati\emarati_37_8.wav,5
palestinian_32_7,Palestinian,bce0d97e-d095-4f46-9208-f43a1e87b675,Palestinian\palestinian_32_7.wav,5
lebanese_50_8,Lebanese,353941dc-d0f3-4488-b55b-af79f20c3f4f,Lebanese\lebanese_50_8.wav,5
emarati_15,Emarati,1ccf0721-94c6-4f94-bda1-a6be1fc0299a,Emarati\emarati_15.wav,7
emarati_58_1,Emarati,a64825a5-8255-4b0a-8cd2-9445029efc3e,Emarati\emarati_58_1.wav,5
jordanian_17,Jordanian,c33d69ff-d62e-490d-8d02-4a5604aa31ee,Jordanian\jordanian_17.wav,5
bahraini_50_8,Bahraini,9f270e4f-ecf6-4385-ba5b-bffbd96bce30,Bahraini\bahraini_50_8.wav,5
syrian_36_8,Syrian,1a15886c-76a5-4165-8bb8-dd0b4ebcb3c8,Syrian\syrian_36_8.wav,5
saudi_46_1,Saudi,f801687c-36a9-481b-85df-4e2749e6e2f1,Saudi\saudi_46_1.wav,5
palestinian_48_3,Palestinian,9b681127-7a73-4682-bfa1-8a591f704525,Palestinian\palestinian_48_3.wav,5
saudi_28_11,Saudi,f801687c-36a9-481b-85df-4e2749e6e2f1,Saudi\saudi_28_11.wav,5
egyptian_40_1,Egyptian,a7b5f8d7-195d-4c9f-913f-c36c89767da2,Egyptian\egyptian_40_1.wav,5
palestinian_49_8,Palestinian,bce0d97e-d095-4f46-9208-f43a1e87b675,Palestinian\palestinian_49_8.wav,5
saudi_54_1,Saudi,9d2643e4-4785-43e7-961a-20a8d2cbfc33,Saudi\saudi_54_1.wav,5
iraqi_62_9,Iraqi,08c8cb6d-1dc5-4bdb-b383-76456ee3f553,Iraqi\iraqi_62_9.wav,5
iraqi_38_5,Iraqi,08c8cb6d-1dc5-4bdb-b383-76456ee3f553,Iraqi\iraqi_38_5.wav,5
lebanese_53_14,Lebanese,b05e4aa7-8173-4f8b-9f23-9c70b11e13ba,Lebanese\lebanese_53_14.wav,5
saudi_60_6,Saudi,1d9ac0df-7ca0-4684-bd41-92d7fc3ca48c,Saudi\saudi_60_6.wav,5
syrian_25_3,Syrian,4effd2b5-7a1b-44f6-ac2a-d767d8b1d451,Syrian\syrian_25_3.wav,5
lebanese_5,Lebanese,353941dc-d0f3-4488-b55b-af79f20c3f4f,Lebanese\lebanese_5.wav,5
iraqi_50_2,Iraqi,6a7cbf3a-41fc-4b9f-9a36-85696386ffdc,Iraqi\iraqi_50_2.wav,5
palestinian_46_4,Palestinian,078338c4-7788-4371-95d4-1bbe45021113,Palestinian\palestinian_46_4.wav,5
bahraini_39_7,Bahraini,9f270e4f-ecf6-4385-ba5b-bffbd96bce30,Bahraini\bahraini_39_7.wav,5
egyptian_50_7,Egyptian,168980c4-9093-4ac8-bae3-dfd1fda17aa3,Egyptian\egyptian_50_7.wav,5
bahraini_60_3,Bahraini,9f270e4f-ecf6-4385-ba5b-bffbd96bce30,Bahraini\bahraini_60_3.wav,5
syrian_50_6,Syrian,4effd2b5-7a1b-44f6-ac2a-d767d8b1d451,Syrian\syrian_50_6.wav,5
saudi_47_4,Saudi,f801687c-36a9-481b-85df-4e2749e6e2f1,Saudi\saudi_47_4.wav,5
egyptian_52_3,Egyptian,d03be981-0a70-4215-a91f-9b6230adbf01,Egyptian\egyptian_52_3.wav,5
saudi_57_7,Saudi,9d2643e4-4785-43e7-961a-20a8d2cbfc33,Saudi\saudi_57_7.wav,5
jordanian_6,Jordanian,c33d69ff-d62e-490d-8d02-4a5604aa31ee,Jordanian\jordanian_6.wav,6
jordanian_40_2,Jordanian,c33d69ff-d62e-490d-8d02-4a5604aa31ee,Jordanian\jordanian_40_2.wav,5
jordanian_56_5,Jordanian,1c01e308-611e-444e-af08-4434c0922252,Jordanian\jordanian_56_5.wav,5
egyptian_35_5,Egyptian,a7b5f8d7-195d-4c9f-913f-c36c89767da2,Egyptian\egyptian_35_5.wav,5
iraqi_61_6,Iraqi,08c8cb6d-1dc5-4bdb-b383-76456ee3f553,Iraqi\iraqi_61_6.wav,5
saudi_40_12,Saudi,f801687c-36a9-481b-85df-4e2749e6e2f1,Saudi\saudi_40_12.wav,5
bahraini_43_7,Bahraini,9f270e4f-ecf6-4385-ba5b-bffbd96bce30,Bahraini\bahraini_43_7.wav,5
emarati_56_2,Emarati,1ccf0721-94c6-4f94-bda1-a6be1fc0299a,Emarati\emarati_56_2.wav,5
saudi_43_5,Saudi,6c680f29-a6ca-4624-8886-ab277cb330dc,Saudi\saudi_43_5.wav,5
jordanian_63_1,Jordanian,c33d69ff-d62e-490d-8d02-4a5604aa31ee,Jordanian\jordanian_63_1.wav,5
lebanese_55_1,Lebanese,353941dc-d0f3-4488-b55b-af79f20c3f4f,Lebanese\lebanese_55_1.wav,5
emarati_44_6,Emarati,6fa09f45-07c7-4451-9500-d9792b881321,Emarati\emarati_44_6.wav,5
syrian_53_3,Syrian,4effd2b5-7a1b-44f6-ac2a-d767d8b1d451,Syrian\syrian_53_3.wav,5
syrian_43_6,Syrian,f920ed33-e733-4635-96f5-24d08df84644,Syrian\syrian_43_6.wav,5
saudi_58_1,Saudi,f801687c-36a9-481b-85df-4e2749e6e2f1,Saudi\saudi_58_1.wav,5
palestinian_34_7,Palestinian,e6818510-7200-46dc-9a31-296642bbdb3d,Palestinian\palestinian_34_7.wav,5
jordanian_55_4,Jordanian,c33d69ff-d62e-490d-8d02-4a5604aa31ee,Jordanian\jordanian_55_4.wav,5
egyptian_37_4,Egyptian,1ddfa984-770c-489b-b7ff-f7e855ae02ad,Egyptian\egyptian_37_4.wav,5
saudi_30_7,Saudi,6c680f29-a6ca-4624-8886-ab277cb330dc,Saudi\saudi_30_7.wav,5
iraqi_55_8,Iraqi,6a7cbf3a-41fc-4b9f-9a36-85696386ffdc,Iraqi\iraqi_55_8.wav,5
lebanese_45_10,Lebanese,b05e4aa7-8173-4f8b-9f23-9c70b11e13ba,Lebanese\lebanese_45_10.wav,5
egyptian_60_4,Egyptian,d03be981-0a70-4215-a91f-9b6230adbf01,Egyptian\egyptian_60_4.wav,5
jordanian_62_4,Jordanian,1c01e308-611e-444e-af08-4434c0922252,Jordanian\jordanian_62_4.wav,5
saudi_32_2,Saudi,9d2643e4-4785-43e7-961a-20a8d2cbfc33,Saudi\saudi_32_2.wav,5
bahraini_30,Bahraini,9f270e4f-ecf6-4385-ba5b-bffbd96bce30,Bahraini\bahraini_30.wav,5
syrian_52_1,Syrian,f920ed33-e733-4635-96f5-24d08df84644,Syrian\syrian_52_1.wav,5
egyptian_44_2,Egyptian,3e53bfa4-d3eb-4cdb-a8d4-d771c1d5b38f,Egyptian\egyptian_44_2.wav,5
emarati_60_4,Emarati,a64825a5-8255-4b0a-8cd2-9445029efc3e,Emarati\emarati_60_4.wav,5
syrian_28_6,Syrian,4effd2b5-7a1b-44f6-ac2a-d767d8b1d451,Syrian\syrian_28_6.wav,5
syrian_40_8,Syrian,1a15886c-76a5-4165-8bb8-dd0b4ebcb3c8,Syrian\syrian_40_8.wav,5
lebanese_37_1,Lebanese,b05e4aa7-8173-4f8b-9f23-9c70b11e13ba,Lebanese\lebanese_37_1.wav,5
emarati_46_10,Emarati,55615163-1054-43e7-a808-79e782bbcd17,Emarati\emarati_46_10.wav,5
iraqi_54_3,Iraqi,08c8cb6d-1dc5-4bdb-b383-76456ee3f553,Iraqi\iraqi_54_3.wav,5
lebanese_37_9,Lebanese,b05e4aa7-8173-4f8b-9f23-9c70b11e13ba,Lebanese\lebanese_37_9.wav,5
palestinian_33_2,Palestinian,bce0d97e-d095-4f46-9208-f43a1e87b675,Palestinian\palestinian_33_2.wav,5
jordanian_58_8,Jordanian,c33d69ff-d62e-490d-8d02-4a5604aa31ee,Jordanian\jordanian_58_8.wav,5
palestinian_27_8,Palestinian,078338c4-7788-4371-95d4-1bbe45021113,Palestinian\palestinian_27_8.wav,5
iraqi_45_9,Iraqi,08c8cb6d-1dc5-4bdb-b383-76456ee3f553,Iraqi\iraqi_45_9.wav,5
iraqi_42_4,Iraqi,08c8cb6d-1dc5-4bdb-b383-76456ee3f553,Iraqi\iraqi_42_4.wav,5
palestinian_34_6,Palestinian,e6818510-7200-46dc-9a31-296642bbdb3d,Palestinian\palestinian_34_6.wav,5
iraqi_62_7,Iraqi,08c8cb6d-1dc5-4bdb-b383-76456ee3f553,Iraqi\iraqi_62_7.wav,5
emarati_34_5,Emarati,a64825a5-8255-4b0a-8cd2-9445029efc3e,Emarati\emarati_34_5.wav,5
saudi_58_5,Saudi,f801687c-36a9-481b-85df-4e2749e6e2f1,Saudi\saudi_58_5.wav,5
bahraini_55_5,Bahraini,9f270e4f-ecf6-4385-ba5b-bffbd96bce30,Bahraini\bahraini_55_5.wav,5
iraqi_33_2,Iraqi,6a7cbf3a-41fc-4b9f-9a36-85696386ffdc,Iraqi\iraqi_33_2.wav,5
bahraini_42_8,Bahraini,9f270e4f-ecf6-4385-ba5b-bffbd96bce30,Bahraini\bahraini_42_8.wav,5
jordanian_22,Jordanian,c33d69ff-d62e-490d-8d02-4a5604aa31ee,Jordanian\jordanian_22.wav,8
iraqi_58_9,Iraqi,08c8cb6d-1dc5-4bdb-b383-76456ee3f553,Iraqi\iraqi_58_9.wav,5
iraqi_62_4,Iraqi,08c8cb6d-1dc5-4bdb-b383-76456ee3f553,Iraqi\iraqi_62_4.wav,5
jordanian_63_7,Jordanian,c33d69ff-d62e-490d-8d02-4a5604aa31ee,Jordanian\jordanian_63_7.wav,5
saudi_47_5,Saudi,f801687c-36a9-481b-85df-4e2749e6e2f1,Saudi\saudi_47_5.wav,5
emarati_60_3,Emarati,a64825a5-8255-4b0a-8cd2-9445029efc3e,Emarati\emarati_60_3.wav,5
syrian_36_10,Syrian,1a15886c-76a5-4165-8bb8-dd0b4ebcb3c8,Syrian\syrian_36_10.wav,5
saudi_46_2,Saudi,f801687c-36a9-481b-85df-4e2749e6e2f1,Saudi\saudi_46_2.wav,5
syrian_33_3,Syrian,1a15886c-76a5-4165-8bb8-dd0b4ebcb3c8,Syrian\syrian_33_3.wav,5
jordanian_60_2,Jordanian,1c01e308-611e-444e-af08-4434c0922252,Jordanian\jordanian_60_2.wav,5
lebanese_37_8,Lebanese,b05e4aa7-8173-4f8b-9f23-9c70b11e13ba,Lebanese\lebanese_37_8.wav,5
saudi_60_4,Saudi,1d9ac0df-7ca0-4684-bd41-92d7fc3ca48c,Saudi\saudi_60_4.wav,5
lebanese_49_7,Lebanese,b05e4aa7-8173-4f8b-9f23-9c70b11e13ba,Lebanese\lebanese_49_7.wav,5
palestinian_36_3,Palestinian,078338c4-7788-4371-95d4-1bbe45021113,Palestinian\palestinian_36_3.wav,5
jordanian_60_5,Jordanian,1c01e308-611e-444e-af08-4434c0922252,Jordanian\jordanian_60_5.wav,5
lebanese_44_8,Lebanese,b05e4aa7-8173-4f8b-9f23-9c70b11e13ba,Lebanese\lebanese_44_8.wav,5
saudi_50_12,Saudi,9d2643e4-4785-43e7-961a-20a8d2cbfc33,Saudi\saudi_50_12.wav,5
saudi_50_4,Saudi,9d2643e4-4785-43e7-961a-20a8d2cbfc33,Saudi\saudi_50_4.wav,5
jordanian_41_5,Jordanian,1c01e308-611e-444e-af08-4434c0922252,Jordanian\jordanian_41_5.wav,5
lebanese_47_5,Lebanese,b05e4aa7-8173-4f8b-9f23-9c70b11e13ba,Lebanese\lebanese_47_5.wav,5
lebanese_45_11,Lebanese,b05e4aa7-8173-4f8b-9f23-9c70b11e13ba,Lebanese\lebanese_45_11.wav,5
egyptian_32_9,Egyptian,1ddfa984-770c-489b-b7ff-f7e855ae02ad,Egyptian\egyptian_32_9.wav,5
emarati_33_8,Emarati,6fa09f45-07c7-4451-9500-d9792b881321,Emarati\emarati_33_8.wav,5
saudi_44_2,Saudi,6c680f29-a6ca-4624-8886-ab277cb330dc,Saudi\saudi_44_2.wav,5
jordanian_62_10,Jordanian,1c01e308-611e-444e-af08-4434c0922252,Jordanian\jordanian_62_10.wav,5
jordanian_62_9,Jordanian,1c01e308-611e-444e-af08-4434c0922252,Jordanian\jordanian_62_9.wav,5
saudi_33_7,Saudi,6c680f29-a6ca-4624-8886-ab277cb330dc,Saudi\saudi_33_7.wav,5
iraqi_38_4,Iraqi,08c8cb6d-1dc5-4bdb-b383-76456ee3f553,Iraqi\iraqi_38_4.wav,5
palestinian_48_8,Palestinian,9b681127-7a73-4682-bfa1-8a591f704525,Palestinian\palestinian_48_8.wav,5
jordanian_55_9,Jordanian,c33d69ff-d62e-490d-8d02-4a5604aa31ee,Jordanian\jordanian_55_9.wav,5
syrian_25_4,Syrian,4effd2b5-7a1b-44f6-ac2a-d767d8b1d451,Syrian\syrian_25_4.wav,5
palestinian_39_5,Palestinian,e6818510-7200-46dc-9a31-296642bbdb3d,Palestinian\palestinian_39_5.wav,5
bahraini_43_5,Bahraini,9f270e4f-ecf6-4385-ba5b-bffbd96bce30,Bahraini\bahraini_43_5.wav,5
emarati_47_11,Emarati,a64825a5-8255-4b0a-8cd2-9445029efc3e,Emarati\emarati_47_11.wav,5
jordanian_8,Jordanian,c33d69ff-d62e-490d-8d02-4a5604aa31ee,Jordanian\jordanian_8.wav,5
emarati_32_6,Emarati,1ccf0721-94c6-4f94-bda1-a6be1fc0299a,Emarati\emarati_32_6.wav,5
lebanese_39_9,Lebanese,353941dc-d0f3-4488-b55b-af79f20c3f4f,Lebanese\lebanese_39_9.wav,5
egyptian_50_1,Egyptian,168980c4-9093-4ac8-bae3-dfd1fda17aa3,Egyptian\egyptian_50_1.wav,5
lebanese_45_2,Lebanese,b05e4aa7-8173-4f8b-9f23-9c70b11e13ba,Lebanese\lebanese_45_2.wav,5
jordanian_61_9,Jordanian,1c01e308-611e-444e-af08-4434c0922252,Jordanian\jordanian_61_9.wav,5
egyptian_46_6,Egyptian,3e53bfa4-d3eb-4cdb-a8d4-d771c1d5b38f,Egyptian\egyptian_46_6.wav,5
iraqi_53_4,Iraqi,08c8cb6d-1dc5-4bdb-b383-76456ee3f553,Iraqi\iraqi_53_4.wav,5
saudi_38_2,Saudi,1d9ac0df-7ca0-4684-bd41-92d7fc3ca48c,Saudi\saudi_38_2.wav,5
egyptian_43_5,Egyptian,1ddfa984-770c-489b-b7ff-f7e855ae02ad,Egyptian\egyptian_43_5.wav,5
lebanese_31_8,Lebanese,b05e4aa7-8173-4f8b-9f23-9c70b11e13ba,Lebanese\lebanese_31_8.wav,5
lebanese_55_2,Lebanese,353941dc-d0f3-4488-b55b-af79f20c3f4f,Lebanese\lebanese_55_2.wav,5
syrian_9,Syrian,1a15886c-76a5-4165-8bb8-dd0b4ebcb3c8,Syrian\syrian_9.wav,5
saudi_46_4,Saudi,f801687c-36a9-481b-85df-4e2749e6e2f1,Saudi\saudi_46_4.wav,5
egyptian_7,Egyptian,1ddfa984-770c-489b-b7ff-f7e855ae02ad,Egyptian\egyptian_7.wav,7
saudi_27_6,Saudi,6c680f29-a6ca-4624-8886-ab277cb330dc,Saudi\saudi_27_6.wav,5
palestinian_32_8,Palestinian,bce0d97e-d095-4f46-9208-f43a1e87b675,Palestinian\palestinian_32_8.wav,5
emarati_49_11,Emarati,1ccf0721-94c6-4f94-bda1-a6be1fc0299a,Emarati\emarati_49_11.wav,5
jordanian_55_3,Jordanian,c33d69ff-d62e-490d-8d02-4a5604aa31ee,Jordanian\jordanian_55_3.wav,5
syrian_32_2,Syrian,1a15886c-76a5-4165-8bb8-dd0b4ebcb3c8,Syrian\syrian_32_2.wav,5
emarati_35_5,Emarati,c790ddf0-4e71-4130-ba5e-5209d0e9f24e,Emarati\emarati_35_5.wav,5
syrian_53_2,Syrian,4effd2b5-7a1b-44f6-ac2a-d767d8b1d451,Syrian\syrian_53_2.wav,5
iraqi_54_7,Iraqi,08c8cb6d-1dc5-4bdb-b383-76456ee3f553,Iraqi\iraqi_54_7.wav,5
saudi_39_3,Saudi,1d9ac0df-7ca0-4684-bd41-92d7fc3ca48c,Saudi\saudi_39_3.wav,5
iraqi_59_4,Iraqi,6a7cbf3a-41fc-4b9f-9a36-85696386ffdc,Iraqi\iraqi_59_4.wav,5
jordanian_63_3,Jordanian,c33d69ff-d62e-490d-8d02-4a5604aa31ee,Jordanian\jordanian_63_3.wav,5
syrian_32_4,Syrian,1a15886c-76a5-4165-8bb8-dd0b4ebcb3c8,Syrian\syrian_32_4.wav,5
jordanian_50_4,Jordanian,c33d69ff-d62e-490d-8d02-4a5604aa31ee,Jordanian\jordanian_50_4.wav,5
saudi_43_4,Saudi,6c680f29-a6ca-4624-8886-ab277cb330dc,Saudi\saudi_43_4.wav,5
lebanese_6,Lebanese,b05e4aa7-8173-4f8b-9f23-9c70b11e13ba,Lebanese\lebanese_6.wav,9
syrian_27_10,Syrian,1a15886c-76a5-4165-8bb8-dd0b4ebcb3c8,Syrian\syrian_27_10.wav,5
emarati_47_9,Emarati,a64825a5-8255-4b0a-8cd2-9445029efc3e,Emarati\emarati_47_9.wav,5
saudi_28_2,Saudi,f801687c-36a9-481b-85df-4e2749e6e2f1,Saudi\saudi_28_2.wav,5
emarati_33_1,Emarati,6fa09f45-07c7-4451-9500-d9792b881321,Emarati\emarati_33_1.wav,5
emarati_57_5,Emarati,55615163-1054-43e7-a808-79e782bbcd17,Emarati\emarati_57_5.wav,5
emarati_32_2,Emarati,1ccf0721-94c6-4f94-bda1-a6be1fc0299a,Emarati\emarati_32_2.wav,5
emarati_38_7,Emarati,55615163-1054-43e7-a808-79e782bbcd17,Emarati\emarati_38_7.wav,5
egyptian_58_7,Egyptian,d03be981-0a70-4215-a91f-9b6230adbf01,Egyptian\egyptian_58_7.wav,5
palestinian_26_2,Palestinian,078338c4-7788-4371-95d4-1bbe45021113,Palestinian\palestinian_26_2.wav,5
iraqi_37_8,Iraqi,6a7cbf3a-41fc-4b9f-9a36-85696386ffdc,Iraqi\iraqi_37_8.wav,5
lebanese_57_4,Lebanese,b05e4aa7-8173-4f8b-9f23-9c70b11e13ba,Lebanese\lebanese_57_4.wav,5
emarati_33_6,Emarati,6fa09f45-07c7-4451-9500-d9792b881321,Emarati\emarati_33_6.wav,5
iraqi_32_8,Iraqi,08c8cb6d-1dc5-4bdb-b383-76456ee3f553,Iraqi\iraqi_32_8.wav,5
palestinian_29_1,Palestinian,9b681127-7a73-4682-bfa1-8a591f704525,Palestinian\palestinian_29_1.wav,5
bahraini_44_6,Bahraini,9f270e4f-ecf6-4385-ba5b-bffbd96bce30,Bahraini\bahraini_44_6.wav,5
saudi_49_8,Saudi,1d9ac0df-7ca0-4684-bd41-92d7fc3ca48c,Saudi\saudi_49_8.wav,5
saudi_40_7,Saudi,f801687c-36a9-481b-85df-4e2749e6e2f1,Saudi\saudi_40_7.wav,5
emarati_36_7,Emarati,a64825a5-8255-4b0a-8cd2-9445029efc3e,Emarati\emarati_36_7.wav,5
syrian_26_5,Syrian,4effd2b5-7a1b-44f6-ac2a-d767d8b1d451,Syrian\syrian_26_5.wav,5
palestinian_45_6,Palestinian,79ade34b-27e7-4176-96bf-e3bf764d8e29,Palestinian\palestinian_45_6.wav,5
jordanian_54_1,Jordanian,1c01e308-611e-444e-af08-4434c0922252,Jordanian\jordanian_54_1.wav,5
jordanian_55_6,Jordanian,c33d69ff-d62e-490d-8d02-4a5604aa31ee,Jordanian\jordanian_55_6.wav,5
lebanese_54_3,Lebanese,b05e4aa7-8173-4f8b-9f23-9c70b11e13ba,Lebanese\lebanese_54_3.wav,5
jordanian_51_5,Jordanian,1c01e308-611e-444e-af08-4434c0922252,Jordanian\jordanian_51_5.wav,5
lebanese_46_1,Lebanese,353941dc-d0f3-4488-b55b-af79f20c3f4f,Lebanese\lebanese_46_1.wav,5
lebanese_43_7,Lebanese,353941dc-d0f3-4488-b55b-af79f20c3f4f,Lebanese\lebanese_43_7.wav,5
palestinian_37_3,Palestinian,e6818510-7200-46dc-9a31-296642bbdb3d,Palestinian\palestinian_37_3.wav,5
iraqi_51_9,Iraqi,08c8cb6d-1dc5-4bdb-b383-76456ee3f553,Iraqi\iraqi_51_9.wav,5
syrian_35_3,Syrian,4effd2b5-7a1b-44f6-ac2a-d767d8b1d451,Syrian\syrian_35_3.wav,5
emarati_58_8,Emarati,a64825a5-8255-4b0a-8cd2-9445029efc3e,Emarati\emarati_58_8.wav,5
saudi_56_4,Saudi,9d2643e4-4785-43e7-961a-20a8d2cbfc33,Saudi\saudi_56_4.wav,5
syrian_52_4,Syrian,f920ed33-e733-4635-96f5-24d08df84644,Syrian\syrian_52_4.wav,5
lebanese_52_7,Lebanese,353941dc-d0f3-4488-b55b-af79f20c3f4f,Lebanese\lebanese_52_7.wav,5
emarati_49_10,Emarati,1ccf0721-94c6-4f94-bda1-a6be1fc0299a,Emarati\emarati_49_10.wav,5
saudi_51_7,Saudi,f801687c-36a9-481b-85df-4e2749e6e2f1,Saudi\saudi_51_7.wav,5
bahraini_38_6,Bahraini,9f270e4f-ecf6-4385-ba5b-bffbd96bce30,Bahraini\bahraini_38_6.wav,5
egyptian_48_7,Egyptian,a7b5f8d7-195d-4c9f-913f-c36c89767da2,Egyptian\egyptian_48_7.wav,5
syrian_39_4,Syrian,f920ed33-e733-4635-96f5-24d08df84644,Syrian\syrian_39_4.wav,5
bahraini_44_2,Bahraini,9f270e4f-ecf6-4385-ba5b-bffbd96bce30,Bahraini\bahraini_44_2.wav,5
jordanian_46_1,Jordanian,1c01e308-611e-444e-af08-4434c0922252,Jordanian\jordanian_46_1.wav,5
palestinian_47_6,Palestinian,078338c4-7788-4371-95d4-1bbe45021113,Palestinian\palestinian_47_6.wav,5
palestinian_43_4,Palestinian,bce0d97e-d095-4f46-9208-f43a1e87b675,Palestinian\palestinian_43_4.wav,5
palestinian_31_9,Palestinian,9b681127-7a73-4682-bfa1-8a591f704525,Palestinian\palestinian_31_9.wav,5
palestinian_24_2,Palestinian,79ade34b-27e7-4176-96bf-e3bf764d8e29,Palestinian\palestinian_24_2.wav,5
palestinian_37_7,Palestinian,e6818510-7200-46dc-9a31-296642bbdb3d,Palestinian\palestinian_37_7.wav,5
emarati_63_10,Emarati,a64825a5-8255-4b0a-8cd2-9445029efc3e,Emarati\emarati_63_10.wav,5
saudi_9,Saudi,6c680f29-a6ca-4624-8886-ab277cb330dc,Saudi\saudi_9.wav,6
lebanese_42_10,Lebanese,b05e4aa7-8173-4f8b-9f23-9c70b11e13ba,Lebanese\lebanese_42_10.wav,5
lebanese_37_6,Lebanese,b05e4aa7-8173-4f8b-9f23-9c70b11e13ba,Lebanese\lebanese_37_6.wav,5
jordanian_47_3,Jordanian,c33d69ff-d62e-490d-8d02-4a5604aa31ee,Jordanian\jordanian_47_3.wav,5
syrian_27_4,Syrian,1a15886c-76a5-4165-8bb8-dd0b4ebcb3c8,Syrian\syrian_27_4.wav,5
jordanian_35_2,Jordanian,1c01e308-611e-444e-af08-4434c0922252,Jordanian\jordanian_35_2.wav,5
saudi_25,Saudi,f801687c-36a9-481b-85df-4e2749e6e2f1,Saudi\saudi_25.wav,7
emarati_28_3,Emarati,1ccf0721-94c6-4f94-bda1-a6be1fc0299a,Emarati\emarati_28_3.wav,5
egyptian_36_1,Egyptian,3e53bfa4-d3eb-4cdb-a8d4-d771c1d5b38f,Egyptian\egyptian_36_1.wav,5
palestinian_27_5,Palestinian,078338c4-7788-4371-95d4-1bbe45021113,Palestinian\palestinian_27_5.wav,5
saudi_40_6,Saudi,f801687c-36a9-481b-85df-4e2749e6e2f1,Saudi\saudi_40_6.wav,5
lebanese_56_10,Lebanese,b05e4aa7-8173-4f8b-9f23-9c70b11e13ba,Lebanese\lebanese_56_10.wav,5
egyptian_35_6,Egyptian,a7b5f8d7-195d-4c9f-913f-c36c89767da2,Egyptian\egyptian_35_6.wav,5
saudi_36_3,Saudi,f801687c-36a9-481b-85df-4e2749e6e2f1,Saudi\saudi_36_3.wav,5
egyptian_56_4,Egyptian,a7b5f8d7-195d-4c9f-913f-c36c89767da2,Egyptian\egyptian_56_4.wav,5
egyptian_55_1,Egyptian,a7b5f8d7-195d-4c9f-913f-c36c89767da2,Egyptian\egyptian_55_1.wav,5
syrian_27_9,Syrian,1a15886c-76a5-4165-8bb8-dd0b4ebcb3c8,Syrian\syrian_27_9.wav,5
emarati_58_7,Emarati,a64825a5-8255-4b0a-8cd2-9445029efc3e,Emarati\emarati_58_7.wav,5
egyptian_6,Egyptian,a7b5f8d7-195d-4c9f-913f-c36c89767da2,Egyptian\egyptian_6.wav,5
lebanese_33_8,Lebanese,b05e4aa7-8173-4f8b-9f23-9c70b11e13ba,Lebanese\lebanese_33_8.wav,5
syrian_38_5,Syrian,1a15886c-76a5-4165-8bb8-dd0b4ebcb3c8,Syrian\syrian_38_5.wav,5
saudi_14,Saudi,6c680f29-a6ca-4624-8886-ab277cb330dc,Saudi\saudi_14.wav,5
syrian_31_9,Syrian,1a15886c-76a5-4165-8bb8-dd0b4ebcb3c8,Syrian\syrian_31_9.wav,5
emarati_60_13,Emarati,a64825a5-8255-4b0a-8cd2-9445029efc3e,Emarati\emarati_60_13.wav,5
emarati_44_8,Emarati,6fa09f45-07c7-4451-9500-d9792b881321,Emarati\emarati_44_8.wav,5
emarati_56_1,Emarati,1ccf0721-94c6-4f94-bda1-a6be1fc0299a,Emarati\emarati_56_1.wav,5
saudi_57_6,Saudi,9d2643e4-4785-43e7-961a-20a8d2cbfc33,Saudi\saudi_57_6.wav,5
iraqi_32_10,Iraqi,08c8cb6d-1dc5-4bdb-b383-76456ee3f553,Iraqi\iraqi_32_10.wav,5
bahraini_39_3,Bahraini,9f270e4f-ecf6-4385-ba5b-bffbd96bce30,Bahraini\bahraini_39_3.wav,5
iraqi_55_7,Iraqi,6a7cbf3a-41fc-4b9f-9a36-85696386ffdc,Iraqi\iraqi_55_7.wav,5
lebanese_53_2,Lebanese,b05e4aa7-8173-4f8b-9f23-9c70b11e13ba,Lebanese\lebanese_53_2.wav,5
syrian_46_5,Syrian,1a15886c-76a5-4165-8bb8-dd0b4ebcb3c8,Syrian\syrian_46_5.wav,5
bahraini_51_3,Bahraini,9f270e4f-ecf6-4385-ba5b-bffbd96bce30,Bahraini\bahraini_51_3.wav,5
egyptian_53_2,Egyptian,a7b5f8d7-195d-4c9f-913f-c36c89767da2,Egyptian\egyptian_53_2.wav,5
jordanian_42_5,Jordanian,1c01e308-611e-444e-af08-4434c0922252,Jordanian\jordanian_42_5.wav,5
palestinian_47_7,Palestinian,078338c4-7788-4371-95d4-1bbe45021113,Palestinian\palestinian_47_7.wav,5
jordanian_45_6,Jordanian,1c01e308-611e-444e-af08-4434c0922252,Jordanian\jordanian_45_6.wav,5
jordanian_61_10,Jordanian,1c01e308-611e-444e-af08-4434c0922252,Jordanian\jordanian_61_10.wav,5
lebanese_33_7,Lebanese,b05e4aa7-8173-4f8b-9f23-9c70b11e13ba,Lebanese\lebanese_33_7.wav,5
iraqi_57_8,Iraqi,08c8cb6d-1dc5-4bdb-b383-76456ee3f553,Iraqi\iraqi_57_8.wav,5
lebanese_53_9,Lebanese,b05e4aa7-8173-4f8b-9f23-9c70b11e13ba,Lebanese\lebanese_53_9.wav,5
saudi_43_2,Saudi,6c680f29-a6ca-4624-8886-ab277cb330dc,Saudi\saudi_43_2.wav,5
emarati_58_6,Emarati,a64825a5-8255-4b0a-8cd2-9445029efc3e,Emarati\emarati_58_6.wav,5
syrian_41_1,Syrian,4effd2b5-7a1b-44f6-ac2a-d767d8b1d451,Syrian\syrian_41_1.wav,5
emarati_59_3,Emarati,55615163-1054-43e7-a808-79e782bbcd17,Emarati\emarati_59_3.wav,5
syrian_25_7,Syrian,4effd2b5-7a1b-44f6-ac2a-d767d8b1d451,Syrian\syrian_25_7.wav,5
iraqi_40_2,Iraqi,6a7cbf3a-41fc-4b9f-9a36-85696386ffdc,Iraqi\iraqi_40_2.wav,5
saudi_45_1,Saudi,1d9ac0df-7ca0-4684-bd41-92d7fc3ca48c,Saudi\saudi_45_1.wav,5
lebanese_51_7,Lebanese,353941dc-d0f3-4488-b55b-af79f20c3f4f,Lebanese\lebanese_51_7.wav,5
lebanese_54_4,Lebanese,b05e4aa7-8173-4f8b-9f23-9c70b11e13ba,Lebanese\lebanese_54_4.wav,5
jordanian_41_8,Jordanian,1c01e308-611e-444e-af08-4434c0922252,Jordanian\jordanian_41_8.wav,5
saudi_52_9,Saudi,f801687c-36a9-481b-85df-4e2749e6e2f1,Saudi\saudi_52_9.wav,5
jordanian_23,Jordanian,c33d69ff-d62e-490d-8d02-4a5604aa31ee,Jordanian\jordanian_23.wav,6
syrian_21,Syrian,1a15886c-76a5-4165-8bb8-dd0b4ebcb3c8,Syrian\syrian_21.wav,5
emarati_32_8,Emarati,1ccf0721-94c6-4f94-bda1-a6be1fc0299a,Emarati\emarati_32_8.wav,5
jordanian_64_6,Jordanian,c33d69ff-d62e-490d-8d02-4a5604aa31ee,Jordanian\jordanian_64_6.wav,5
bahraini_43_8,Bahraini,9f270e4f-ecf6-4385-ba5b-bffbd96bce30,Bahraini\bahraini_43_8.wav,5
egyptian_34_1,Egyptian,168980c4-9093-4ac8-bae3-dfd1fda17aa3,Egyptian\egyptian_34_1.wav,5
emarati_43_8,Emarati,a64825a5-8255-4b0a-8cd2-9445029efc3e,Emarati\emarati_43_8.wav,5
jordanian_44_1,Jordanian,c33d69ff-d62e-490d-8d02-4a5604aa31ee,Jordanian\jordanian_44_1.wav,5
jordanian_59_5,Jordanian,c33d69ff-d62e-490d-8d02-4a5604aa31ee,Jordanian\jordanian_59_5.wav,5
jordanian_64_7,Jordanian,c33d69ff-d62e-490d-8d02-4a5604aa31ee,Jordanian\jordanian_64_7.wav,5
egyptian_31_5,Egyptian,1ddfa984-770c-489b-b7ff-f7e855ae02ad,Egyptian\egyptian_31_5.wav,5
emarati_53_1,Emarati,11358928-2d31-4b49-9f54-edca9ba2f439,Emarati\emarati_53_1.wav,5
emarati_35_8,Emarati,c790ddf0-4e71-4130-ba5e-5209d0e9f24e,Emarati\emarati_35_8.wav,5
palestinian_49_7,Palestinian,bce0d97e-d095-4f46-9208-f43a1e87b675,Palestinian\palestinian_49_7.wav,5
jordanian_53_8,Jordanian,1c01e308-611e-444e-af08-4434c0922252,Jordanian\jordanian_53_8.wav,5
lebanese_40_3,Lebanese,b05e4aa7-8173-4f8b-9f23-9c70b11e13ba,Lebanese\lebanese_40_3.wav,5
emarati_31_2,Emarati,55615163-1054-43e7-a808-79e782bbcd17,Emarati\emarati_31_2.wav,5
egyptian_3,Egyptian,d03be981-0a70-4215-a91f-9b6230adbf01,Egyptian\egyptian_3.wav,8
emarati_46_8,Emarati,55615163-1054-43e7-a808-79e782bbcd17,Emarati\emarati_46_8.wav,5
saudi_28_12,Saudi,f801687c-36a9-481b-85df-4e2749e6e2f1,Saudi\saudi_28_12.wav,5
palestinian_30_5,Palestinian,bce0d97e-d095-4f46-9208-f43a1e87b675,Palestinian\palestinian_30_5.wav,5
egyptian_57_1,Egyptian,1ddfa984-770c-489b-b7ff-f7e855ae02ad,Egyptian\egyptian_57_1.wav,5
lebanese_39_3,Lebanese,353941dc-d0f3-4488-b55b-af79f20c3f4f,Lebanese\lebanese_39_3.wav,5
syrian_53_6,Syrian,4effd2b5-7a1b-44f6-ac2a-d767d8b1d451,Syrian\syrian_53_6.wav,5
lebanese_34_1,Lebanese,b05e4aa7-8173-4f8b-9f23-9c70b11e13ba,Lebanese\lebanese_34_1.wav,5
egyptian_19,Egyptian,a7b5f8d7-195d-4c9f-913f-c36c89767da2,Egyptian\egyptian_19.wav,8
emarati_57_11,Emarati,55615163-1054-43e7-a808-79e782bbcd17,Emarati\emarati_57_11.wav,5
palestinian_37_9,Palestinian,e6818510-7200-46dc-9a31-296642bbdb3d,Palestinian\palestinian_37_9.wav,5
bahraini_51_5,Bahraini,9f270e4f-ecf6-4385-ba5b-bffbd96bce30,Bahraini\bahraini_51_5.wav,5
emarati_61_7,Emarati,a64825a5-8255-4b0a-8cd2-9445029efc3e,Emarati\emarati_61_7.wav,5
egyptian_52_5,Egyptian,d03be981-0a70-4215-a91f-9b6230adbf01,Egyptian\egyptian_52_5.wav,5
egyptian_43_9,Egyptian,1ddfa984-770c-489b-b7ff-f7e855ae02ad,Egyptian\egyptian_43_9.wav,5
bahraini_39_8,Bahraini,9f270e4f-ecf6-4385-ba5b-bffbd96bce30,Bahraini\bahraini_39_8.wav,5
saudi_56_8,Saudi,9d2643e4-4785-43e7-961a-20a8d2cbfc33,Saudi\saudi_56_8.wav,5
jordanian_37_10,Jordanian,c33d69ff-d62e-490d-8d02-4a5604aa31ee,Jordanian\jordanian_37_10.wav,5
bahraini_61_1,Bahraini,9f270e4f-ecf6-4385-ba5b-bffbd96bce30,Bahraini\bahraini_61_1.wav,5
saudi_36_4,Saudi,f801687c-36a9-481b-85df-4e2749e6e2f1,Saudi\saudi_36_4.wav,5
bahraini_44_8,Bahraini,9f270e4f-ecf6-4385-ba5b-bffbd96bce30,Bahraini\bahraini_44_8.wav,5
bahraini_59_4,Bahraini,9f270e4f-ecf6-4385-ba5b-bffbd96bce30,Bahraini\bahraini_59_4.wav,5
egyptian_32_10,Egyptian,1ddfa984-770c-489b-b7ff-f7e855ae02ad,Egyptian\egyptian_32_10.wav,5
palestinian_46_9,Palestinian,078338c4-7788-4371-95d4-1bbe45021113,Palestinian\palestinian_46_9.wav,5
emarati_34_7,Emarati,a64825a5-8255-4b0a-8cd2-9445029efc3e,Emarati\emarati_34_7.wav,5
emarati_41_4,Emarati,a64825a5-8255-4b0a-8cd2-9445029efc3e,Emarati\emarati_41_4.wav,5
emarati_49_2,Emarati,1ccf0721-94c6-4f94-bda1-a6be1fc0299a,Emarati\emarati_49_2.wav,5
iraqi_44_1,Iraqi,08c8cb6d-1dc5-4bdb-b383-76456ee3f553,Iraqi\iraqi_44_1.wav,5
emarati_30_2,Emarati,c790ddf0-4e71-4130-ba5e-5209d0e9f24e,Emarati\emarati_30_2.wav,5
lebanese_38_4,Lebanese,353941dc-d0f3-4488-b55b-af79f20c3f4f,Lebanese\lebanese_38_4.wav,5
emarati_29_5,Emarati,c790ddf0-4e71-4130-ba5e-5209d0e9f24e,Emarati\emarati_29_5.wav,5
emarati_51_6,Emarati,6fa09f45-07c7-4451-9500-d9792b881321,Emarati\emarati_51_6.wav,5
syrian_54_10,Syrian,1a15886c-76a5-4165-8bb8-dd0b4ebcb3c8,Syrian\syrian_54_10.wav,5
emarati_39_1,Emarati,1ccf0721-94c6-4f94-bda1-a6be1fc0299a,Emarati\emarati_39_1.wav,5
palestinian_1,Palestinian,e6818510-7200-46dc-9a31-296642bbdb3d,Palestinian\palestinian_1.wav,6
syrian_26_1,Syrian,4effd2b5-7a1b-44f6-ac2a-d767d8b1d451,Syrian\syrian_26_1.wav,5
saudi_39_4,Saudi,1d9ac0df-7ca0-4684-bd41-92d7fc3ca48c,Saudi\saudi_39_4.wav,5
egyptian_53_8,Egyptian,a7b5f8d7-195d-4c9f-913f-c36c89767da2,Egyptian\egyptian_53_8.wav,5
lebanese_49_9,Lebanese,b05e4aa7-8173-4f8b-9f23-9c70b11e13ba,Lebanese\lebanese_49_9.wav,5
bahraini_39_4,Bahraini,9f270e4f-ecf6-4385-ba5b-bffbd96bce30,Bahraini\bahraini_39_4.wav,5
palestinian_35_7,Palestinian,078338c4-7788-4371-95d4-1bbe45021113,Palestinian\palestinian_35_7.wav,5
lebanese_54_10,Lebanese,b05e4aa7-8173-4f8b-9f23-9c70b11e13ba,Lebanese\lebanese_54_10.wav,5
emarati_62_4,Emarati,6fa09f45-07c7-4451-9500-d9792b881321,Emarati\emarati_62_4.wav,5
bahraini_60_5,Bahraini,9f270e4f-ecf6-4385-ba5b-bffbd96bce30,Bahraini\bahraini_60_5.wav,5
syrian_47_1,Syrian,f920ed33-e733-4635-96f5-24d08df84644,Syrian\syrian_47_1.wav,5
bahraini_24,Bahraini,9f270e4f-ecf6-4385-ba5b-bffbd96bce30,Bahraini\bahraini_24.wav,6
palestinian_46_3,Palestinian,078338c4-7788-4371-95d4-1bbe45021113,Palestinian\palestinian_46_3.wav,5
lebanese_39_4,Lebanese,353941dc-d0f3-4488-b55b-af79f20c3f4f,Lebanese\lebanese_39_4.wav,5
emarati_38_4,Emarati,55615163-1054-43e7-a808-79e782bbcd17,Emarati\emarati_38_4.wav,5
syrian_34_3,Syrian,1a15886c-76a5-4165-8bb8-dd0b4ebcb3c8,Syrian\syrian_34_3.wav,5
emarati_63_6,Emarati,a64825a5-8255-4b0a-8cd2-9445029efc3e,Emarati\emarati_63_6.wav,5
iraqi_54_8,Iraqi,08c8cb6d-1dc5-4bdb-b383-76456ee3f553,Iraqi\iraqi_54_8.wav,5
saudi_32_11,Saudi,9d2643e4-4785-43e7-961a-20a8d2cbfc33,Saudi\saudi_32_11.wav,5
jordanian_36_6,Jordanian,1c01e308-611e-444e-af08-4434c0922252,Jordanian\jordanian_36_6.wav,5
bahraini_0,Bahraini,9f270e4f-ecf6-4385-ba5b-bffbd96bce30,Bahraini\bahraini_0.wav,8
iraqi_37_5,Iraqi,6a7cbf3a-41fc-4b9f-9a36-85696386ffdc,Iraqi\iraqi_37_5.wav,5
egyptian_33_1,Egyptian,3e53bfa4-d3eb-4cdb-a8d4-d771c1d5b38f,Egyptian\egyptian_33_1.wav,5
saudi_44_1,Saudi,6c680f29-a6ca-4624-8886-ab277cb330dc,Saudi\saudi_44_1.wav,5
syrian_46_10,Syrian,1a15886c-76a5-4165-8bb8-dd0b4ebcb3c8,Syrian\syrian_46_10.wav,5
saudi_41_6,Saudi,f801687c-36a9-481b-85df-4e2749e6e2f1,Saudi\saudi_41_6.wav,5
saudi_26_1,Saudi,f801687c-36a9-481b-85df-4e2749e6e2f1,Saudi\saudi_26_1.wav,5
bahraini_49_2,Bahraini,9f270e4f-ecf6-4385-ba5b-bffbd96bce30,Bahraini\bahraini_49_2.wav,5
