filename,dialect,podcast,path,hasSpeech,gender,length,oneSpeaker
lebanon_4_273,Lebanese,lebanon_4,Lebanese\lebanon_4\lebanon_4_273.wav,True,female,5,True
jordan_3_202,Jordanian,jordan_3,Jordanian\jordan_3\jordan_3_202.wav,True,female,5,True
syria_3_155,Syrian,syria_3,Syrian\syria_3\syria_3_155.wav,True,male,5,True
bahrain_2_141,Bahraini,bahrain_2,Bahraini\bahrain_2\bahrain_2_141.wav,True,male,5,True
ksa_4_49,Saudi,ksa_4,Saudi\ksa_4\ksa_4_49.wav,True,male,5,True
egypt_2_55,Egyptian,egypt_2,Egyptian\egypt_2\egypt_2_55.wav,True,male,5,True
syria_1_160,Syrian,syria_1,Syrian\syria_1\syria_1_160.wav,True,female,5,True
iraq_5_305,Iraqi,iraq_5,Iraqi\iraq_5\iraq_5_305.wav,True,female,5,True
iraq_5_58,Iraqi,iraq_5,Iraqi\iraq_5\iraq_5_58.wav,True,female,5,True
palestine_5_82,Palestinian,palestine_5,Palestinian\palestine_5\palestine_5_82.wav,True,female,5,True
ksa_4_269,Saudi,ksa_4,Saudi\ksa_4\ksa_4_269.wav,True,male,5,True
syria_5_220,Syrian,syria_5,Syrian\syria_5\syria_5_220.wav,True,male,5,True
bahrain_1_261,Bahraini,bahrain_1,Bahraini\bahrain_1\bahrain_1_261.wav,True,male,5,True
bahrain_5_214,Bahraini,bahrain_5,Bahraini\bahrain_5\bahrain_5_214.wav,True,female,5,True
uae_3_157,Emarati,uae_3,Emarati\uae_3\uae_3_157.wav,True,male,5,True
bahrain_4_207,Bahraini,bahrain_4,Bahraini\bahrain_4\bahrain_4_207.wav,True,female,5,True
uae_3_126,Emarati,uae_3,Emarati\uae_3\uae_3_126.wav,True,male,5,True
jordan_1_135,Jordanian,jordan_1,Jordanian\jordan_1\jordan_1_135.wav,True,male,5,True
iraq_3_179,Iraqi,iraq_3,Iraqi\iraq_3\iraq_3_179.wav,True,male,5,True
palestine_2_253,Palestinian,palestine_2,Palestinian\palestine_2\palestine_2_253.wav,True,male,5,True
syria_4_156,Syrian,syria_4,Syrian\syria_4\syria_4_156.wav,True,female,5,True
syria_4_224,Syrian,syria_4,Syrian\syria_4\syria_4_224.wav,True,female,5,True
bahrain_5_291,Bahraini,bahrain_5,Bahraini\bahrain_5\bahrain_5_291.wav,True,female,5,True
bahrain_3_98,Bahraini,bahrain_3,Bahraini\bahrain_3\bahrain_3_98.wav,True,male,5,True
palestine_3_26,Palestinian,palestine_3,Palestinian\palestine_3\palestine_3_26.wav,True,male,5,True
iraq_1_174,Iraqi,iraq_1,Iraqi\iraq_1\iraq_1_174.wav,True,male,5,True
iraq_1_141,Iraqi,iraq_1,Iraqi\iraq_1\iraq_1_141.wav,True,male,5,True
uae_4_111,Emarati,uae_4,Emarati\uae_4\uae_4_111.wav,True,male,5,True
palestine_2_220,Palestinian,palestine_2,Palestinian\palestine_2\palestine_2_220.wav,True,female,5,True
lebanon_2_135,Lebanese,lebanon_2,Lebanese\lebanon_2\lebanon_2_135.wav,True,female,5,True
egypt_2_288,Egyptian,egypt_2,Egyptian\egypt_2\egypt_2_288.wav,True,male,5,True
uae_4_65,Emarati,uae_4,Emarati\uae_4\uae_4_65.wav,True,male,5,True
ksa_2_62,Saudi,ksa_2,Saudi\ksa_2\ksa_2_62.wav,True,male,5,True
bahrain_3_24,Bahraini,bahrain_3,Bahraini\bahrain_3\bahrain_3_24.wav,True,male,5,True
egypt_2_326,Egyptian,egypt_2,Egyptian\egypt_2\egypt_2_326.wav,True,male,5,True
egypt_2_279,Egyptian,egypt_2,Egyptian\egypt_2\egypt_2_279.wav,True,male,5,True
ksa_2_98,Saudi,ksa_2,Saudi\ksa_2\ksa_2_98.wav,True,male,5,True
uae_2_68,Emarati,uae_2,Emarati\uae_2\uae_2_68.wav,True,female,5,True
syria_1_1,Syrian,syria_1,Syrian\syria_1\syria_1_1.wav,True,female,5,True
ksa_2_67,Saudi,ksa_2,Saudi\ksa_2\ksa_2_67.wav,True,male,5,True
palestine_4_215,Palestinian,palestine_4,Palestinian\palestine_4\palestine_4_215.wav,True,male,5,True
bahrain_5_209,Bahraini,bahrain_5,Bahraini\bahrain_5\bahrain_5_209.wav,True,female,5,True
palestine_2_296,Palestinian,palestine_2,Palestinian\palestine_2\palestine_2_296.wav,True,female,5,True
syria_5_64,Syrian,syria_5,Syrian\syria_5\syria_5_64.wav,True,female,5,True
ksa_5_70,Saudi,ksa_5,Saudi\ksa_5\ksa_5_70.wav,True,male,5,True
bahrain_5_283,Bahraini,bahrain_5,Bahraini\bahrain_5\bahrain_5_283.wav,True,female,5,True
iraq_4_292,Iraqi,iraq_4,Iraqi\iraq_4\iraq_4_292.wav,True,female,5,True
jordan_5_68,Jordanian,jordan_5,Jordanian\jordan_5\jordan_5_68.wav,True,male,5,True
egypt_2_272,Egyptian,egypt_2,Egyptian\egypt_2\egypt_2_272.wav,True,male,5,True
iraq_2_220,Iraqi,iraq_2,Iraqi\iraq_2\iraq_2_220.wav,True,male,5,True
lebanon_2_27,Lebanese,lebanon_2,Lebanese\lebanon_2\lebanon_2_27.wav,True,male,5,True
palestine_5_6,Palestinian,palestine_5,Palestinian\palestine_5\palestine_5_6.wav,True,female,5,True
lebanon_1_1,Lebanese,lebanon_1,Lebanese\lebanon_1\lebanon_1_1.wav,True,female,5,True
jordan_1_50,Jordanian,jordan_1,Jordanian\jordan_1\jordan_1_50.wav,True,male,5,True
syria_3_32,Syrian,syria_3,Syrian\syria_3\syria_3_32.wav,True,male,5,True
uae_4_71,Emarati,uae_4,Emarati\uae_4\uae_4_71.wav,True,male,5,True
uae_2_3,Emarati,uae_2,Emarati\uae_2\uae_2_3.wav,True,female,5,True
syria_3_33,Syrian,syria_3,Syrian\syria_3\syria_3_33.wav,True,male,5,True
iraq_4_136,Iraqi,iraq_4,Iraqi\iraq_4\iraq_4_136.wav,True,female,5,True
egypt_3_105,Egyptian,egypt_3,Egyptian\egypt_3\egypt_3_105.wav,True,female,5,True
egypt_3_28,Egyptian,egypt_3,Egyptian\egypt_3\egypt_3_28.wav,True,female,5,True
ksa_3_223,Saudi,ksa_3,Saudi\ksa_3\ksa_3_223.wav,True,female,5,True
syria_5_106,Syrian,syria_5,Syrian\syria_5\syria_5_106.wav,True,female,5,True
egypt_5_265,Egyptian,egypt_5,Egyptian\egypt_5\egypt_5_265.wav,True,male,5,True
bahrain_4_12,Bahraini,bahrain_4,Bahraini\bahrain_4\bahrain_4_12.wav,True,female,5,True
ksa_5_68,Saudi,ksa_5,Saudi\ksa_5\ksa_5_68.wav,True,male,5,True
palestine_4_121,Palestinian,palestine_4,Palestinian\palestine_4\palestine_4_121.wav,True,male,5,True
egypt_3_151,Egyptian,egypt_3,Egyptian\egypt_3\egypt_3_151.wav,True,female,5,True
bahrain_1_213,Bahraini,bahrain_1,Bahraini\bahrain_1\bahrain_1_213.wav,True,male,5,True
egypt_1_341,Egyptian,egypt_1,Egyptian\egypt_1\egypt_1_341.wav,True,male,5,True
iraq_4_205,Iraqi,iraq_4,Iraqi\iraq_4\iraq_4_205.wav,True,female,5,True
bahrain_4_15,Bahraini,bahrain_4,Bahraini\bahrain_4\bahrain_4_15.wav,True,female,5,True
uae_4_239,Emarati,uae_4,Emarati\uae_4\uae_4_239.wav,True,male,5,True
iraq_2_229,Iraqi,iraq_2,Iraqi\iraq_2\iraq_2_229.wav,True,male,5,True
bahrain_2_120,Bahraini,bahrain_2,Bahraini\bahrain_2\bahrain_2_120.wav,True,male,5,True
palestine_5_293,Palestinian,palestine_5,Palestinian\palestine_5\palestine_5_293.wav,True,female,5,True
iraq_3_213,Iraqi,iraq_3,Iraqi\iraq_3\iraq_3_213.wav,True,male,5,True
ksa_5_196,Saudi,ksa_5,Saudi\ksa_5\ksa_5_196.wav,True,male,5,True
lebanon_3_88,Lebanese,lebanon_3,Lebanese\lebanon_3\lebanon_3_88.wav,True,female,5,True
lebanon_3_339,Lebanese,lebanon_3,Lebanese\lebanon_3\lebanon_3_339.wav,True,female,5,True
iraq_3_196,Iraqi,iraq_3,Iraqi\iraq_3\iraq_3_196.wav,True,male,5,True
palestine_4_36,Palestinian,palestine_4,Palestinian\palestine_4\palestine_4_36.wav,True,male,5,True
jordan_2_126,Jordanian,jordan_2,Jordanian\jordan_2\jordan_2_126.wav,True,female,5,True
syria_3_317,Syrian,syria_3,Syrian\syria_3\syria_3_317.wav,True,male,5,True
bahrain_4_275,Bahraini,bahrain_4,Bahraini\bahrain_4\bahrain_4_275.wav,True,female,5,True
uae_1_75,Emarati,uae_1,Emarati\uae_1\uae_1_75.wav,True,male,5,True
palestine_5_282,Palestinian,palestine_5,Palestinian\palestine_5\palestine_5_282.wav,True,female,5,True
iraq_1_230,Iraqi,iraq_1,Iraqi\iraq_1\iraq_1_230.wav,True,male,5,True
uae_5_289,Emarati,uae_5,Emarati\uae_5\uae_5_289.wav,True,female,5,True
uae_4_186,Emarati,uae_4,Emarati\uae_4\uae_4_186.wav,True,male,5,True
lebanon_4_122,Lebanese,lebanon_4,Lebanese\lebanon_4\lebanon_4_122.wav,True,female,5,True
ksa_4_63,Saudi,ksa_4,Saudi\ksa_4\ksa_4_63.wav,True,male,5,True
lebanon_5_14,Lebanese,lebanon_5,Lebanese\lebanon_5\lebanon_5_14.wav,True,male,5,True
lebanon_1_311,Lebanese,lebanon_1,Lebanese\lebanon_1\lebanon_1_311.wav,True,male,5,True
bahrain_4_196,Bahraini,bahrain_4,Bahraini\bahrain_4\bahrain_4_196.wav,True,female,5,True
uae_1_357,Emarati,uae_1,Emarati\uae_1\uae_1_357.wav,True,male,5,True
palestine_3_186,Palestinian,palestine_3,Palestinian\palestine_3\palestine_3_186.wav,True,female,5,True
jordan_1_85,Jordanian,jordan_1,Jordanian\jordan_1\jordan_1_85.wav,True,male,5,True
ksa_5_171,Saudi,ksa_5,Saudi\ksa_5\ksa_5_171.wav,True,male,5,True
palestine_4_341,Palestinian,palestine_4,Palestinian\palestine_4\palestine_4_341.wav,True,male,5,True
iraq_4_120,Iraqi,iraq_4,Iraqi\iraq_4\iraq_4_120.wav,True,female,5,True
lebanon_5_4,Lebanese,lebanon_5,Lebanese\lebanon_5\lebanon_5_4.wav,True,male,5,True
ksa_4_7,Saudi,ksa_4,Saudi\ksa_4\ksa_4_7.wav,True,male,5,True
bahrain_2_282,Bahraini,bahrain_2,Bahraini\bahrain_2\bahrain_2_282.wav,True,male,5,True
egypt_4_122,Egyptian,egypt_4,Egyptian\egypt_4\egypt_4_122.wav,True,female,5,True
uae_5_47,Emarati,uae_5,Emarati\uae_5\uae_5_47.wav,True,female,5,True
lebanon_4_338,Lebanese,lebanon_4,Lebanese\lebanon_4\lebanon_4_338.wav,True,female,5,True
bahrain_3_176,Bahraini,bahrain_3,Bahraini\bahrain_3\bahrain_3_176.wav,True,male,5,True
lebanon_3_358,Lebanese,lebanon_3,Lebanese\lebanon_3\lebanon_3_358.wav,True,female,5,True
jordan_1_139,Jordanian,jordan_1,Jordanian\jordan_1\jordan_1_139.wav,True,male,5,True
egypt_3_120,Egyptian,egypt_3,Egyptian\egypt_3\egypt_3_120.wav,True,female,5,True
iraq_1_257,Iraqi,iraq_1,Iraqi\iraq_1\iraq_1_257.wav,True,male,5,True
syria_1_315,Syrian,syria_1,Syrian\syria_1\syria_1_315.wav,True,female,5,True
lebanon_2_73,Lebanese,lebanon_2,Lebanese\lebanon_2\lebanon_2_73.wav,True,male,5,True
bahrain_1_272,Bahraini,bahrain_1,Bahraini\bahrain_1\bahrain_1_272.wav,True,male,5,True
palestine_1_177,Palestinian,palestine_1,Palestinian\palestine_1\palestine_1_177.wav,True,male,5,True
iraq_3_41,Iraqi,iraq_3,Iraqi\iraq_3\iraq_3_41.wav,True,male,5,True
jorday_4_211,Jordanian,jorday_4,Jordanian\jorday_4\jorday_4_211.wav,True,female,5,True
jordan_2_226,Jordanian,jordan_2,Jordanian\jordan_2\jordan_2_226.wav,True,female,5,True
bahrain_1_50,Bahraini,bahrain_1,Bahraini\bahrain_1\bahrain_1_50.wav,True,male,5,True
lebanon_2_56,Lebanese,lebanon_2,Lebanese\lebanon_2\lebanon_2_56.wav,True,male,5,True
bahrain_2_26,Bahraini,bahrain_2,Bahraini\bahrain_2\bahrain_2_26.wav,True,male,5,True
jorday_4_104,Jordanian,jorday_4,Jordanian\jorday_4\jorday_4_104.wav,True,female,5,True
jordan_3_167,Jordanian,jordan_3,Jordanian\jordan_3\jordan_3_167.wav,True,male,5,True
jordan_2_274,Jordanian,jordan_2,Jordanian\jordan_2\jordan_2_274.wav,True,female,5,True
jordan_3_100,Jordanian,jordan_3,Jordanian\jordan_3\jordan_3_100.wav,True,male,5,True
ksa_5_230,Saudi,ksa_5,Saudi\ksa_5\ksa_5_230.wav,True,male,5,True
lebanon_1_67,Lebanese,lebanon_1,Lebanese\lebanon_1\lebanon_1_67.wav,True,female,5,True
jorday_4_243,Jordanian,jorday_4,Jordanian\jorday_4\jorday_4_243.wav,True,female,5,True
ksa_5_124,Saudi,ksa_5,Saudi\ksa_5\ksa_5_124.wav,True,male,5,True
iraq_4_78,Iraqi,iraq_4,Iraqi\iraq_4\iraq_4_78.wav,True,female,5,True
uae_2_66,Emarati,uae_2,Emarati\uae_2\uae_2_66.wav,True,female,5,True
uae_4_311,Emarati,uae_4,Emarati\uae_4\uae_4_311.wav,True,male,5,True
bahrain_2_335,Bahraini,bahrain_2,Bahraini\bahrain_2\bahrain_2_335.wav,True,male,5,True
iraq_3_304,Iraqi,iraq_3,Iraqi\iraq_3\iraq_3_304.wav,True,male,5,True
egypt_4_146,Egyptian,egypt_4,Egyptian\egypt_4\egypt_4_146.wav,True,female,5,True
palestine_2_302,Palestinian,palestine_2,Palestinian\palestine_2\palestine_2_302.wav,True,female,5,True
lebanon_2_219,Lebanese,lebanon_2,Lebanese\lebanon_2\lebanon_2_219.wav,True,male,5,True
uae_3_138,Emarati,uae_3,Emarati\uae_3\uae_3_138.wav,True,male,5,True
palestine_5_33,Palestinian,palestine_5,Palestinian\palestine_5\palestine_5_33.wav,True,female,5,True
bahrain_4_344,Bahraini,bahrain_4,Bahraini\bahrain_4\bahrain_4_344.wav,True,female,5,True
ksa_2_84,Saudi,ksa_2,Saudi\ksa_2\ksa_2_84.wav,True,male,5,True
ksa_3_140,Saudi,ksa_3,Saudi\ksa_3\ksa_3_140.wav,True,male,5,True
palestine_3_48,Palestinian,palestine_3,Palestinian\palestine_3\palestine_3_48.wav,True,male,5,True
ksa_1_177,Saudi,ksa_1,Saudi\ksa_1\ksa_1_177.wav,True,female,5,True
syria_4_279,Syrian,syria_4,Syrian\syria_4\syria_4_279.wav,True,male,5,True
uae_5_290,Emarati,uae_5,Emarati\uae_5\uae_5_290.wav,True,female,5,True
iraq_1_86,Iraqi,iraq_1,Iraqi\iraq_1\iraq_1_86.wav,True,male,5,True
ksa_1_2,Saudi,ksa_1,Saudi\ksa_1\ksa_1_2.wav,True,female,5,True
bahrain_2_173,Bahraini,bahrain_2,Bahraini\bahrain_2\bahrain_2_173.wav,True,male,5,True
lebanon_3_23,Lebanese,lebanon_3,Lebanese\lebanon_3\lebanon_3_23.wav,True,female,5,True
bahrain_1_321,Bahraini,bahrain_1,Bahraini\bahrain_1\bahrain_1_321.wav,True,male,5,True
iraq_4_279,Iraqi,iraq_4,Iraqi\iraq_4\iraq_4_279.wav,True,female,5,True
iraq_4_316,Iraqi,iraq_4,Iraqi\iraq_4\iraq_4_316.wav,True,female,5,True
syria_4_149,Syrian,syria_4,Syrian\syria_4\syria_4_149.wav,True,female,5,True
ksa_1_151,Saudi,ksa_1,Saudi\ksa_1\ksa_1_151.wav,True,female,5,True
syria_5_213,Syrian,syria_5,Syrian\syria_5\syria_5_213.wav,True,female,5,True
lebanon_5_122,Lebanese,lebanon_5,Lebanese\lebanon_5\lebanon_5_122.wav,True,male,5,True
egypt_2_275,Egyptian,egypt_2,Egyptian\egypt_2\egypt_2_275.wav,True,male,5,True
ksa_2_291,Saudi,ksa_2,Saudi\ksa_2\ksa_2_291.wav,True,male,5,True
syria_2_105,Syrian,syria_2,Syrian\syria_2\syria_2_105.wav,True,male,5,True
palestine_2_257,Palestinian,palestine_2,Palestinian\palestine_2\palestine_2_257.wav,True,male,5,True
egypt_3_121,Egyptian,egypt_3,Egyptian\egypt_3\egypt_3_121.wav,True,female,5,True
ksa_2_325,Saudi,ksa_2,Saudi\ksa_2\ksa_2_325.wav,True,male,5,True
iraq_2_49,Iraqi,iraq_2,Iraqi\iraq_2\iraq_2_49.wav,True,male,5,True
uae_1_142,Emarati,uae_1,Emarati\uae_1\uae_1_142.wav,True,male,5,True
iraq_4_226,Iraqi,iraq_4,Iraqi\iraq_4\iraq_4_226.wav,True,female,5,True
palestine_2_249,Palestinian,palestine_2,Palestinian\palestine_2\palestine_2_249.wav,True,female,5,True
uae_1_266,Emarati,uae_1,Emarati\uae_1\uae_1_266.wav,True,male,5,True
lebanon_4_276,Lebanese,lebanon_4,Lebanese\lebanon_4\lebanon_4_276.wav,True,female,5,True
ksa_5_19,Saudi,ksa_5,Saudi\ksa_5\ksa_5_19.wav,True,male,5,True
palestine_1_171,Palestinian,palestine_1,Palestinian\palestine_1\palestine_1_171.wav,True,male,5,True
iraq_1_172,Iraqi,iraq_1,Iraqi\iraq_1\iraq_1_172.wav,True,male,5,True
ksa_5_14,Saudi,ksa_5,Saudi\ksa_5\ksa_5_14.wav,True,male,5,True
egypt_1_275,Egyptian,egypt_1,Egyptian\egypt_1\egypt_1_275.wav,True,male,5,True
egypt_1_120,Egyptian,egypt_1,Egyptian\egypt_1\egypt_1_120.wav,True,male,5,True
egypt_2_149,Egyptian,egypt_2,Egyptian\egypt_2\egypt_2_149.wav,True,male,5,True
palestine_4_116,Palestinian,palestine_4,Palestinian\palestine_4\palestine_4_116.wav,True,male,5,True
ksa_1_342,Saudi,ksa_1,Saudi\ksa_1\ksa_1_342.wav,True,female,5,True
palestine_4_56,Palestinian,palestine_4,Palestinian\palestine_4\palestine_4_56.wav,True,male,5,True
bahrain_5_254,Bahraini,bahrain_5,Bahraini\bahrain_5\bahrain_5_254.wav,True,female,5,True
bahrain_2_159,Bahraini,bahrain_2,Bahraini\bahrain_2\bahrain_2_159.wav,True,male,5,True
lebanon_4_132,Lebanese,lebanon_4,Lebanese\lebanon_4\lebanon_4_132.wav,True,female,5,True
lebanon_5_336,Lebanese,lebanon_5,Lebanese\lebanon_5\lebanon_5_336.wav,True,male,5,True
ksa_1_164,Saudi,ksa_1,Saudi\ksa_1\ksa_1_164.wav,True,female,5,True
egypt_3_198,Egyptian,egypt_3,Egyptian\egypt_3\egypt_3_198.wav,True,female,5,True
bahrain_5_243,Bahraini,bahrain_5,Bahraini\bahrain_5\bahrain_5_243.wav,True,female,5,True
bahrain_2_156,Bahraini,bahrain_2,Bahraini\bahrain_2\bahrain_2_156.wav,True,male,5,True
lebanon_5_163,Lebanese,lebanon_5,Lebanese\lebanon_5\lebanon_5_163.wav,True,male,5,True
lebanon_4_106,Lebanese,lebanon_4,Lebanese\lebanon_4\lebanon_4_106.wav,True,female,5,True
palestine_3_36,Palestinian,palestine_3,Palestinian\palestine_3\palestine_3_36.wav,True,male,5,True
egypt_3_261,Egyptian,egypt_3,Egyptian\egypt_3\egypt_3_261.wav,True,female,5,True
iraq_5_109,Iraqi,iraq_5,Iraqi\iraq_5\iraq_5_109.wav,True,female,5,True
iraq_2_169,Iraqi,iraq_2,Iraqi\iraq_2\iraq_2_169.wav,True,male,5,True
ksa_4_355,Saudi,ksa_4,Saudi\ksa_4\ksa_4_355.wav,True,male,5,True
lebanon_3_282,Lebanese,lebanon_3,Lebanese\lebanon_3\lebanon_3_282.wav,True,female,5,True
ksa_2_225,Saudi,ksa_2,Saudi\ksa_2\ksa_2_225.wav,True,male,5,True
bahrain_1_53,Bahraini,bahrain_1,Bahraini\bahrain_1\bahrain_1_53.wav,True,male,5,True
jordan_2_27,Jordanian,jordan_2,Jordanian\jordan_2\jordan_2_27.wav,True,female,5,True
palestine_3_219,Palestinian,palestine_3,Palestinian\palestine_3\palestine_3_219.wav,True,male,5,True
ksa_3_69,Saudi,ksa_3,Saudi\ksa_3\ksa_3_69.wav,True,female,5,True
bahrain_5_220,Bahraini,bahrain_5,Bahraini\bahrain_5\bahrain_5_220.wav,True,female,5,True
egypt_1_69,Egyptian,egypt_1,Egyptian\egypt_1\egypt_1_69.wav,True,male,5,True
uae_2_307,Emarati,uae_2,Emarati\uae_2\uae_2_307.wav,True,male,5,True
lebanon_2_273,Lebanese,lebanon_2,Lebanese\lebanon_2\lebanon_2_273.wav,True,male,5,True
egypt_3_248,Egyptian,egypt_3,Egyptian\egypt_3\egypt_3_248.wav,True,female,5,True
uae_4_40,Emarati,uae_4,Emarati\uae_4\uae_4_40.wav,True,male,5,True
palestine_4_123,Palestinian,palestine_4,Palestinian\palestine_4\palestine_4_123.wav,True,male,5,True
egypt_5_196,Egyptian,egypt_5,Egyptian\egypt_5\egypt_5_196.wav,True,male,5,True
egypt_3_179,Egyptian,egypt_3,Egyptian\egypt_3\egypt_3_179.wav,True,female,5,True
ksa_2_143,Saudi,ksa_2,Saudi\ksa_2\ksa_2_143.wav,True,male,5,True
egypt_2_208,Egyptian,egypt_2,Egyptian\egypt_2\egypt_2_208.wav,True,male,5,True
jordan_5_264,Jordanian,jordan_5,Jordanian\jordan_5\jordan_5_264.wav,True,male,5,True
egypt_1_174,Egyptian,egypt_1,Egyptian\egypt_1\egypt_1_174.wav,True,male,5,True
syria_3_338,Syrian,syria_3,Syrian\syria_3\syria_3_338.wav,True,male,5,True
syria_3_142,Syrian,syria_3,Syrian\syria_3\syria_3_142.wav,True,male,5,True
ksa_4_169,Saudi,ksa_4,Saudi\ksa_4\ksa_4_169.wav,True,male,5,True
syria_1_198,Syrian,syria_1,Syrian\syria_1\syria_1_198.wav,True,female,5,True
egypt_2_124,Egyptian,egypt_2,Egyptian\egypt_2\egypt_2_124.wav,True,male,5,True
syria_3_173,Syrian,syria_3,Syrian\syria_3\syria_3_173.wav,True,male,5,True
bahrain_4_301,Bahraini,bahrain_4,Bahraini\bahrain_4\bahrain_4_301.wav,True,female,5,True
iraq_4_209,Iraqi,iraq_4,Iraqi\iraq_4\iraq_4_209.wav,True,female,5,True
bahrain_1_219,Bahraini,bahrain_1,Bahraini\bahrain_1\bahrain_1_219.wav,True,male,5,True
uae_3_252,Emarati,uae_3,Emarati\uae_3\uae_3_252.wav,True,male,5,True
uae_1_213,Emarati,uae_1,Emarati\uae_1\uae_1_213.wav,True,male,5,True
syria_3_31,Syrian,syria_3,Syrian\syria_3\syria_3_31.wav,True,male,5,True
jordan_5_156,Jordanian,jordan_5,Jordanian\jordan_5\jordan_5_156.wav,True,male,5,True
ksa_4_48,Saudi,ksa_4,Saudi\ksa_4\ksa_4_48.wav,True,male,5,True
egypt_5_26,Egyptian,egypt_5,Egyptian\egypt_5\egypt_5_26.wav,True,female,5,True
iraq_3_353,Iraqi,iraq_3,Iraqi\iraq_3\iraq_3_353.wav,True,male,5,True
iraq_5_44,Iraqi,iraq_5,Iraqi\iraq_5\iraq_5_44.wav,True,female,5,True
iraq_2_119,Iraqi,iraq_2,Iraqi\iraq_2\iraq_2_119.wav,True,male,5,True
syria_2_322,Syrian,syria_2,Syrian\syria_2\syria_2_322.wav,True,male,5,True
iraq_1_131,Iraqi,iraq_1,Iraqi\iraq_1\iraq_1_131.wav,True,male,5,True
egypt_1_70,Egyptian,egypt_1,Egyptian\egypt_1\egypt_1_70.wav,True,male,5,True
jorday_4_339,Jordanian,jorday_4,Jordanian\jorday_4\jorday_4_339.wav,True,female,5,True
palestine_5_326,Palestinian,palestine_5,Palestinian\palestine_5\palestine_5_326.wav,True,female,5,True
syria_2_214,Syrian,syria_2,Syrian\syria_2\syria_2_214.wav,True,male,5,True
jorday_4_203,Jordanian,jorday_4,Jordanian\jorday_4\jorday_4_203.wav,True,female,5,True
jordan_2_77,Jordanian,jordan_2,Jordanian\jordan_2\jordan_2_77.wav,True,female,5,True
palestine_5_289,Palestinian,palestine_5,Palestinian\palestine_5\palestine_5_289.wav,True,female,5,True
uae_2_61,Emarati,uae_2,Emarati\uae_2\uae_2_61.wav,True,female,5,True
syria_3_190,Syrian,syria_3,Syrian\syria_3\syria_3_190.wav,True,male,5,True
iraq_5_137,Iraqi,iraq_5,Iraqi\iraq_5\iraq_5_137.wav,True,female,5,True
ksa_3_240,Saudi,ksa_3,Saudi\ksa_3\ksa_3_240.wav,True,female,5,True
iraq_1_95,Iraqi,iraq_1,Iraqi\iraq_1\iraq_1_95.wav,True,male,5,True
egypt_4_156,Egyptian,egypt_4,Egyptian\egypt_4\egypt_4_156.wav,True,female,5,True
ksa_2_302,Saudi,ksa_2,Saudi\ksa_2\ksa_2_302.wav,True,male,5,True
bahrain_5_297,Bahraini,bahrain_5,Bahraini\bahrain_5\bahrain_5_297.wav,True,female,5,True
uae_3_175,Emarati,uae_3,Emarati\uae_3\uae_3_175.wav,True,male,5,True
lebanon_2_180,Lebanese,lebanon_2,Lebanese\lebanon_2\lebanon_2_180.wav,True,male,5,True
syria_2_190,Syrian,syria_2,Syrian\syria_2\syria_2_190.wav,True,male,5,True
palestine_5_319,Palestinian,palestine_5,Palestinian\palestine_5\palestine_5_319.wav,True,female,5,True
egypt_3_126,Egyptian,egypt_3,Egyptian\egypt_3\egypt_3_126.wav,True,female,5,True
uae_2_39,Emarati,uae_2,Emarati\uae_2\uae_2_39.wav,True,female,5,True
palestine_4_118,Palestinian,palestine_4,Palestinian\palestine_4\palestine_4_118.wav,True,male,5,True
uae_3_67,Emarati,uae_3,Emarati\uae_3\uae_3_67.wav,True,male,5,True
jordan_1_248,Jordanian,jordan_1,Jordanian\jordan_1\jordan_1_248.wav,True,male,5,True
syria_3_135,Syrian,syria_3,Syrian\syria_3\syria_3_135.wav,True,male,5,True
ksa_5_75,Saudi,ksa_5,Saudi\ksa_5\ksa_5_75.wav,True,male,5,True
bahrain_3_187,Bahraini,bahrain_3,Bahraini\bahrain_3\bahrain_3_187.wav,True,male,5,True
jordan_2_351,Jordanian,jordan_2,Jordanian\jordan_2\jordan_2_351.wav,True,female,5,True
syria_3_27,Syrian,syria_3,Syrian\syria_3\syria_3_27.wav,True,male,5,True
ksa_4_114,Saudi,ksa_4,Saudi\ksa_4\ksa_4_114.wav,True,male,5,True
ksa_1_158,Saudi,ksa_1,Saudi\ksa_1\ksa_1_158.wav,True,female,5,True
palestine_4_12,Palestinian,palestine_4,Palestinian\palestine_4\palestine_4_12.wav,True,male,5,True
jordan_5_319,Jordanian,jordan_5,Jordanian\jordan_5\jordan_5_319.wav,True,male,5,True
uae_4_286,Emarati,uae_4,Emarati\uae_4\uae_4_286.wav,True,male,5,True
lebanon_4_17,Lebanese,lebanon_4,Lebanese\lebanon_4\lebanon_4_17.wav,True,female,5,True
jordan_5_180,Jordanian,jordan_5,Jordanian\jordan_5\jordan_5_180.wav,True,male,5,True
syria_1_129,Syrian,syria_1,Syrian\syria_1\syria_1_129.wav,True,female,5,True
bahrain_4_86,Bahraini,bahrain_4,Bahraini\bahrain_4\bahrain_4_86.wav,True,female,5,True
syria_2_299,Syrian,syria_2,Syrian\syria_2\syria_2_299.wav,True,male,5,True
jordan_3_160,Jordanian,jordan_3,Jordanian\jordan_3\jordan_3_160.wav,True,female,5,True
syria_5_120,Syrian,syria_5,Syrian\syria_5\syria_5_120.wav,True,female,5,True
uae_1_226,Emarati,uae_1,Emarati\uae_1\uae_1_226.wav,True,male,5,True
uae_1_127,Emarati,uae_1,Emarati\uae_1\uae_1_127.wav,True,male,5,True
lebanon_3_4,Lebanese,lebanon_3,Lebanese\lebanon_3\lebanon_3_4.wav,True,female,5,True
uae_1_294,Emarati,uae_1,Emarati\uae_1\uae_1_294.wav,True,male,5,True
jordan_2_309,Jordanian,jordan_2,Jordanian\jordan_2\jordan_2_309.wav,True,female,5,True
uae_2_73,Emarati,uae_2,Emarati\uae_2\uae_2_73.wav,True,male,5,True
syria_2_21,Syrian,syria_2,Syrian\syria_2\syria_2_21.wav,True,male,5,True
lebanon_1_234,Lebanese,lebanon_1,Lebanese\lebanon_1\lebanon_1_234.wav,True,female,5,True
ksa_1_284,Saudi,ksa_1,Saudi\ksa_1\ksa_1_284.wav,True,female,5,True
palestine_4_267,Palestinian,palestine_4,Palestinian\palestine_4\palestine_4_267.wav,True,male,5,True
uae_2_33,Emarati,uae_2,Emarati\uae_2\uae_2_33.wav,True,female,5,True
iraq_4_4,Iraqi,iraq_4,Iraqi\iraq_4\iraq_4_4.wav,True,female,5,True
egypt_2_156,Egyptian,egypt_2,Egyptian\egypt_2\egypt_2_156.wav,True,male,5,True
bahrain_4_123,Bahraini,bahrain_4,Bahraini\bahrain_4\bahrain_4_123.wav,True,female,5,True
iraq_2_346,Iraqi,iraq_2,Iraqi\iraq_2\iraq_2_346.wav,True,male,5,True
bahrain_3_103,Bahraini,bahrain_3,Bahraini\bahrain_3\bahrain_3_103.wav,True,male,5,True
palestine_3_277,Palestinian,palestine_3,Palestinian\palestine_3\palestine_3_277.wav,True,male,5,True
egypt_5_52,Egyptian,egypt_5,Egyptian\egypt_5\egypt_5_52.wav,True,male,5,True
lebanon_4_142,Lebanese,lebanon_4,Lebanese\lebanon_4\lebanon_4_142.wav,True,female,5,True
syria_4_172,Syrian,syria_4,Syrian\syria_4\syria_4_172.wav,True,female,5,True
egypt_2_83,Egyptian,egypt_2,Egyptian\egypt_2\egypt_2_83.wav,True,male,5,True
palestine_3_266,Palestinian,palestine_3,Palestinian\palestine_3\palestine_3_266.wav,True,male,5,True
palestine_3_83,Palestinian,palestine_3,Palestinian\palestine_3\palestine_3_83.wav,True,male,5,True
bahrain_4_219,Bahraini,bahrain_4,Bahraini\bahrain_4\bahrain_4_219.wav,True,female,5,True
palestine_1_155,Palestinian,palestine_1,Palestinian\palestine_1\palestine_1_155.wav,True,male,5,True
bahrain_5_126,Bahraini,bahrain_5,Bahraini\bahrain_5\bahrain_5_126.wav,True,female,5,True
egypt_1_7,Egyptian,egypt_1,Egyptian\egypt_1\egypt_1_7.wav,True,male,5,True
bahrain_1_340,Bahraini,bahrain_1,Bahraini\bahrain_1\bahrain_1_340.wav,True,male,5,True
ksa_4_268,Saudi,ksa_4,Saudi\ksa_4\ksa_4_268.wav,True,male,5,True
lebanon_2_280,Lebanese,lebanon_2,Lebanese\lebanon_2\lebanon_2_280.wav,True,male,5,True
lebanon_3_250,Lebanese,lebanon_3,Lebanese\lebanon_3\lebanon_3_250.wav,True,female,5,True
lebanon_3_260,Lebanese,lebanon_3,Lebanese\lebanon_3\lebanon_3_260.wav,True,female,5,True
uae_2_11,Emarati,uae_2,Emarati\uae_2\uae_2_11.wav,True,female,5,True
iraq_2_42,Iraqi,iraq_2,Iraqi\iraq_2\iraq_2_42.wav,True,male,5,True
syria_2_262,Syrian,syria_2,Syrian\syria_2\syria_2_262.wav,True,male,5,True
uae_1_153,Emarati,uae_1,Emarati\uae_1\uae_1_153.wav,True,male,5,True
palestine_5_245,Palestinian,palestine_5,Palestinian\palestine_5\palestine_5_245.wav,True,female,5,True
syria_2_185,Syrian,syria_2,Syrian\syria_2\syria_2_185.wav,True,male,5,True
lebanon_2_10,Lebanese,lebanon_2,Lebanese\lebanon_2\lebanon_2_10.wav,True,male,5,True
bahrain_1_77,Bahraini,bahrain_1,Bahraini\bahrain_1\bahrain_1_77.wav,True,male,5,True
jorday_4_264,Jordanian,jorday_4,Jordanian\jorday_4\jorday_4_264.wav,True,female,5,True
uae_1_327,Emarati,uae_1,Emarati\uae_1\uae_1_327.wav,True,male,5,True
jordan_1_114,Jordanian,jordan_1,Jordanian\jordan_1\jordan_1_114.wav,True,male,5,True
uae_5_31,Emarati,uae_5,Emarati\uae_5\uae_5_31.wav,True,female,5,True
bahrain_1_121,Bahraini,bahrain_1,Bahraini\bahrain_1\bahrain_1_121.wav,True,male,5,True
lebanon_2_120,Lebanese,lebanon_2,Lebanese\lebanon_2\lebanon_2_120.wav,True,male,5,True
egypt_3_237,Egyptian,egypt_3,Egyptian\egypt_3\egypt_3_237.wav,True,female,5,True
jorday_4_291,Jordanian,jorday_4,Jordanian\jorday_4\jorday_4_291.wav,True,female,5,True
iraq_3_66,Iraqi,iraq_3,Iraqi\iraq_3\iraq_3_66.wav,True,male,5,True
bahrain_4_328,Bahraini,bahrain_4,Bahraini\bahrain_4\bahrain_4_328.wav,True,female,5,True
iraq_3_346,Iraqi,iraq_3,Iraqi\iraq_3\iraq_3_346.wav,True,male,5,True
bahrain_1_90,Bahraini,bahrain_1,Bahraini\bahrain_1\bahrain_1_90.wav,True,male,5,True
iraq_4_267,Iraqi,iraq_4,Iraqi\iraq_4\iraq_4_267.wav,True,female,5,True
egypt_1_343,Egyptian,egypt_1,Egyptian\egypt_1\egypt_1_343.wav,True,male,5,True
ksa_2_30,Saudi,ksa_2,Saudi\ksa_2\ksa_2_30.wav,True,male,5,True
palestine_4_197,Palestinian,palestine_4,Palestinian\palestine_4\palestine_4_197.wav,True,male,5,True
jordan_3_196,Jordanian,jordan_3,Jordanian\jordan_3\jordan_3_196.wav,True,female,5,True
jordan_2_145,Jordanian,jordan_2,Jordanian\jordan_2\jordan_2_145.wav,True,female,5,True
ksa_4_78,Saudi,ksa_4,Saudi\ksa_4\ksa_4_78.wav,True,male,5,True
uae_2_128,Emarati,uae_2,Emarati\uae_2\uae_2_128.wav,True,male,5,True
iraq_2_209,Iraqi,iraq_2,Iraqi\iraq_2\iraq_2_209.wav,True,male,5,True
lebanon_4_246,Lebanese,lebanon_4,Lebanese\lebanon_4\lebanon_4_246.wav,True,female,5,True
syria_2_330,Syrian,syria_2,Syrian\syria_2\syria_2_330.wav,True,male,5,True
ksa_2_346,Saudi,ksa_2,Saudi\ksa_2\ksa_2_346.wav,True,male,5,True
lebanon_5_164,Lebanese,lebanon_5,Lebanese\lebanon_5\lebanon_5_164.wav,True,male,5,True
jordan_2_164,Jordanian,jordan_2,Jordanian\jordan_2\jordan_2_164.wav,True,female,5,True
jordan_5_101,Jordanian,jordan_5,Jordanian\jordan_5\jordan_5_101.wav,True,male,5,True
ksa_4_298,Saudi,ksa_4,Saudi\ksa_4\ksa_4_298.wav,True,male,5,True
iraq_5_331,Iraqi,iraq_5,Iraqi\iraq_5\iraq_5_331.wav,True,female,5,True
bahrain_5_210,Bahraini,bahrain_5,Bahraini\bahrain_5\bahrain_5_210.wav,True,female,5,True
iraq_1_321,Iraqi,iraq_1,Iraqi\iraq_1\iraq_1_321.wav,True,male,5,True
egypt_4_121,Egyptian,egypt_4,Egyptian\egypt_4\egypt_4_121.wav,True,female,5,True
bahrain_5_340,Bahraini,bahrain_5,Bahraini\bahrain_5\bahrain_5_340.wav,True,female,5,True
egypt_5_220,Egyptian,egypt_5,Egyptian\egypt_5\egypt_5_220.wav,True,male,5,True
bahrain_2_303,Bahraini,bahrain_2,Bahraini\bahrain_2\bahrain_2_303.wav,True,male,5,True
bahrain_5_319,Bahraini,bahrain_5,Bahraini\bahrain_5\bahrain_5_319.wav,True,female,5,True
iraq_2_118,Iraqi,iraq_2,Iraqi\iraq_2\iraq_2_118.wav,True,male,5,True
egypt_4_286,Egyptian,egypt_4,Egyptian\egypt_4\egypt_4_286.wav,True,female,5,True
iraq_2_134,Iraqi,iraq_2,Iraqi\iraq_2\iraq_2_134.wav,True,male,5,True
bahrain_2_142,Bahraini,bahrain_2,Bahraini\bahrain_2\bahrain_2_142.wav,True,male,5,True
uae_3_118,Emarati,uae_3,Emarati\uae_3\uae_3_118.wav,True,male,5,True
palestine_2_352,Palestinian,palestine_2,Palestinian\palestine_2\palestine_2_352.wav,True,female,5,True
iraq_5_141,Iraqi,iraq_5,Iraqi\iraq_5\iraq_5_141.wav,True,female,5,True
uae_3_209,Emarati,uae_3,Emarati\uae_3\uae_3_209.wav,True,male,5,True
bahrain_5_338,Bahraini,bahrain_5,Bahraini\bahrain_5\bahrain_5_338.wav,True,female,5,True
jordan_2_5,Jordanian,jordan_2,Jordanian\jordan_2\jordan_2_5.wav,True,female,5,True
iraq_5_341,Iraqi,iraq_5,Iraqi\iraq_5\iraq_5_341.wav,True,female,5,True
palestine_4_195,Palestinian,palestine_4,Palestinian\palestine_4\palestine_4_195.wav,True,male,5,True
lebanon_4_196,Lebanese,lebanon_4,Lebanese\lebanon_4\lebanon_4_196.wav,True,female,5,True
uae_3_261,Emarati,uae_3,Emarati\uae_3\uae_3_261.wav,True,male,5,True
jordan_2_237,Jordanian,jordan_2,Jordanian\jordan_2\jordan_2_237.wav,True,female,5,True
jordan_3_203,Jordanian,jordan_3,Jordanian\jordan_3\jordan_3_203.wav,True,female,5,True
bahrain_4_215,Bahraini,bahrain_4,Bahraini\bahrain_4\bahrain_4_215.wav,True,female,5,True
lebanon_1_61,Lebanese,lebanon_1,Lebanese\lebanon_1\lebanon_1_61.wav,True,female,5,True
jordan_2_240,Jordanian,jordan_2,Jordanian\jordan_2\jordan_2_240.wav,True,female,5,True
syria_2_343,Syrian,syria_2,Syrian\syria_2\syria_2_343.wav,True,male,5,True
ksa_4_110,Saudi,ksa_4,Saudi\ksa_4\ksa_4_110.wav,True,male,5,True
ksa_3_49,Saudi,ksa_3,Saudi\ksa_3\ksa_3_49.wav,True,male,5,True
iraq_1_200,Iraqi,iraq_1,Iraqi\iraq_1\iraq_1_200.wav,True,male,5,True
lebanon_5_169,Lebanese,lebanon_5,Lebanese\lebanon_5\lebanon_5_169.wav,True,male,5,True
iraq_3_333,Iraqi,iraq_3,Iraqi\iraq_3\iraq_3_333.wav,True,male,5,True
palestine_4_74,Palestinian,palestine_4,Palestinian\palestine_4\palestine_4_74.wav,True,male,5,True
jordan_3_200,Jordanian,jordan_3,Jordanian\jordan_3\jordan_3_200.wav,True,male,5,True
iraq_4_234,Iraqi,iraq_4,Iraqi\iraq_4\iraq_4_234.wav,True,female,5,True
uae_3_169,Emarati,uae_3,Emarati\uae_3\uae_3_169.wav,True,male,5,True
egypt_1_287,Egyptian,egypt_1,Egyptian\egypt_1\egypt_1_287.wav,True,male,5,True
lebanon_3_262,Lebanese,lebanon_3,Lebanese\lebanon_3\lebanon_3_262.wav,True,female,5,True
palestine_4_131,Palestinian,palestine_4,Palestinian\palestine_4\palestine_4_131.wav,True,male,5,True
syria_2_6,Syrian,syria_2,Syrian\syria_2\syria_2_6.wav,True,male,5,True
iraq_4_305,Iraqi,iraq_4,Iraqi\iraq_4\iraq_4_305.wav,True,female,5,True
uae_3_23,Emarati,uae_3,Emarati\uae_3\uae_3_23.wav,True,male,5,True
bahrain_5_162,Bahraini,bahrain_5,Bahraini\bahrain_5\bahrain_5_162.wav,True,female,5,True
iraq_1_320,Iraqi,iraq_1,Iraqi\iraq_1\iraq_1_320.wav,True,male,5,True
bahrain_1_119,Bahraini,bahrain_1,Bahraini\bahrain_1\bahrain_1_119.wav,True,male,5,True
iraq_5_169,Iraqi,iraq_5,Iraqi\iraq_5\iraq_5_169.wav,True,female,5,True
ksa_2_149,Saudi,ksa_2,Saudi\ksa_2\ksa_2_149.wav,True,male,5,True
jordan_3_65,Jordanian,jordan_3,Jordanian\jordan_3\jordan_3_65.wav,True,female,5,True
lebanon_4_110,Lebanese,lebanon_4,Lebanese\lebanon_4\lebanon_4_110.wav,True,female,5,True
jorday_4_162,Jordanian,jorday_4,Jordanian\jorday_4\jorday_4_162.wav,True,female,5,True
syria_1_102,Syrian,syria_1,Syrian\syria_1\syria_1_102.wav,True,female,5,True
syria_5_143,Syrian,syria_5,Syrian\syria_5\syria_5_143.wav,True,female,5,True
bahrain_3_126,Bahraini,bahrain_3,Bahraini\bahrain_3\bahrain_3_126.wav,True,male,5,True
uae_5_179,Emarati,uae_5,Emarati\uae_5\uae_5_179.wav,True,female,5,True
syria_2_291,Syrian,syria_2,Syrian\syria_2\syria_2_291.wav,True,male,5,True
ksa_5_27,Saudi,ksa_5,Saudi\ksa_5\ksa_5_27.wav,True,male,5,True
iraq_1_27,Iraqi,iraq_1,Iraqi\iraq_1\iraq_1_27.wav,True,male,5,True
syria_4_323,Syrian,syria_4,Syrian\syria_4\syria_4_323.wav,True,female,5,True
syria_1_256,Syrian,syria_1,Syrian\syria_1\syria_1_256.wav,True,female,5,True
uae_2_279,Emarati,uae_2,Emarati\uae_2\uae_2_279.wav,True,female,5,True
jordan_5_120,Jordanian,jordan_5,Jordanian\jordan_5\jordan_5_120.wav,True,male,5,True
lebanon_4_293,Lebanese,lebanon_4,Lebanese\lebanon_4\lebanon_4_293.wav,True,female,5,True
bahrain_3_174,Bahraini,bahrain_3,Bahraini\bahrain_3\bahrain_3_174.wav,True,male,5,True
lebanon_5_339,Lebanese,lebanon_5,Lebanese\lebanon_5\lebanon_5_339.wav,True,male,5,True
lebanon_1_68,Lebanese,lebanon_1,Lebanese\lebanon_1\lebanon_1_68.wav,True,female,5,True
lebanon_3_254,Lebanese,lebanon_3,Lebanese\lebanon_3\lebanon_3_254.wav,True,female,5,True
iraq_4_257,Iraqi,iraq_4,Iraqi\iraq_4\iraq_4_257.wav,True,female,5,True
uae_1_339,Emarati,uae_1,Emarati\uae_1\uae_1_339.wav,True,male,5,True
palestine_5_281,Palestinian,palestine_5,Palestinian\palestine_5\palestine_5_281.wav,True,female,5,True
egypt_4_187,Egyptian,egypt_4,Egyptian\egypt_4\egypt_4_187.wav,True,female,5,True
egypt_5_174,Egyptian,egypt_5,Egyptian\egypt_5\egypt_5_174.wav,True,male,5,True
bahrain_5_284,Bahraini,bahrain_5,Bahraini\bahrain_5\bahrain_5_284.wav,True,female,5,True
iraq_5_5,Iraqi,iraq_5,Iraqi\iraq_5\iraq_5_5.wav,True,female,5,True
lebanon_4_310,Lebanese,lebanon_4,Lebanese\lebanon_4\lebanon_4_310.wav,True,female,5,True
uae_5_238,Emarati,uae_5,Emarati\uae_5\uae_5_238.wav,True,female,5,True
syria_4_236,Syrian,syria_4,Syrian\syria_4\syria_4_236.wav,True,female,5,True
iraq_4_57,Iraqi,iraq_4,Iraqi\iraq_4\iraq_4_57.wav,True,female,5,True
jordan_1_197,Jordanian,jordan_1,Jordanian\jordan_1\jordan_1_197.wav,True,male,5,True
bahrain_3_102,Bahraini,bahrain_3,Bahraini\bahrain_3\bahrain_3_102.wav,True,male,5,True
jordan_2_222,Jordanian,jordan_2,Jordanian\jordan_2\jordan_2_222.wav,True,female,5,True
bahrain_3_170,Bahraini,bahrain_3,Bahraini\bahrain_3\bahrain_3_170.wav,True,male,5,True
ksa_2_262,Saudi,ksa_2,Saudi\ksa_2\ksa_2_262.wav,True,male,5,True
iraq_4_183,Iraqi,iraq_4,Iraqi\iraq_4\iraq_4_183.wav,True,female,5,True
jordan_5_39,Jordanian,jordan_5,Jordanian\jordan_5\jordan_5_39.wav,True,male,5,True
ksa_4_141,Saudi,ksa_4,Saudi\ksa_4\ksa_4_141.wav,True,female,5,True
egypt_5_255,Egyptian,egypt_5,Egyptian\egypt_5\egypt_5_255.wav,True,male,5,True
jorday_4_33,Jordanian,jorday_4,Jordanian\jorday_4\jorday_4_33.wav,True,female,5,True
ksa_3_182,Saudi,ksa_3,Saudi\ksa_3\ksa_3_182.wav,True,female,5,True
bahrain_3_19,Bahraini,bahrain_3,Bahraini\bahrain_3\bahrain_3_19.wav,True,male,5,True
jordan_1_56,Jordanian,jordan_1,Jordanian\jordan_1\jordan_1_56.wav,True,male,5,True
syria_5_239,Syrian,syria_5,Syrian\syria_5\syria_5_239.wav,True,female,5,True
ksa_4_143,Saudi,ksa_4,Saudi\ksa_4\ksa_4_143.wav,True,female,5,True
bahrain_1_22,Bahraini,bahrain_1,Bahraini\bahrain_1\bahrain_1_22.wav,True,male,5,True
bahrain_4_195,Bahraini,bahrain_4,Bahraini\bahrain_4\bahrain_4_195.wav,True,female,5,True
iraq_5_156,Iraqi,iraq_5,Iraqi\iraq_5\iraq_5_156.wav,True,female,5,True
egypt_5_228,Egyptian,egypt_5,Egyptian\egypt_5\egypt_5_228.wav,True,male,5,True
syria_2_20,Syrian,syria_2,Syrian\syria_2\syria_2_20.wav,True,male,5,True
bahrain_5_344,Bahraini,bahrain_5,Bahraini\bahrain_5\bahrain_5_344.wav,True,female,5,True
jordan_5_241,Jordanian,jordan_5,Jordanian\jordan_5\jordan_5_241.wav,True,male,5,True
uae_1_168,Emarati,uae_1,Emarati\uae_1\uae_1_168.wav,True,male,5,True
iraq_1_129,Iraqi,iraq_1,Iraqi\iraq_1\iraq_1_129.wav,True,male,5,True
uae_2_110,Emarati,uae_2,Emarati\uae_2\uae_2_110.wav,True,female,5,True
lebanon_3_92,Lebanese,lebanon_3,Lebanese\lebanon_3\lebanon_3_92.wav,True,female,5,True
iraq_2_285,Iraqi,iraq_2,Iraqi\iraq_2\iraq_2_285.wav,True,male,5,True
palestine_3_132,Palestinian,palestine_3,Palestinian\palestine_3\palestine_3_132.wav,True,male,5,True
jordan_5_111,Jordanian,jordan_5,Jordanian\jordan_5\jordan_5_111.wav,True,male,5,True
bahrain_4_322,Bahraini,bahrain_4,Bahraini\bahrain_4\bahrain_4_322.wav,True,female,5,True
lebanon_4_82,Lebanese,lebanon_4,Lebanese\lebanon_4\lebanon_4_82.wav,True,female,5,True
lebanon_3_31,Lebanese,lebanon_3,Lebanese\lebanon_3\lebanon_3_31.wav,True,female,5,True
syria_2_161,Syrian,syria_2,Syrian\syria_2\syria_2_161.wav,True,male,5,True
bahrain_3_171,Bahraini,bahrain_3,Bahraini\bahrain_3\bahrain_3_171.wav,True,male,5,True
ksa_2_323,Saudi,ksa_2,Saudi\ksa_2\ksa_2_323.wav,True,male,5,True
iraq_3_252,Iraqi,iraq_3,Iraqi\iraq_3\iraq_3_252.wav,True,male,5,True
ksa_5_319,Saudi,ksa_5,Saudi\ksa_5\ksa_5_319.wav,True,male,5,True
ksa_1_185,Saudi,ksa_1,Saudi\ksa_1\ksa_1_185.wav,True,female,5,True
lebanon_2_52,Lebanese,lebanon_2,Lebanese\lebanon_2\lebanon_2_52.wav,True,male,5,True
palestine_2_41,Palestinian,palestine_2,Palestinian\palestine_2\palestine_2_41.wav,True,female,5,True
uae_4_276,Emarati,uae_4,Emarati\uae_4\uae_4_276.wav,True,male,5,True
palestine_5_171,Palestinian,palestine_5,Palestinian\palestine_5\palestine_5_171.wav,True,female,5,True
bahrain_2_272,Bahraini,bahrain_2,Bahraini\bahrain_2\bahrain_2_272.wav,True,male,5,True
palestine_1_225,Palestinian,palestine_1,Palestinian\palestine_1\palestine_1_225.wav,True,male,5,True
lebanon_4_164,Lebanese,lebanon_4,Lebanese\lebanon_4\lebanon_4_164.wav,True,female,5,True
palestine_5_16,Palestinian,palestine_5,Palestinian\palestine_5\palestine_5_16.wav,True,female,5,True
palestine_1_207,Palestinian,palestine_1,Palestinian\palestine_1\palestine_1_207.wav,True,male,5,True
uae_3_117,Emarati,uae_3,Emarati\uae_3\uae_3_117.wav,True,male,5,True
syria_4_11,Syrian,syria_4,Syrian\syria_4\syria_4_11.wav,True,female,5,True
bahrain_5_37,Bahraini,bahrain_5,Bahraini\bahrain_5\bahrain_5_37.wav,True,female,5,True
iraq_3_138,Iraqi,iraq_3,Iraqi\iraq_3\iraq_3_138.wav,True,male,5,True
jorday_4_11,Jordanian,jorday_4,Jordanian\jorday_4\jorday_4_11.wav,True,female,5,True
iraq_4_293,Iraqi,iraq_4,Iraqi\iraq_4\iraq_4_293.wav,True,female,5,True
ksa_4_296,Saudi,ksa_4,Saudi\ksa_4\ksa_4_296.wav,True,male,5,True
jorday_4_17,Jordanian,jorday_4,Jordanian\jorday_4\jorday_4_17.wav,True,female,5,True
uae_2_286,Emarati,uae_2,Emarati\uae_2\uae_2_286.wav,True,female,5,True
ksa_2_148,Saudi,ksa_2,Saudi\ksa_2\ksa_2_148.wav,True,male,5,True
lebanon_1_274,Lebanese,lebanon_1,Lebanese\lebanon_1\lebanon_1_274.wav,True,female,5,True
uae_4_81,Emarati,uae_4,Emarati\uae_4\uae_4_81.wav,True,male,5,True
palestine_3_119,Palestinian,palestine_3,Palestinian\palestine_3\palestine_3_119.wav,True,female,5,True
palestine_1_8,Palestinian,palestine_1,Palestinian\palestine_1\palestine_1_8.wav,True,male,5,True
iraq_1_5,Iraqi,iraq_1,Iraqi\iraq_1\iraq_1_5.wav,True,male,5,True
bahrain_5_267,Bahraini,bahrain_5,Bahraini\bahrain_5\bahrain_5_267.wav,True,female,5,True
egypt_1_325,Egyptian,egypt_1,Egyptian\egypt_1\egypt_1_325.wav,True,male,5,True
jordan_3_204,Jordanian,jordan_3,Jordanian\jordan_3\jordan_3_204.wav,True,female,5,True
jordan_3_38,Jordanian,jordan_3,Jordanian\jordan_3\jordan_3_38.wav,True,male,5,True
ksa_3_153,Saudi,ksa_3,Saudi\ksa_3\ksa_3_153.wav,True,male,5,True
syria_2_39,Syrian,syria_2,Syrian\syria_2\syria_2_39.wav,True,male,5,True
ksa_1_131,Saudi,ksa_1,Saudi\ksa_1\ksa_1_131.wav,True,female,5,True
bahrain_1_326,Bahraini,bahrain_1,Bahraini\bahrain_1\bahrain_1_326.wav,True,male,5,True
jordan_2_347,Jordanian,jordan_2,Jordanian\jordan_2\jordan_2_347.wav,True,female,5,True
bahrain_5_128,Bahraini,bahrain_5,Bahraini\bahrain_5\bahrain_5_128.wav,True,female,5,True
syria_3_342,Syrian,syria_3,Syrian\syria_3\syria_3_342.wav,True,male,5,True
ksa_4_160,Saudi,ksa_4,Saudi\ksa_4\ksa_4_160.wav,True,male,5,True
uae_5_174,Emarati,uae_5,Emarati\uae_5\uae_5_174.wav,True,female,5,True
lebanon_2_158,Lebanese,lebanon_2,Lebanese\lebanon_2\lebanon_2_158.wav,True,male,5,True
ksa_4_145,Saudi,ksa_4,Saudi\ksa_4\ksa_4_145.wav,True,male,5,True
ksa_3_312,Saudi,ksa_3,Saudi\ksa_3\ksa_3_312.wav,True,female,5,True
egypt_4_299,Egyptian,egypt_4,Egyptian\egypt_4\egypt_4_299.wav,True,female,5,True
jordan_1_327,Jordanian,jordan_1,Jordanian\jordan_1\jordan_1_327.wav,True,male,5,True
jordan_5_343,Jordanian,jordan_5,Jordanian\jordan_5\jordan_5_343.wav,True,male,5,True
syria_3_91,Syrian,syria_3,Syrian\syria_3\syria_3_91.wav,True,male,5,True
iraq_4_198,Iraqi,iraq_4,Iraqi\iraq_4\iraq_4_198.wav,True,female,5,True
bahrain_2_297,Bahraini,bahrain_2,Bahraini\bahrain_2\bahrain_2_297.wav,True,male,5,True
jorday_4_181,Jordanian,jorday_4,Jordanian\jorday_4\jorday_4_181.wav,True,female,5,True
ksa_1_209,Saudi,ksa_1,Saudi\ksa_1\ksa_1_209.wav,True,female,5,True
syria_1_7,Syrian,syria_1,Syrian\syria_1\syria_1_7.wav,True,female,5,True
lebanon_3_84,Lebanese,lebanon_3,Lebanese\lebanon_3\lebanon_3_84.wav,True,female,5,True
ksa_5_181,Saudi,ksa_5,Saudi\ksa_5\ksa_5_181.wav,True,male,5,True
iraq_5_192,Iraqi,iraq_5,Iraqi\iraq_5\iraq_5_192.wav,True,female,5,True
uae_4_79,Emarati,uae_4,Emarati\uae_4\uae_4_79.wav,True,male,5,True
syria_3_249,Syrian,syria_3,Syrian\syria_3\syria_3_249.wav,True,male,5,True
lebanon_1_128,Lebanese,lebanon_1,Lebanese\lebanon_1\lebanon_1_128.wav,True,female,5,True
syria_4_349,Syrian,syria_4,Syrian\syria_4\syria_4_349.wav,True,female,5,True
syria_2_201,Syrian,syria_2,Syrian\syria_2\syria_2_201.wav,True,male,5,True
uae_1_232,Emarati,uae_1,Emarati\uae_1\uae_1_232.wav,True,male,5,True
syria_2_47,Syrian,syria_2,Syrian\syria_2\syria_2_47.wav,True,male,5,True
uae_3_281,Emarati,uae_3,Emarati\uae_3\uae_3_281.wav,True,male,5,True
syria_2_83,Syrian,syria_2,Syrian\syria_2\syria_2_83.wav,True,male,5,True
uae_3_232,Emarati,uae_3,Emarati\uae_3\uae_3_232.wav,True,male,5,True
uae_3_167,Emarati,uae_3,Emarati\uae_3\uae_3_167.wav,True,male,5,True
iraq_4_36,Iraqi,iraq_4,Iraqi\iraq_4\iraq_4_36.wav,True,female,5,True
iraq_1_177,Iraqi,iraq_1,Iraqi\iraq_1\iraq_1_177.wav,True,male,5,True
uae_3_149,Emarati,uae_3,Emarati\uae_3\uae_3_149.wav,True,male,5,True
bahrain_4_327,Bahraini,bahrain_4,Bahraini\bahrain_4\bahrain_4_327.wav,True,female,5,True
ksa_5_164,Saudi,ksa_5,Saudi\ksa_5\ksa_5_164.wav,True,male,5,True
lebanon_1_44,Lebanese,lebanon_1,Lebanese\lebanon_1\lebanon_1_44.wav,True,female,5,True
iraq_3_71,Iraqi,iraq_3,Iraqi\iraq_3\iraq_3_71.wav,True,male,5,True
jordan_2_26,Jordanian,jordan_2,Jordanian\jordan_2\jordan_2_26.wav,True,female,5,True
ksa_5_328,Saudi,ksa_5,Saudi\ksa_5\ksa_5_328.wav,True,male,5,True
ksa_2_337,Saudi,ksa_2,Saudi\ksa_2\ksa_2_337.wav,True,male,5,True
syria_3_62,Syrian,syria_3,Syrian\syria_3\syria_3_62.wav,True,male,5,True
syria_4_357,Syrian,syria_4,Syrian\syria_4\syria_4_357.wav,True,female,5,True
syria_3_210,Syrian,syria_3,Syrian\syria_3\syria_3_210.wav,True,male,5,True
uae_1_295,Emarati,uae_1,Emarati\uae_1\uae_1_295.wav,True,male,5,True
palestine_3_222,Palestinian,palestine_3,Palestinian\palestine_3\palestine_3_222.wav,True,male,5,True
egypt_3_137,Egyptian,egypt_3,Egyptian\egypt_3\egypt_3_137.wav,True,female,5,True
ksa_1_80,Saudi,ksa_1,Saudi\ksa_1\ksa_1_80.wav,True,female,5,True
syria_1_39,Syrian,syria_1,Syrian\syria_1\syria_1_39.wav,True,female,5,True
iraq_4_275,Iraqi,iraq_4,Iraqi\iraq_4\iraq_4_275.wav,True,female,5,True
jordan_2_146,Jordanian,jordan_2,Jordanian\jordan_2\jordan_2_146.wav,True,female,5,True
jordan_1_115,Jordanian,jordan_1,Jordanian\jordan_1\jordan_1_115.wav,True,male,5,True
syria_1_133,Syrian,syria_1,Syrian\syria_1\syria_1_133.wav,True,male,5,True
syria_2_273,Syrian,syria_2,Syrian\syria_2\syria_2_273.wav,True,male,5,True
lebanon_4_62,Lebanese,lebanon_4,Lebanese\lebanon_4\lebanon_4_62.wav,True,female,5,True
bahrain_3_227,Bahraini,bahrain_3,Bahraini\bahrain_3\bahrain_3_227.wav,True,male,5,True
egypt_2_167,Egyptian,egypt_2,Egyptian\egypt_2\egypt_2_167.wav,True,male,5,True
bahrain_1_92,Bahraini,bahrain_1,Bahraini\bahrain_1\bahrain_1_92.wav,True,male,5,True
egypt_2_349,Egyptian,egypt_2,Egyptian\egypt_2\egypt_2_349.wav,True,male,5,True
uae_3_259,Emarati,uae_3,Emarati\uae_3\uae_3_259.wav,True,male,5,True
ksa_1_218,Saudi,ksa_1,Saudi\ksa_1\ksa_1_218.wav,True,female,5,True
uae_4_309,Emarati,uae_4,Emarati\uae_4\uae_4_309.wav,True,male,5,True
palestine_3_325,Palestinian,palestine_3,Palestinian\palestine_3\palestine_3_325.wav,True,male,5,True
egypt_5_5,Egyptian,egypt_5,Egyptian\egypt_5\egypt_5_5.wav,True,female,5,True
syria_1_44,Syrian,syria_1,Syrian\syria_1\syria_1_44.wav,True,female,5,True
jordan_3_249,Jordanian,jordan_3,Jordanian\jordan_3\jordan_3_249.wav,True,female,5,True
uae_5_287,Emarati,uae_5,Emarati\uae_5\uae_5_287.wav,True,female,5,True
palestine_5_17,Palestinian,palestine_5,Palestinian\palestine_5\palestine_5_17.wav,True,female,5,True
iraq_2_332,Iraqi,iraq_2,Iraqi\iraq_2\iraq_2_332.wav,True,male,5,True
iraq_5_347,Iraqi,iraq_5,Iraqi\iraq_5\iraq_5_347.wav,True,female,5,True
syria_5_208,Syrian,syria_5,Syrian\syria_5\syria_5_208.wav,True,female,5,True
ksa_4_107,Saudi,ksa_4,Saudi\ksa_4\ksa_4_107.wav,True,male,5,True
palestine_4_125,Palestinian,palestine_4,Palestinian\palestine_4\palestine_4_125.wav,True,male,5,True
bahrain_1_200,Bahraini,bahrain_1,Bahraini\bahrain_1\bahrain_1_200.wav,True,male,5,True
jorday_4_197,Jordanian,jorday_4,Jordanian\jorday_4\jorday_4_197.wav,True,female,5,True
palestine_1_287,Palestinian,palestine_1,Palestinian\palestine_1\palestine_1_287.wav,True,male,5,True
palestine_3_240,Palestinian,palestine_3,Palestinian\palestine_3\palestine_3_240.wav,True,male,5,True
ksa_3_35,Saudi,ksa_3,Saudi\ksa_3\ksa_3_35.wav,True,female,5,True
palestine_4_59,Palestinian,palestine_4,Palestinian\palestine_4\palestine_4_59.wav,True,male,5,True
jorday_4_186,Jordanian,jorday_4,Jordanian\jorday_4\jorday_4_186.wav,True,female,5,True
syria_5_264,Syrian,syria_5,Syrian\syria_5\syria_5_264.wav,True,female,5,True
egypt_3_173,Egyptian,egypt_3,Egyptian\egypt_3\egypt_3_173.wav,True,female,5,True
palestine_3_170,Palestinian,palestine_3,Palestinian\palestine_3\palestine_3_170.wav,True,male,5,True
uae_5_23,Emarati,uae_5,Emarati\uae_5\uae_5_23.wav,True,female,5,True
uae_2_7,Emarati,uae_2,Emarati\uae_2\uae_2_7.wav,True,female,5,True
jordan_5_206,Jordanian,jordan_5,Jordanian\jordan_5\jordan_5_206.wav,True,male,5,True
syria_3_182,Syrian,syria_3,Syrian\syria_3\syria_3_182.wav,True,male,5,True
jordan_3_230,Jordanian,jordan_3,Jordanian\jordan_3\jordan_3_230.wav,True,male,5,True
uae_1_34,Emarati,uae_1,Emarati\uae_1\uae_1_34.wav,True,male,5,True
uae_4_257,Emarati,uae_4,Emarati\uae_4\uae_4_257.wav,True,male,5,True
syria_4_174,Syrian,syria_4,Syrian\syria_4\syria_4_174.wav,True,female,5,True
uae_1_110,Emarati,uae_1,Emarati\uae_1\uae_1_110.wav,True,male,5,True
jordan_1_289,Jordanian,jordan_1,Jordanian\jordan_1\jordan_1_289.wav,True,male,5,True
lebanon_2_32,Lebanese,lebanon_2,Lebanese\lebanon_2\lebanon_2_32.wav,True,male,5,True
egypt_1_37,Egyptian,egypt_1,Egyptian\egypt_1\egypt_1_37.wav,True,male,5,True
uae_1_274,Emarati,uae_1,Emarati\uae_1\uae_1_274.wav,True,male,5,True
syria_3_156,Syrian,syria_3,Syrian\syria_3\syria_3_156.wav,True,male,5,True
ksa_5_352,Saudi,ksa_5,Saudi\ksa_5\ksa_5_352.wav,True,male,5,True
uae_3_47,Emarati,uae_3,Emarati\uae_3\uae_3_47.wav,True,male,5,True
iraq_2_259,Iraqi,iraq_2,Iraqi\iraq_2\iraq_2_259.wav,True,male,5,True
palestine_3_97,Palestinian,palestine_3,Palestinian\palestine_3\palestine_3_97.wav,True,male,5,True
iraq_2_176,Iraqi,iraq_2,Iraqi\iraq_2\iraq_2_176.wav,True,male,5,True
egypt_1_19,Egyptian,egypt_1,Egyptian\egypt_1\egypt_1_19.wav,True,male,5,True
egypt_2_225,Egyptian,egypt_2,Egyptian\egypt_2\egypt_2_225.wav,True,male,5,True
jordan_2_201,Jordanian,jordan_2,Jordanian\jordan_2\jordan_2_201.wav,True,female,5,True
jordan_5_85,Jordanian,jordan_5,Jordanian\jordan_5\jordan_5_85.wav,True,male,5,True
uae_5_284,Emarati,uae_5,Emarati\uae_5\uae_5_284.wav,True,female,5,True
uae_2_142,Emarati,uae_2,Emarati\uae_2\uae_2_142.wav,True,female,5,True
lebanon_3_289,Lebanese,lebanon_3,Lebanese\lebanon_3\lebanon_3_289.wav,True,female,5,True
egypt_2_90,Egyptian,egypt_2,Egyptian\egypt_2\egypt_2_90.wav,True,male,5,True
bahrain_2_292,Bahraini,bahrain_2,Bahraini\bahrain_2\bahrain_2_292.wav,True,male,5,True
palestine_4_237,Palestinian,palestine_4,Palestinian\palestine_4\palestine_4_237.wav,True,male,5,True
jordan_2_17,Jordanian,jordan_2,Jordanian\jordan_2\jordan_2_17.wav,True,female,5,True
bahrain_5_88,Bahraini,bahrain_5,Bahraini\bahrain_5\bahrain_5_88.wav,True,female,5,True
jorday_4_109,Jordanian,jorday_4,Jordanian\jorday_4\jorday_4_109.wav,True,female,5,True
lebanon_1_115,Lebanese,lebanon_1,Lebanese\lebanon_1\lebanon_1_115.wav,True,female,5,True
egypt_1_227,Egyptian,egypt_1,Egyptian\egypt_1\egypt_1_227.wav,True,male,5,True
palestine_3_273,Palestinian,palestine_3,Palestinian\palestine_3\palestine_3_273.wav,True,female,5,True
jorday_4_98,Jordanian,jorday_4,Jordanian\jorday_4\jorday_4_98.wav,True,female,5,True
bahrain_2_90,Bahraini,bahrain_2,Bahraini\bahrain_2\bahrain_2_90.wav,True,male,5,True
palestine_3_342,Palestinian,palestine_3,Palestinian\palestine_3\palestine_3_342.wav,True,male,5,True
syria_2_146,Syrian,syria_2,Syrian\syria_2\syria_2_146.wav,True,male,5,True
ksa_2_114,Saudi,ksa_2,Saudi\ksa_2\ksa_2_114.wav,True,male,5,True
lebanon_2_304,Lebanese,lebanon_2,Lebanese\lebanon_2\lebanon_2_304.wav,True,male,5,True
uae_4_155,Emarati,uae_4,Emarati\uae_4\uae_4_155.wav,True,male,5,True
egypt_5_40,Egyptian,egypt_5,Egyptian\egypt_5\egypt_5_40.wav,True,male,5,True
uae_5_342,Emarati,uae_5,Emarati\uae_5\uae_5_342.wav,True,female,5,True
ksa_2_110,Saudi,ksa_2,Saudi\ksa_2\ksa_2_110.wav,True,male,5,True
uae_5_291,Emarati,uae_5,Emarati\uae_5\uae_5_291.wav,True,female,5,True
lebanon_5_250,Lebanese,lebanon_5,Lebanese\lebanon_5\lebanon_5_250.wav,True,male,5,True
palestine_4_174,Palestinian,palestine_4,Palestinian\palestine_4\palestine_4_174.wav,True,male,5,True
uae_3_207,Emarati,uae_3,Emarati\uae_3\uae_3_207.wav,True,male,5,True
egypt_4_160,Egyptian,egypt_4,Egyptian\egypt_4\egypt_4_160.wav,True,female,5,True
palestine_2_213,Palestinian,palestine_2,Palestinian\palestine_2\palestine_2_213.wav,True,female,5,True
egypt_3_153,Egyptian,egypt_3,Egyptian\egypt_3\egypt_3_153.wav,True,female,5,True
iraq_3_95,Iraqi,iraq_3,Iraqi\iraq_3\iraq_3_95.wav,True,male,5,True
ksa_4_317,Saudi,ksa_4,Saudi\ksa_4\ksa_4_317.wav,True,male,5,True
uae_2_284,Emarati,uae_2,Emarati\uae_2\uae_2_284.wav,True,female,5,True
jordan_3_194,Jordanian,jordan_3,Jordanian\jordan_3\jordan_3_194.wav,True,male,5,True
uae_4_166,Emarati,uae_4,Emarati\uae_4\uae_4_166.wav,True,male,5,True
iraq_3_328,Iraqi,iraq_3,Iraqi\iraq_3\iraq_3_328.wav,True,male,5,True
palestine_4_177,Palestinian,palestine_4,Palestinian\palestine_4\palestine_4_177.wav,True,male,5,True
egypt_1_304,Egyptian,egypt_1,Egyptian\egypt_1\egypt_1_304.wav,True,male,5,True
lebanon_5_61,Lebanese,lebanon_5,Lebanese\lebanon_5\lebanon_5_61.wav,True,male,5,True
egypt_3_27,Egyptian,egypt_3,Egyptian\egypt_3\egypt_3_27.wav,True,female,5,True
bahrain_1_120,Bahraini,bahrain_1,Bahraini\bahrain_1\bahrain_1_120.wav,True,male,5,True
ksa_1_234,Saudi,ksa_1,Saudi\ksa_1\ksa_1_234.wav,True,female,5,True
lebanon_1_126,Lebanese,lebanon_1,Lebanese\lebanon_1\lebanon_1_126.wav,True,female,5,True
lebanon_2_9,Lebanese,lebanon_2,Lebanese\lebanon_2\lebanon_2_9.wav,True,male,5,True
uae_2_160,Emarati,uae_2,Emarati\uae_2\uae_2_160.wav,True,female,5,True
bahrain_1_202,Bahraini,bahrain_1,Bahraini\bahrain_1\bahrain_1_202.wav,True,male,5,True
bahrain_5_82,Bahraini,bahrain_5,Bahraini\bahrain_5\bahrain_5_82.wav,True,female,5,True
syria_4_316,Syrian,syria_4,Syrian\syria_4\syria_4_316.wav,True,female,5,True
uae_1_330,Emarati,uae_1,Emarati\uae_1\uae_1_330.wav,True,male,5,True
jordan_5_179,Jordanian,jordan_5,Jordanian\jordan_5\jordan_5_179.wav,True,male,5,True
bahrain_4_65,Bahraini,bahrain_4,Bahraini\bahrain_4\bahrain_4_65.wav,True,female,5,True
lebanon_2_190,Lebanese,lebanon_2,Lebanese\lebanon_2\lebanon_2_190.wav,True,male,5,True
palestine_1_261,Palestinian,palestine_1,Palestinian\palestine_1\palestine_1_261.wav,True,male,5,True
syria_2_95,Syrian,syria_2,Syrian\syria_2\syria_2_95.wav,True,male,5,True
uae_4_141,Emarati,uae_4,Emarati\uae_4\uae_4_141.wav,True,male,5,True
palestine_5_305,Palestinian,palestine_5,Palestinian\palestine_5\palestine_5_305.wav,True,female,5,True
bahrain_5_306,Bahraini,bahrain_5,Bahraini\bahrain_5\bahrain_5_306.wav,True,female,5,True
egypt_1_303,Egyptian,egypt_1,Egyptian\egypt_1\egypt_1_303.wav,True,male,5,True
egypt_2_26,Egyptian,egypt_2,Egyptian\egypt_2\egypt_2_26.wav,True,male,5,True
iraq_2_139,Iraqi,iraq_2,Iraqi\iraq_2\iraq_2_139.wav,True,male,5,True
bahrain_3_196,Bahraini,bahrain_3,Bahraini\bahrain_3\bahrain_3_196.wav,True,male,5,True
ksa_3_3,Saudi,ksa_3,Saudi\ksa_3\ksa_3_3.wav,True,female,5,True
iraq_3_130,Iraqi,iraq_3,Iraqi\iraq_3\iraq_3_130.wav,True,male,5,True
syria_2_110,Syrian,syria_2,Syrian\syria_2\syria_2_110.wav,True,male,5,True
uae_4_120,Emarati,uae_4,Emarati\uae_4\uae_4_120.wav,True,male,5,True
iraq_5_298,Iraqi,iraq_5,Iraqi\iraq_5\iraq_5_298.wav,True,female,5,True
egypt_4_149,Egyptian,egypt_4,Egyptian\egypt_4\egypt_4_149.wav,True,female,5,True
bahrain_4_155,Bahraini,bahrain_4,Bahraini\bahrain_4\bahrain_4_155.wav,True,female,5,True
syria_4_308,Syrian,syria_4,Syrian\syria_4\syria_4_308.wav,True,female,5,True
bahrain_1_342,Bahraini,bahrain_1,Bahraini\bahrain_1\bahrain_1_342.wav,True,male,5,True
egypt_1_201,Egyptian,egypt_1,Egyptian\egypt_1\egypt_1_201.wav,True,male,5,True
egypt_1_125,Egyptian,egypt_1,Egyptian\egypt_1\egypt_1_125.wav,True,male,5,True
iraq_3_148,Iraqi,iraq_3,Iraqi\iraq_3\iraq_3_148.wav,True,male,5,True
uae_1_263,Emarati,uae_1,Emarati\uae_1\uae_1_263.wav,True,male,5,True
jordan_2_8,Jordanian,jordan_2,Jordanian\jordan_2\jordan_2_8.wav,True,female,5,True
syria_1_246,Syrian,syria_1,Syrian\syria_1\syria_1_246.wav,True,male,5,True
uae_2_347,Emarati,uae_2,Emarati\uae_2\uae_2_347.wav,True,male,5,True
uae_4_283,Emarati,uae_4,Emarati\uae_4\uae_4_283.wav,True,male,5,True
ksa_1_166,Saudi,ksa_1,Saudi\ksa_1\ksa_1_166.wav,True,female,5,True
syria_3_143,Syrian,syria_3,Syrian\syria_3\syria_3_143.wav,True,male,5,True
syria_2_133,Syrian,syria_2,Syrian\syria_2\syria_2_133.wav,True,male,5,True
iraq_4_52,Iraqi,iraq_4,Iraqi\iraq_4\iraq_4_52.wav,True,female,5,True
syria_3_48,Syrian,syria_3,Syrian\syria_3\syria_3_48.wav,True,male,5,True
egypt_5_199,Egyptian,egypt_5,Egyptian\egypt_5\egypt_5_199.wav,True,female,5,True
uae_1_134,Emarati,uae_1,Emarati\uae_1\uae_1_134.wav,True,male,5,True
syria_2_331,Syrian,syria_2,Syrian\syria_2\syria_2_331.wav,True,male,5,True
jordan_2_220,Jordanian,jordan_2,Jordanian\jordan_2\jordan_2_220.wav,True,female,5,True
jorday_4_130,Jordanian,jorday_4,Jordanian\jorday_4\jorday_4_130.wav,True,female,5,True
bahrain_2_56,Bahraini,bahrain_2,Bahraini\bahrain_2\bahrain_2_56.wav,True,male,5,True
iraq_1_215,Iraqi,iraq_1,Iraqi\iraq_1\iraq_1_215.wav,True,male,5,True
iraq_2_337,Iraqi,iraq_2,Iraqi\iraq_2\iraq_2_337.wav,True,male,5,True
egypt_2_168,Egyptian,egypt_2,Egyptian\egypt_2\egypt_2_168.wav,True,male,5,True
lebanon_1_288,Lebanese,lebanon_1,Lebanese\lebanon_1\lebanon_1_288.wav,True,female,5,True
jorday_4_332,Jordanian,jorday_4,Jordanian\jorday_4\jorday_4_332.wav,True,female,5,True
jordan_5_311,Jordanian,jordan_5,Jordanian\jordan_5\jordan_5_311.wav,True,male,5,True
jordan_2_95,Jordanian,jordan_2,Jordanian\jordan_2\jordan_2_95.wav,True,female,5,True
uae_5_83,Emarati,uae_5,Emarati\uae_5\uae_5_83.wav,True,female,5,True
jordan_5_249,Jordanian,jordan_5,Jordanian\jordan_5\jordan_5_249.wav,True,male,5,True
egypt_3_88,Egyptian,egypt_3,Egyptian\egypt_3\egypt_3_88.wav,True,female,5,True
uae_1_249,Emarati,uae_1,Emarati\uae_1\uae_1_249.wav,True,male,5,True
jordan_1_57,Jordanian,jordan_1,Jordanian\jordan_1\jordan_1_57.wav,True,male,5,True
syria_1_209,Syrian,syria_1,Syrian\syria_1\syria_1_209.wav,True,female,5,True
bahrain_4_298,Bahraini,bahrain_4,Bahraini\bahrain_4\bahrain_4_298.wav,True,female,5,True
jordan_5_340,Jordanian,jordan_5,Jordanian\jordan_5\jordan_5_340.wav,True,male,5,True
ksa_3_73,Saudi,ksa_3,Saudi\ksa_3\ksa_3_73.wav,True,female,5,True
egypt_5_145,Egyptian,egypt_5,Egyptian\egypt_5\egypt_5_145.wav,True,male,5,True
ksa_5_37,Saudi,ksa_5,Saudi\ksa_5\ksa_5_37.wav,True,male,5,True
jordan_3_114,Jordanian,jordan_3,Jordanian\jordan_3\jordan_3_114.wav,True,female,5,True
lebanon_5_270,Lebanese,lebanon_5,Lebanese\lebanon_5\lebanon_5_270.wav,True,male,5,True
egypt_1_141,Egyptian,egypt_1,Egyptian\egypt_1\egypt_1_141.wav,True,male,5,True
bahrain_4_68,Bahraini,bahrain_4,Bahraini\bahrain_4\bahrain_4_68.wav,True,female,5,True
egypt_4_35,Egyptian,egypt_4,Egyptian\egypt_4\egypt_4_35.wav,True,female,5,True
bahrain_5_218,Bahraini,bahrain_5,Bahraini\bahrain_5\bahrain_5_218.wav,True,female,5,True
iraq_2_141,Iraqi,iraq_2,Iraqi\iraq_2\iraq_2_141.wav,True,male,5,True
iraq_4_132,Iraqi,iraq_4,Iraqi\iraq_4\iraq_4_132.wav,True,female,5,True
bahrain_1_17,Bahraini,bahrain_1,Bahraini\bahrain_1\bahrain_1_17.wav,True,male,5,True
iraq_2_146,Iraqi,iraq_2,Iraqi\iraq_2\iraq_2_146.wav,True,male,5,True
syria_1_343,Syrian,syria_1,Syrian\syria_1\syria_1_343.wav,True,female,5,True
jordan_5_152,Jordanian,jordan_5,Jordanian\jordan_5\jordan_5_152.wav,True,male,5,True
lebanon_4_244,Lebanese,lebanon_4,Lebanese\lebanon_4\lebanon_4_244.wav,True,female,5,True
ksa_4_64,Saudi,ksa_4,Saudi\ksa_4\ksa_4_64.wav,True,male,5,True
lebanon_1_107,Lebanese,lebanon_1,Lebanese\lebanon_1\lebanon_1_107.wav,True,female,5,True
ksa_2_86,Saudi,ksa_2,Saudi\ksa_2\ksa_2_86.wav,True,male,5,True
jordan_2_275,Jordanian,jordan_2,Jordanian\jordan_2\jordan_2_275.wav,True,female,5,True
iraq_1_259,Iraqi,iraq_1,Iraqi\iraq_1\iraq_1_259.wav,True,male,5,True
ksa_2_134,Saudi,ksa_2,Saudi\ksa_2\ksa_2_134.wav,True,male,5,True
jordan_2_210,Jordanian,jordan_2,Jordanian\jordan_2\jordan_2_210.wav,True,female,5,True
syria_3_49,Syrian,syria_3,Syrian\syria_3\syria_3_49.wav,True,male,5,True
uae_1_15,Emarati,uae_1,Emarati\uae_1\uae_1_15.wav,True,male,5,True
syria_4_64,Syrian,syria_4,Syrian\syria_4\syria_4_64.wav,True,female,5,True
palestine_5_74,Palestinian,palestine_5,Palestinian\palestine_5\palestine_5_74.wav,True,female,5,True
iraq_4_194,Iraqi,iraq_4,Iraqi\iraq_4\iraq_4_194.wav,True,female,5,True
iraq_5_43,Iraqi,iraq_5,Iraqi\iraq_5\iraq_5_43.wav,True,female,5,True
ksa_2_27,Saudi,ksa_2,Saudi\ksa_2\ksa_2_27.wav,True,male,5,True
iraq_5_176,Iraqi,iraq_5,Iraqi\iraq_5\iraq_5_176.wav,True,female,5,True
palestine_5_18,Palestinian,palestine_5,Palestinian\palestine_5\palestine_5_18.wav,True,female,5,True
egypt_2_110,Egyptian,egypt_2,Egyptian\egypt_2\egypt_2_110.wav,True,male,5,True
palestine_5_202,Palestinian,palestine_5,Palestinian\palestine_5\palestine_5_202.wav,True,female,5,True
syria_1_194,Syrian,syria_1,Syrian\syria_1\syria_1_194.wav,True,female,5,True
lebanon_3_78,Lebanese,lebanon_3,Lebanese\lebanon_3\lebanon_3_78.wav,True,female,5,True
lebanon_2_205,Lebanese,lebanon_2,Lebanese\lebanon_2\lebanon_2_205.wav,True,male,5,True
uae_3_189,Emarati,uae_3,Emarati\uae_3\uae_3_189.wav,True,male,5,True
egypt_1_349,Egyptian,egypt_1,Egyptian\egypt_1\egypt_1_349.wav,True,male,5,True
jordan_2_102,Jordanian,jordan_2,Jordanian\jordan_2\jordan_2_102.wav,True,female,5,True
palestine_5_192,Palestinian,palestine_5,Palestinian\palestine_5\palestine_5_192.wav,True,female,5,True
bahrain_3_121,Bahraini,bahrain_3,Bahraini\bahrain_3\bahrain_3_121.wav,True,male,5,True
syria_4_6,Syrian,syria_4,Syrian\syria_4\syria_4_6.wav,True,male,5,True
lebanon_3_167,Lebanese,lebanon_3,Lebanese\lebanon_3\lebanon_3_167.wav,True,female,5,True
bahrain_1_51,Bahraini,bahrain_1,Bahraini\bahrain_1\bahrain_1_51.wav,True,male,5,True
bahrain_3_133,Bahraini,bahrain_3,Bahraini\bahrain_3\bahrain_3_133.wav,True,male,5,True
syria_2_78,Syrian,syria_2,Syrian\syria_2\syria_2_78.wav,True,male,5,True
ksa_1_163,Saudi,ksa_1,Saudi\ksa_1\ksa_1_163.wav,True,female,5,True
palestine_4_343,Palestinian,palestine_4,Palestinian\palestine_4\palestine_4_343.wav,True,male,5,True
lebanon_2_132,Lebanese,lebanon_2,Lebanese\lebanon_2\lebanon_2_132.wav,True,male,5,True
syria_3_351,Syrian,syria_3,Syrian\syria_3\syria_3_351.wav,True,male,5,True
lebanon_3_226,Lebanese,lebanon_3,Lebanese\lebanon_3\lebanon_3_226.wav,True,female,5,True
bahrain_2_76,Bahraini,bahrain_2,Bahraini\bahrain_2\bahrain_2_76.wav,True,male,5,True
palestine_1_184,Palestinian,palestine_1,Palestinian\palestine_1\palestine_1_184.wav,True,male,5,True
lebanon_4_341,Lebanese,lebanon_4,Lebanese\lebanon_4\lebanon_4_341.wav,True,female,5,True
uae_5_11,Emarati,uae_5,Emarati\uae_5\uae_5_11.wav,True,female,5,True
uae_3_44,Emarati,uae_3,Emarati\uae_3\uae_3_44.wav,True,male,5,True
egypt_5_267,Egyptian,egypt_5,Egyptian\egypt_5\egypt_5_267.wav,True,male,5,True
bahrain_5_101,Bahraini,bahrain_5,Bahraini\bahrain_5\bahrain_5_101.wav,True,female,5,True
jordan_1_221,Jordanian,jordan_1,Jordanian\jordan_1\jordan_1_221.wav,True,male,5,True
lebanon_2_298,Lebanese,lebanon_2,Lebanese\lebanon_2\lebanon_2_298.wav,True,male,5,True
uae_2_246,Emarati,uae_2,Emarati\uae_2\uae_2_246.wav,True,female,5,True
palestine_3_39,Palestinian,palestine_3,Palestinian\palestine_3\palestine_3_39.wav,True,male,5,True
jordan_1_244,Jordanian,jordan_1,Jordanian\jordan_1\jordan_1_244.wav,True,male,5,True
syria_2_282,Syrian,syria_2,Syrian\syria_2\syria_2_282.wav,True,male,5,True
bahrain_4_5,Bahraini,bahrain_4,Bahraini\bahrain_4\bahrain_4_5.wav,True,female,5,True
bahrain_2_334,Bahraini,bahrain_2,Bahraini\bahrain_2\bahrain_2_334.wav,True,male,5,True
lebanon_4_216,Lebanese,lebanon_4,Lebanese\lebanon_4\lebanon_4_216.wav,True,female,5,True
bahrain_5_111,Bahraini,bahrain_5,Bahraini\bahrain_5\bahrain_5_111.wav,True,female,5,True
uae_3_139,Emarati,uae_3,Emarati\uae_3\uae_3_139.wav,True,male,5,True
lebanon_2_177,Lebanese,lebanon_2,Lebanese\lebanon_2\lebanon_2_177.wav,True,male,5,True
uae_2_294,Emarati,uae_2,Emarati\uae_2\uae_2_294.wav,True,female,5,True
palestine_5_213,Palestinian,palestine_5,Palestinian\palestine_5\palestine_5_213.wav,True,female,5,True
jordan_3_46,Jordanian,jordan_3,Jordanian\jordan_3\jordan_3_46.wav,True,female,5,True
uae_2_165,Emarati,uae_2,Emarati\uae_2\uae_2_165.wav,True,female,5,True
palestine_2_178,Palestinian,palestine_2,Palestinian\palestine_2\palestine_2_178.wav,True,female,5,True
lebanon_1_275,Lebanese,lebanon_1,Lebanese\lebanon_1\lebanon_1_275.wav,True,female,5,True
ksa_4_313,Saudi,ksa_4,Saudi\ksa_4\ksa_4_313.wav,True,male,5,True
ksa_2_281,Saudi,ksa_2,Saudi\ksa_2\ksa_2_281.wav,True,male,5,True
iraq_1_317,Iraqi,iraq_1,Iraqi\iraq_1\iraq_1_317.wav,True,male,5,True
iraq_2_33,Iraqi,iraq_2,Iraqi\iraq_2\iraq_2_33.wav,True,male,5,True
egypt_5_349,Egyptian,egypt_5,Egyptian\egypt_5\egypt_5_349.wav,True,male,5,True
palestine_2_233,Palestinian,palestine_2,Palestinian\palestine_2\palestine_2_233.wav,True,female,5,True
iraq_3_299,Iraqi,iraq_3,Iraqi\iraq_3\iraq_3_299.wav,True,male,5,True
iraq_3_225,Iraqi,iraq_3,Iraqi\iraq_3\iraq_3_225.wav,True,male,5,True
palestine_3_58,Palestinian,palestine_3,Palestinian\palestine_3\palestine_3_58.wav,True,male,5,True
syria_3_179,Syrian,syria_3,Syrian\syria_3\syria_3_179.wav,True,male,5,True
bahrain_4_265,Bahraini,bahrain_4,Bahraini\bahrain_4\bahrain_4_265.wav,True,female,5,True
uae_5_66,Emarati,uae_5,Emarati\uae_5\uae_5_66.wav,True,female,5,True
bahrain_1_307,Bahraini,bahrain_1,Bahraini\bahrain_1\bahrain_1_307.wav,True,male,5,True
palestine_5_46,Palestinian,palestine_5,Palestinian\palestine_5\palestine_5_46.wav,True,female,5,True
uae_5_48,Emarati,uae_5,Emarati\uae_5\uae_5_48.wav,True,female,5,True
lebanon_3_106,Lebanese,lebanon_3,Lebanese\lebanon_3\lebanon_3_106.wav,True,female,5,True
iraq_3_232,Iraqi,iraq_3,Iraqi\iraq_3\iraq_3_232.wav,True,male,5,True
jorday_4_321,Jordanian,jorday_4,Jordanian\jorday_4\jorday_4_321.wav,True,female,5,True
egypt_2_81,Egyptian,egypt_2,Egyptian\egypt_2\egypt_2_81.wav,True,male,5,True
jordan_5_175,Jordanian,jordan_5,Jordanian\jordan_5\jordan_5_175.wav,True,male,5,True
iraq_3_186,Iraqi,iraq_3,Iraqi\iraq_3\iraq_3_186.wav,True,male,5,True
jordan_2_91,Jordanian,jordan_2,Jordanian\jordan_2\jordan_2_91.wav,True,female,5,True
palestine_1_51,Palestinian,palestine_1,Palestinian\palestine_1\palestine_1_51.wav,True,male,5,True
palestine_4_235,Palestinian,palestine_4,Palestinian\palestine_4\palestine_4_235.wav,True,male,5,True
egypt_1_13,Egyptian,egypt_1,Egyptian\egypt_1\egypt_1_13.wav,True,male,5,True
jordan_1_66,Jordanian,jordan_1,Jordanian\jordan_1\jordan_1_66.wav,True,male,5,True
palestine_3_230,Palestinian,palestine_3,Palestinian\palestine_3\palestine_3_230.wav,True,male,5,True
ksa_5_253,Saudi,ksa_5,Saudi\ksa_5\ksa_5_253.wav,True,male,5,True
jorday_4_97,Jordanian,jorday_4,Jordanian\jorday_4\jorday_4_97.wav,True,female,5,True
bahrain_4_153,Bahraini,bahrain_4,Bahraini\bahrain_4\bahrain_4_153.wav,True,female,5,True
syria_3_56,Syrian,syria_3,Syrian\syria_3\syria_3_56.wav,True,male,5,True
uae_4_226,Emarati,uae_4,Emarati\uae_4\uae_4_226.wav,True,male,5,True
lebanon_4_96,Lebanese,lebanon_4,Lebanese\lebanon_4\lebanon_4_96.wav,True,female,5,True
jordan_5_123,Jordanian,jordan_5,Jordanian\jordan_5\jordan_5_123.wav,True,male,5,True
palestine_5_341,Palestinian,palestine_5,Palestinian\palestine_5\palestine_5_341.wav,True,female,5,True
uae_3_52,Emarati,uae_3,Emarati\uae_3\uae_3_52.wav,True,male,5,True
iraq_2_143,Iraqi,iraq_2,Iraqi\iraq_2\iraq_2_143.wav,True,male,5,True
egypt_1_350,Egyptian,egypt_1,Egyptian\egypt_1\egypt_1_350.wav,True,male,5,True
syria_4_216,Syrian,syria_4,Syrian\syria_4\syria_4_216.wav,True,female,5,True
bahrain_4_81,Bahraini,bahrain_4,Bahraini\bahrain_4\bahrain_4_81.wav,True,female,5,True
lebanon_4_53,Lebanese,lebanon_4,Lebanese\lebanon_4\lebanon_4_53.wav,True,female,5,True
palestine_5_172,Palestinian,palestine_5,Palestinian\palestine_5\palestine_5_172.wav,True,female,5,True
palestine_5_246,Palestinian,palestine_5,Palestinian\palestine_5\palestine_5_246.wav,True,female,5,True
bahrain_5_2,Bahraini,bahrain_5,Bahraini\bahrain_5\bahrain_5_2.wav,True,female,5,True
syria_2_108,Syrian,syria_2,Syrian\syria_2\syria_2_108.wav,True,male,5,True
bahrain_4_35,Bahraini,bahrain_4,Bahraini\bahrain_4\bahrain_4_35.wav,True,female,5,True
jorday_4_151,Jordanian,jorday_4,Jordanian\jorday_4\jorday_4_151.wav,True,female,5,True
uae_2_56,Emarati,uae_2,Emarati\uae_2\uae_2_56.wav,True,female,5,True
lebanon_3_116,Lebanese,lebanon_3,Lebanese\lebanon_3\lebanon_3_116.wav,True,female,5,True
uae_3_22,Emarati,uae_3,Emarati\uae_3\uae_3_22.wav,True,male,5,True
syria_5_274,Syrian,syria_5,Syrian\syria_5\syria_5_274.wav,True,female,5,True
ksa_1_304,Saudi,ksa_1,Saudi\ksa_1\ksa_1_304.wav,True,female,5,True
ksa_4_343,Saudi,ksa_4,Saudi\ksa_4\ksa_4_343.wav,True,male,5,True
egypt_3_201,Egyptian,egypt_3,Egyptian\egypt_3\egypt_3_201.wav,True,female,5,True
iraq_3_112,Iraqi,iraq_3,Iraqi\iraq_3\iraq_3_112.wav,True,male,5,True
ksa_3_118,Saudi,ksa_3,Saudi\ksa_3\ksa_3_118.wav,True,male,5,True
iraq_2_170,Iraqi,iraq_2,Iraqi\iraq_2\iraq_2_170.wav,True,male,5,True
lebanon_1_11,Lebanese,lebanon_1,Lebanese\lebanon_1\lebanon_1_11.wav,True,female,5,True
uae_5_92,Emarati,uae_5,Emarati\uae_5\uae_5_92.wav,True,female,5,True
lebanon_3_61,Lebanese,lebanon_3,Lebanese\lebanon_3\lebanon_3_61.wav,True,female,5,True
ksa_3_297,Saudi,ksa_3,Saudi\ksa_3\ksa_3_297.wav,True,male,5,True
jorday_4_53,Jordanian,jorday_4,Jordanian\jorday_4\jorday_4_53.wav,True,female,5,True
egypt_4_92,Egyptian,egypt_4,Egyptian\egypt_4\egypt_4_92.wav,True,female,5,True
bahrain_1_330,Bahraini,bahrain_1,Bahraini\bahrain_1\bahrain_1_330.wav,True,male,5,True
palestine_3_306,Palestinian,palestine_3,Palestinian\palestine_3\palestine_3_306.wav,True,male,5,True
bahrain_2_189,Bahraini,bahrain_2,Bahraini\bahrain_2\bahrain_2_189.wav,True,male,5,True
egypt_4_112,Egyptian,egypt_4,Egyptian\egypt_4\egypt_4_112.wav,True,female,5,True
lebanon_3_12,Lebanese,lebanon_3,Lebanese\lebanon_3\lebanon_3_12.wav,True,female,5,True
jorday_4_248,Jordanian,jorday_4,Jordanian\jorday_4\jorday_4_248.wav,True,female,5,True
palestine_5_265,Palestinian,palestine_5,Palestinian\palestine_5\palestine_5_265.wav,True,female,5,True
ksa_5_86,Saudi,ksa_5,Saudi\ksa_5\ksa_5_86.wav,True,male,5,True
syria_2_349,Syrian,syria_2,Syrian\syria_2\syria_2_349.wav,True,male,5,True
palestine_3_263,Palestinian,palestine_3,Palestinian\palestine_3\palestine_3_263.wav,True,male,5,True
bahrain_3_130,Bahraini,bahrain_3,Bahraini\bahrain_3\bahrain_3_130.wav,True,male,5,True
egypt_4_17,Egyptian,egypt_4,Egyptian\egypt_4\egypt_4_17.wav,True,female,5,True
ksa_1_332,Saudi,ksa_1,Saudi\ksa_1\ksa_1_332.wav,True,female,5,True
lebanon_1_184,Lebanese,lebanon_1,Lebanese\lebanon_1\lebanon_1_184.wav,True,female,5,True
palestine_3_55,Palestinian,palestine_3,Palestinian\palestine_3\palestine_3_55.wav,True,male,5,True
egypt_2_87,Egyptian,egypt_2,Egyptian\egypt_2\egypt_2_87.wav,True,male,5,True
palestine_1_70,Palestinian,palestine_1,Palestinian\palestine_1\palestine_1_70.wav,True,male,5,True
ksa_4_288,Saudi,ksa_4,Saudi\ksa_4\ksa_4_288.wav,True,male,5,True
syria_3_192,Syrian,syria_3,Syrian\syria_3\syria_3_192.wav,True,male,5,True
jorday_4_4,Jordanian,jorday_4,Jordanian\jorday_4\jorday_4_4.wav,True,female,5,True
lebanon_4_138,Lebanese,lebanon_4,Lebanese\lebanon_4\lebanon_4_138.wav,True,female,5,True
syria_2_220,Syrian,syria_2,Syrian\syria_2\syria_2_220.wav,True,male,5,True
uae_5_302,Emarati,uae_5,Emarati\uae_5\uae_5_302.wav,True,female,5,True
lebanon_4_170,Lebanese,lebanon_4,Lebanese\lebanon_4\lebanon_4_170.wav,True,female,5,True
egypt_3_351,Egyptian,egypt_3,Egyptian\egypt_3\egypt_3_351.wav,True,female,5,True
lebanon_1_304,Lebanese,lebanon_1,Lebanese\lebanon_1\lebanon_1_304.wav,True,female,5,True
ksa_4_103,Saudi,ksa_4,Saudi\ksa_4\ksa_4_103.wav,True,male,5,True
iraq_4_40,Iraqi,iraq_4,Iraqi\iraq_4\iraq_4_40.wav,True,female,5,True
iraq_2_172,Iraqi,iraq_2,Iraqi\iraq_2\iraq_2_172.wav,True,male,5,True
bahrain_4_174,Bahraini,bahrain_4,Bahraini\bahrain_4\bahrain_4_174.wav,True,female,5,True
bahrain_1_303,Bahraini,bahrain_1,Bahraini\bahrain_1\bahrain_1_303.wav,True,male,5,True
palestine_2_330,Palestinian,palestine_2,Palestinian\palestine_2\palestine_2_330.wav,True,female,5,True
iraq_3_331,Iraqi,iraq_3,Iraqi\iraq_3\iraq_3_331.wav,True,male,5,True
iraq_3_325,Iraqi,iraq_3,Iraqi\iraq_3\iraq_3_325.wav,True,male,5,True
ksa_2_115,Saudi,ksa_2,Saudi\ksa_2\ksa_2_115.wav,True,male,5,True
lebanon_5_8,Lebanese,lebanon_5,Lebanese\lebanon_5\lebanon_5_8.wav,True,male,5,True
syria_2_233,Syrian,syria_2,Syrian\syria_2\syria_2_233.wav,True,male,5,True
egypt_3_197,Egyptian,egypt_3,Egyptian\egypt_3\egypt_3_197.wav,True,female,5,True
syria_5_278,Syrian,syria_5,Syrian\syria_5\syria_5_278.wav,True,female,5,True
uae_2_189,Emarati,uae_2,Emarati\uae_2\uae_2_189.wav,True,female,5,True
jorday_4_191,Jordanian,jorday_4,Jordanian\jorday_4\jorday_4_191.wav,True,female,5,True
palestine_5_173,Palestinian,palestine_5,Palestinian\palestine_5\palestine_5_173.wav,True,female,5,True
egypt_5_64,Egyptian,egypt_5,Egyptian\egypt_5\egypt_5_64.wav,True,male,5,True
bahrain_1_247,Bahraini,bahrain_1,Bahraini\bahrain_1\bahrain_1_247.wav,True,male,5,True
ksa_3_337,Saudi,ksa_3,Saudi\ksa_3\ksa_3_337.wav,True,female,5,True
uae_2_272,Emarati,uae_2,Emarati\uae_2\uae_2_272.wav,True,male,5,True
syria_2_22,Syrian,syria_2,Syrian\syria_2\syria_2_22.wav,True,male,5,True
palestine_2_272,Palestinian,palestine_2,Palestinian\palestine_2\palestine_2_272.wav,True,female,5,True
lebanon_1_205,Lebanese,lebanon_1,Lebanese\lebanon_1\lebanon_1_205.wav,True,female,5,True
palestine_4_101,Palestinian,palestine_4,Palestinian\palestine_4\palestine_4_101.wav,True,male,5,True
syria_3_152,Syrian,syria_3,Syrian\syria_3\syria_3_152.wav,True,male,5,True
iraq_5_117,Iraqi,iraq_5,Iraqi\iraq_5\iraq_5_117.wav,True,female,5,True
uae_4_199,Emarati,uae_4,Emarati\uae_4\uae_4_199.wav,True,male,5,True
uae_2_234,Emarati,uae_2,Emarati\uae_2\uae_2_234.wav,True,female,5,True
palestine_3_259,Palestinian,palestine_3,Palestinian\palestine_3\palestine_3_259.wav,True,male,5,True
lebanon_2_131,Lebanese,lebanon_2,Lebanese\lebanon_2\lebanon_2_131.wav,True,male,5,True
palestine_1_338,Palestinian,palestine_1,Palestinian\palestine_1\palestine_1_338.wav,True,male,5,True
egypt_2_97,Egyptian,egypt_2,Egyptian\egypt_2\egypt_2_97.wav,True,male,5,True
egypt_4_106,Egyptian,egypt_4,Egyptian\egypt_4\egypt_4_106.wav,True,female,5,True
iraq_1_326,Iraqi,iraq_1,Iraqi\iraq_1\iraq_1_326.wav,True,male,5,True
ksa_4_328,Saudi,ksa_4,Saudi\ksa_4\ksa_4_328.wav,True,male,5,True
jorday_4_196,Jordanian,jorday_4,Jordanian\jorday_4\jorday_4_196.wav,True,female,5,True
iraq_1_216,Iraqi,iraq_1,Iraqi\iraq_1\iraq_1_216.wav,True,male,5,True
lebanon_2_81,Lebanese,lebanon_2,Lebanese\lebanon_2\lebanon_2_81.wav,True,male,5,True
jorday_4_37,Jordanian,jorday_4,Jordanian\jorday_4\jorday_4_37.wav,True,female,5,True
iraq_5_196,Iraqi,iraq_5,Iraqi\iraq_5\iraq_5_196.wav,True,female,5,True
egypt_3_274,Egyptian,egypt_3,Egyptian\egypt_3\egypt_3_274.wav,True,female,5,True
jorday_4_220,Jordanian,jorday_4,Jordanian\jorday_4\jorday_4_220.wav,True,female,5,True
syria_3_59,Syrian,syria_3,Syrian\syria_3\syria_3_59.wav,True,male,5,True
ksa_4_82,Saudi,ksa_4,Saudi\ksa_4\ksa_4_82.wav,True,male,5,True
uae_1_239,Emarati,uae_1,Emarati\uae_1\uae_1_239.wav,True,male,5,True
ksa_4_9,Saudi,ksa_4,Saudi\ksa_4\ksa_4_9.wav,True,male,5,True
lebanon_1_192,Lebanese,lebanon_1,Lebanese\lebanon_1\lebanon_1_192.wav,True,female,5,True
syria_4_215,Syrian,syria_4,Syrian\syria_4\syria_4_215.wav,True,female,5,True
lebanon_2_41,Lebanese,lebanon_2,Lebanese\lebanon_2\lebanon_2_41.wav,True,male,5,True
egypt_1_177,Egyptian,egypt_1,Egyptian\egypt_1\egypt_1_177.wav,True,male,5,True
lebanon_1_218,Lebanese,lebanon_1,Lebanese\lebanon_1\lebanon_1_218.wav,True,female,5,True
palestine_5_54,Palestinian,palestine_5,Palestinian\palestine_5\palestine_5_54.wav,True,female,5,True
egypt_3_275,Egyptian,egypt_3,Egyptian\egypt_3\egypt_3_275.wav,True,female,5,True
lebanon_4_131,Lebanese,lebanon_4,Lebanese\lebanon_4\lebanon_4_131.wav,True,female,5,True
uae_4_272,Emarati,uae_4,Emarati\uae_4\uae_4_272.wav,True,male,5,True
syria_4_248,Syrian,syria_4,Syrian\syria_4\syria_4_248.wav,True,female,5,True
syria_4_276,Syrian,syria_4,Syrian\syria_4\syria_4_276.wav,True,female,5,True
lebanon_5_205,Lebanese,lebanon_5,Lebanese\lebanon_5\lebanon_5_205.wav,True,male,5,True
iraq_2_267,Iraqi,iraq_2,Iraqi\iraq_2\iraq_2_267.wav,True,male,5,True
iraq_4_99,Iraqi,iraq_4,Iraqi\iraq_4\iraq_4_99.wav,True,female,5,True
syria_2_29,Syrian,syria_2,Syrian\syria_2\syria_2_29.wav,True,male,5,True
ksa_5_118,Saudi,ksa_5,Saudi\ksa_5\ksa_5_118.wav,True,male,5,True
ksa_2_219,Saudi,ksa_2,Saudi\ksa_2\ksa_2_219.wav,True,male,5,True
bahrain_4_78,Bahraini,bahrain_4,Bahraini\bahrain_4\bahrain_4_78.wav,True,female,5,True
egypt_2_93,Egyptian,egypt_2,Egyptian\egypt_2\egypt_2_93.wav,True,male,5,True
palestine_5_166,Palestinian,palestine_5,Palestinian\palestine_5\palestine_5_166.wav,True,female,5,True
syria_4_203,Syrian,syria_4,Syrian\syria_4\syria_4_203.wav,True,female,5,True
palestine_2_57,Palestinian,palestine_2,Palestinian\palestine_2\palestine_2_57.wav,True,female,5,True
syria_4_1,Syrian,syria_4,Syrian\syria_4\syria_4_1.wav,True,female,5,True
jorday_4_251,Jordanian,jorday_4,Jordanian\jorday_4\jorday_4_251.wav,True,female,5,True
syria_1_6,Syrian,syria_1,Syrian\syria_1\syria_1_6.wav,True,female,5,True
iraq_3_234,Iraqi,iraq_3,Iraqi\iraq_3\iraq_3_234.wav,True,male,5,True
iraq_5_13,Iraqi,iraq_5,Iraqi\iraq_5\iraq_5_13.wav,True,female,5,True
ksa_1_104,Saudi,ksa_1,Saudi\ksa_1\ksa_1_104.wav,True,female,5,True
ksa_2_183,Saudi,ksa_2,Saudi\ksa_2\ksa_2_183.wav,True,male,5,True
uae_4_102,Emarati,uae_4,Emarati\uae_4\uae_4_102.wav,True,male,5,True
uae_4_178,Emarati,uae_4,Emarati\uae_4\uae_4_178.wav,True,male,5,True
palestine_1_279,Palestinian,palestine_1,Palestinian\palestine_1\palestine_1_279.wav,True,male,5,True
uae_4_305,Emarati,uae_4,Emarati\uae_4\uae_4_305.wav,True,male,5,True
ksa_4_154,Saudi,ksa_4,Saudi\ksa_4\ksa_4_154.wav,True,male,5,True
iraq_1_33,Iraqi,iraq_1,Iraqi\iraq_1\iraq_1_33.wav,True,male,5,True
palestine_4_132,Palestinian,palestine_4,Palestinian\palestine_4\palestine_4_132.wav,True,male,5,True
palestine_4_138,Palestinian,palestine_4,Palestinian\palestine_4\palestine_4_138.wav,True,male,5,True
lebanon_2_271,Lebanese,lebanon_2,Lebanese\lebanon_2\lebanon_2_271.wav,True,male,5,True
ksa_5_160,Saudi,ksa_5,Saudi\ksa_5\ksa_5_160.wav,True,male,5,True
uae_5_225,Emarati,uae_5,Emarati\uae_5\uae_5_225.wav,True,female,5,True
iraq_5_150,Iraqi,iraq_5,Iraqi\iraq_5\iraq_5_150.wav,True,female,5,True
syria_4_121,Syrian,syria_4,Syrian\syria_4\syria_4_121.wav,True,female,5,True
lebanon_2_210,Lebanese,lebanon_2,Lebanese\lebanon_2\lebanon_2_210.wav,True,male,5,True
lebanon_1_158,Lebanese,lebanon_1,Lebanese\lebanon_1\lebanon_1_158.wav,True,female,5,True
uae_3_61,Emarati,uae_3,Emarati\uae_3\uae_3_61.wav,True,male,5,True
syria_4_253,Syrian,syria_4,Syrian\syria_4\syria_4_253.wav,True,female,5,True
bahrain_5_24,Bahraini,bahrain_5,Bahraini\bahrain_5\bahrain_5_24.wav,True,female,5,True
egypt_5_89,Egyptian,egypt_5,Egyptian\egypt_5\egypt_5_89.wav,True,male,5,True
uae_4_154,Emarati,uae_4,Emarati\uae_4\uae_4_154.wav,True,male,5,True
bahrain_2_23,Bahraini,bahrain_2,Bahraini\bahrain_2\bahrain_2_23.wav,True,male,5,True
ksa_2_133,Saudi,ksa_2,Saudi\ksa_2\ksa_2_133.wav,True,male,5,True
jorday_4_246,Jordanian,jorday_4,Jordanian\jorday_4\jorday_4_246.wav,True,female,5,True
palestine_4_213,Palestinian,palestine_4,Palestinian\palestine_4\palestine_4_213.wav,True,male,5,True
bahrain_1_325,Bahraini,bahrain_1,Bahraini\bahrain_1\bahrain_1_325.wav,True,male,5,True
lebanon_5_323,Lebanese,lebanon_5,Lebanese\lebanon_5\lebanon_5_323.wav,True,male,5,True
lebanon_4_118,Lebanese,lebanon_4,Lebanese\lebanon_4\lebanon_4_118.wav,True,female,5,True
palestine_4_196,Palestinian,palestine_4,Palestinian\palestine_4\palestine_4_196.wav,True,male,5,True
uae_3_257,Emarati,uae_3,Emarati\uae_3\uae_3_257.wav,True,male,5,True
uae_2_195,Emarati,uae_2,Emarati\uae_2\uae_2_195.wav,True,female,5,True
bahrain_5_337,Bahraini,bahrain_5,Bahraini\bahrain_5\bahrain_5_337.wav,True,female,5,True
palestine_1_146,Palestinian,palestine_1,Palestinian\palestine_1\palestine_1_146.wav,True,male,5,True
egypt_1_167,Egyptian,egypt_1,Egyptian\egypt_1\egypt_1_167.wav,True,male,5,True
palestine_5_32,Palestinian,palestine_5,Palestinian\palestine_5\palestine_5_32.wav,True,female,5,True
iraq_4_337,Iraqi,iraq_4,Iraqi\iraq_4\iraq_4_337.wav,True,female,5,True
egypt_5_137,Egyptian,egypt_5,Egyptian\egypt_5\egypt_5_137.wav,True,male,5,True
iraq_5_93,Iraqi,iraq_5,Iraqi\iraq_5\iraq_5_93.wav,True,female,5,True
bahrain_3_100,Bahraini,bahrain_3,Bahraini\bahrain_3\bahrain_3_100.wav,True,male,5,True
egypt_2_38,Egyptian,egypt_2,Egyptian\egypt_2\egypt_2_38.wav,True,male,5,True
iraq_3_195,Iraqi,iraq_3,Iraqi\iraq_3\iraq_3_195.wav,True,male,5,True
iraq_4_246,Iraqi,iraq_4,Iraqi\iraq_4\iraq_4_246.wav,True,female,5,True
iraq_2_52,Iraqi,iraq_2,Iraqi\iraq_2\iraq_2_52.wav,True,male,5,True
ksa_4_299,Saudi,ksa_4,Saudi\ksa_4\ksa_4_299.wav,True,male,5,True
bahrain_4_31,Bahraini,bahrain_4,Bahraini\bahrain_4\bahrain_4_31.wav,True,female,5,True
ksa_2_139,Saudi,ksa_2,Saudi\ksa_2\ksa_2_139.wav,True,male,5,True
palestine_5_100,Palestinian,palestine_5,Palestinian\palestine_5\palestine_5_100.wav,True,female,5,True
palestine_4_298,Palestinian,palestine_4,Palestinian\palestine_4\palestine_4_298.wav,True,male,5,True
iraq_1_240,Iraqi,iraq_1,Iraqi\iraq_1\iraq_1_240.wav,True,male,5,True
iraq_1_38,Iraqi,iraq_1,Iraqi\iraq_1\iraq_1_38.wav,True,male,5,True
bahrain_1_239,Bahraini,bahrain_1,Bahraini\bahrain_1\bahrain_1_239.wav,True,male,5,True
bahrain_2_170,Bahraini,bahrain_2,Bahraini\bahrain_2\bahrain_2_170.wav,True,male,5,True
ksa_5_123,Saudi,ksa_5,Saudi\ksa_5\ksa_5_123.wav,True,male,5,True
palestine_2_78,Palestinian,palestine_2,Palestinian\palestine_2\palestine_2_78.wav,True,female,5,True
lebanon_3_143,Lebanese,lebanon_3,Lebanese\lebanon_3\lebanon_3_143.wav,True,female,5,True
egypt_4_228,Egyptian,egypt_4,Egyptian\egypt_4\egypt_4_228.wav,True,female,5,True
jordan_3_169,Jordanian,jordan_3,Jordanian\jordan_3\jordan_3_169.wav,True,female,5,True
iraq_1_241,Iraqi,iraq_1,Iraqi\iraq_1\iraq_1_241.wav,True,male,5,True
lebanon_5_155,Lebanese,lebanon_5,Lebanese\lebanon_5\lebanon_5_155.wav,True,male,5,True
iraq_4_192,Iraqi,iraq_4,Iraqi\iraq_4\iraq_4_192.wav,True,female,5,True
bahrain_1_228,Bahraini,bahrain_1,Bahraini\bahrain_1\bahrain_1_228.wav,True,male,5,True
egypt_4_99,Egyptian,egypt_4,Egyptian\egypt_4\egypt_4_99.wav,True,female,5,True
palestine_4_31,Palestinian,palestine_4,Palestinian\palestine_4\palestine_4_31.wav,True,male,5,True
palestine_1_1,Palestinian,palestine_1,Palestinian\palestine_1\palestine_1_1.wav,True,male,5,True
jordan_2_6,Jordanian,jordan_2,Jordanian\jordan_2\jordan_2_6.wav,True,female,5,True
lebanon_5_266,Lebanese,lebanon_5,Lebanese\lebanon_5\lebanon_5_266.wav,True,male,5,True
jordan_1_147,Jordanian,jordan_1,Jordanian\jordan_1\jordan_1_147.wav,True,male,5,True
lebanon_1_66,Lebanese,lebanon_1,Lebanese\lebanon_1\lebanon_1_66.wav,True,female,5,True
palestine_3_208,Palestinian,palestine_3,Palestinian\palestine_3\palestine_3_208.wav,True,male,5,True
palestine_1_17,Palestinian,palestine_1,Palestinian\palestine_1\palestine_1_17.wav,True,male,5,True
lebanon_1_332,Lebanese,lebanon_1,Lebanese\lebanon_1\lebanon_1_332.wav,True,female,5,True
bahrain_1_323,Bahraini,bahrain_1,Bahraini\bahrain_1\bahrain_1_323.wav,True,male,5,True
lebanon_3_124,Lebanese,lebanon_3,Lebanese\lebanon_3\lebanon_3_124.wav,True,female,5,True
lebanon_3_36,Lebanese,lebanon_3,Lebanese\lebanon_3\lebanon_3_36.wav,True,female,5,True
jordan_2_316,Jordanian,jordan_2,Jordanian\jordan_2\jordan_2_316.wav,True,female,5,True
syria_4_317,Syrian,syria_4,Syrian\syria_4\syria_4_317.wav,True,female,5,True
bahrain_5_329,Bahraini,bahrain_5,Bahraini\bahrain_5\bahrain_5_329.wav,True,female,5,True
uae_5_110,Emarati,uae_5,Emarati\uae_5\uae_5_110.wav,True,female,5,True
bahrain_4_172,Bahraini,bahrain_4,Bahraini\bahrain_4\bahrain_4_172.wav,True,female,5,True
bahrain_1_290,Bahraini,bahrain_1,Bahraini\bahrain_1\bahrain_1_290.wav,True,male,5,True
jordan_1_27,Jordanian,jordan_1,Jordanian\jordan_1\jordan_1_27.wav,True,male,5,True
jordan_5_308,Jordanian,jordan_5,Jordanian\jordan_5\jordan_5_308.wav,True,male,5,True
lebanon_1_296,Lebanese,lebanon_1,Lebanese\lebanon_1\lebanon_1_296.wav,True,female,5,True
iraq_5_211,Iraqi,iraq_5,Iraqi\iraq_5\iraq_5_211.wav,True,female,5,True
ksa_2_51,Saudi,ksa_2,Saudi\ksa_2\ksa_2_51.wav,True,male,5,True
uae_3_185,Emarati,uae_3,Emarati\uae_3\uae_3_185.wav,True,male,5,True
ksa_4_86,Saudi,ksa_4,Saudi\ksa_4\ksa_4_86.wav,True,male,5,True
ksa_4_81,Saudi,ksa_4,Saudi\ksa_4\ksa_4_81.wav,True,male,5,True
palestine_2_349,Palestinian,palestine_2,Palestinian\palestine_2\palestine_2_349.wav,True,female,5,True
palestine_5_257,Palestinian,palestine_5,Palestinian\palestine_5\palestine_5_257.wav,True,female,5,True
egypt_4_200,Egyptian,egypt_4,Egyptian\egypt_4\egypt_4_200.wav,True,female,5,True
lebanon_1_110,Lebanese,lebanon_1,Lebanese\lebanon_1\lebanon_1_110.wav,True,female,5,True
egypt_3_130,Egyptian,egypt_3,Egyptian\egypt_3\egypt_3_130.wav,True,female,5,True
palestine_2_144,Palestinian,palestine_2,Palestinian\palestine_2\palestine_2_144.wav,True,female,5,True
egypt_4_67,Egyptian,egypt_4,Egyptian\egypt_4\egypt_4_67.wav,True,female,5,True
palestine_5_206,Palestinian,palestine_5,Palestinian\palestine_5\palestine_5_206.wav,True,female,5,True
ksa_2_266,Saudi,ksa_2,Saudi\ksa_2\ksa_2_266.wav,True,male,5,True
lebanon_5_196,Lebanese,lebanon_5,Lebanese\lebanon_5\lebanon_5_196.wav,True,male,5,True
egypt_1_318,Egyptian,egypt_1,Egyptian\egypt_1\egypt_1_318.wav,True,male,5,True
ksa_2_154,Saudi,ksa_2,Saudi\ksa_2\ksa_2_154.wav,True,male,5,True
iraq_2_299,Iraqi,iraq_2,Iraqi\iraq_2\iraq_2_299.wav,True,male,5,True
iraq_3_283,Iraqi,iraq_3,Iraqi\iraq_3\iraq_3_283.wav,True,male,5,True
egypt_1_82,Egyptian,egypt_1,Egyptian\egypt_1\egypt_1_82.wav,True,male,5,True
uae_1_118,Emarati,uae_1,Emarati\uae_1\uae_1_118.wav,True,male,5,True
lebanon_5_294,Lebanese,lebanon_5,Lebanese\lebanon_5\lebanon_5_294.wav,True,male,5,True
ksa_2_210,Saudi,ksa_2,Saudi\ksa_2\ksa_2_210.wav,True,male,5,True
uae_3_160,Emarati,uae_3,Emarati\uae_3\uae_3_160.wav,True,male,5,True
iraq_1_63,Iraqi,iraq_1,Iraqi\iraq_1\iraq_1_63.wav,True,male,5,True
iraq_5_101,Iraqi,iraq_5,Iraqi\iraq_5\iraq_5_101.wav,True,female,5,True
iraq_1_91,Iraqi,iraq_1,Iraqi\iraq_1\iraq_1_91.wav,True,male,5,True
palestine_1_215,Palestinian,palestine_1,Palestinian\palestine_1\palestine_1_215.wav,True,male,5,True
iraq_2_136,Iraqi,iraq_2,Iraqi\iraq_2\iraq_2_136.wav,True,male,5,True
bahrain_5_51,Bahraini,bahrain_5,Bahraini\bahrain_5\bahrain_5_51.wav,True,female,5,True
syria_4_263,Syrian,syria_4,Syrian\syria_4\syria_4_263.wav,True,female,5,True
jordan_5_178,Jordanian,jordan_5,Jordanian\jordan_5\jordan_5_178.wav,True,male,5,True
syria_4_91,Syrian,syria_4,Syrian\syria_4\syria_4_91.wav,True,female,5,True
uae_2_58,Emarati,uae_2,Emarati\uae_2\uae_2_58.wav,True,female,5,True
lebanon_4_43,Lebanese,lebanon_4,Lebanese\lebanon_4\lebanon_4_43.wav,True,female,5,True
ksa_2_256,Saudi,ksa_2,Saudi\ksa_2\ksa_2_256.wav,True,male,5,True
egypt_4_107,Egyptian,egypt_4,Egyptian\egypt_4\egypt_4_107.wav,True,female,5,True
bahrain_2_116,Bahraini,bahrain_2,Bahraini\bahrain_2\bahrain_2_116.wav,True,male,5,True
iraq_1_313,Iraqi,iraq_1,Iraqi\iraq_1\iraq_1_313.wav,True,male,5,True
iraq_5_62,Iraqi,iraq_5,Iraqi\iraq_5\iraq_5_62.wav,True,female,5,True
syria_4_12,Syrian,syria_4,Syrian\syria_4\syria_4_12.wav,True,female,5,True
syria_1_132,Syrian,syria_1,Syrian\syria_1\syria_1_132.wav,True,female,5,True
iraq_2_211,Iraqi,iraq_2,Iraqi\iraq_2\iraq_2_211.wav,True,male,5,True
bahrain_4_263,Bahraini,bahrain_4,Bahraini\bahrain_4\bahrain_4_263.wav,True,female,5,True
palestine_5_60,Palestinian,palestine_5,Palestinian\palestine_5\palestine_5_60.wav,True,female,5,True
egypt_2_82,Egyptian,egypt_2,Egyptian\egypt_2\egypt_2_82.wav,True,male,5,True
palestine_5_25,Palestinian,palestine_5,Palestinian\palestine_5\palestine_5_25.wav,True,female,5,True
palestine_3_172,Palestinian,palestine_3,Palestinian\palestine_3\palestine_3_172.wav,True,male,5,True
palestine_2_102,Palestinian,palestine_2,Palestinian\palestine_2\palestine_2_102.wav,True,female,5,True
iraq_4_68,Iraqi,iraq_4,Iraqi\iraq_4\iraq_4_68.wav,True,female,5,True
lebanon_1_160,Lebanese,lebanon_1,Lebanese\lebanon_1\lebanon_1_160.wav,True,female,5,True
ksa_2_76,Saudi,ksa_2,Saudi\ksa_2\ksa_2_76.wav,True,male,5,True
ksa_3_67,Saudi,ksa_3,Saudi\ksa_3\ksa_3_67.wav,True,female,5,True
syria_5_138,Syrian,syria_5,Syrian\syria_5\syria_5_138.wav,True,female,5,True
palestine_2_341,Palestinian,palestine_2,Palestinian\palestine_2\palestine_2_341.wav,True,female,5,True
syria_4_47,Syrian,syria_4,Syrian\syria_4\syria_4_47.wav,True,female,5,True
palestine_4_65,Palestinian,palestine_4,Palestinian\palestine_4\palestine_4_65.wav,True,male,5,True
uae_3_263,Emarati,uae_3,Emarati\uae_3\uae_3_263.wav,True,male,5,True
syria_2_7,Syrian,syria_2,Syrian\syria_2\syria_2_7.wav,True,male,5,True
lebanon_4_318,Lebanese,lebanon_4,Lebanese\lebanon_4\lebanon_4_318.wav,True,female,5,True
ksa_5_69,Saudi,ksa_5,Saudi\ksa_5\ksa_5_69.wav,True,male,5,True
ksa_2_208,Saudi,ksa_2,Saudi\ksa_2\ksa_2_208.wav,True,male,5,True
uae_2_121,Emarati,uae_2,Emarati\uae_2\uae_2_121.wav,True,female,5,True
bahrain_3_51,Bahraini,bahrain_3,Bahraini\bahrain_3\bahrain_3_51.wav,True,male,5,True
palestine_4_71,Palestinian,palestine_4,Palestinian\palestine_4\palestine_4_71.wav,True,male,5,True
lebanon_1_186,Lebanese,lebanon_1,Lebanese\lebanon_1\lebanon_1_186.wav,True,female,5,True
egypt_1_39,Egyptian,egypt_1,Egyptian\egypt_1\egypt_1_39.wav,True,male,5,True
ksa_3_56,Saudi,ksa_3,Saudi\ksa_3\ksa_3_56.wav,True,female,5,True
ksa_2_159,Saudi,ksa_2,Saudi\ksa_2\ksa_2_159.wav,True,male,5,True
lebanon_2_297,Lebanese,lebanon_2,Lebanese\lebanon_2\lebanon_2_297.wav,True,male,5,True
syria_3_149,Syrian,syria_3,Syrian\syria_3\syria_3_149.wav,True,male,5,True
syria_5_95,Syrian,syria_5,Syrian\syria_5\syria_5_95.wav,True,female,5,True
iraq_4_291,Iraqi,iraq_4,Iraqi\iraq_4\iraq_4_291.wav,True,female,5,True
ksa_5_191,Saudi,ksa_5,Saudi\ksa_5\ksa_5_191.wav,True,male,5,True
bahrain_1_140,Bahraini,bahrain_1,Bahraini\bahrain_1\bahrain_1_140.wav,True,male,5,True
iraq_4_106,Iraqi,iraq_4,Iraqi\iraq_4\iraq_4_106.wav,True,female,5,True
egypt_1_262,Egyptian,egypt_1,Egyptian\egypt_1\egypt_1_262.wav,True,male,5,True
jordan_3_220,Jordanian,jordan_3,Jordanian\jordan_3\jordan_3_220.wav,True,female,5,True
lebanon_2_193,Lebanese,lebanon_2,Lebanese\lebanon_2\lebanon_2_193.wav,True,male,5,True
palestine_1_185,Palestinian,palestine_1,Palestinian\palestine_1\palestine_1_185.wav,True,male,5,True
syria_3_75,Syrian,syria_3,Syrian\syria_3\syria_3_75.wav,True,male,5,True
lebanon_2_113,Lebanese,lebanon_2,Lebanese\lebanon_2\lebanon_2_113.wav,True,male,5,True
iraq_4_117,Iraqi,iraq_4,Iraqi\iraq_4\iraq_4_117.wav,True,female,5,True
lebanon_2_8,Lebanese,lebanon_2,Lebanese\lebanon_2\lebanon_2_8.wav,True,male,5,True
jordan_2_336,Jordanian,jordan_2,Jordanian\jordan_2\jordan_2_336.wav,True,female,5,True
palestine_5_164,Palestinian,palestine_5,Palestinian\palestine_5\palestine_5_164.wav,True,female,5,True
egypt_2_313,Egyptian,egypt_2,Egyptian\egypt_2\egypt_2_313.wav,True,male,5,True
ksa_2_43,Saudi,ksa_2,Saudi\ksa_2\ksa_2_43.wav,True,male,5,True
syria_1_211,Syrian,syria_1,Syrian\syria_1\syria_1_211.wav,True,female,5,True
palestine_3_27,Palestinian,palestine_3,Palestinian\palestine_3\palestine_3_27.wav,True,male,5,True
lebanon_5_187,Lebanese,lebanon_5,Lebanese\lebanon_5\lebanon_5_187.wav,True,male,5,True
iraq_3_56,Iraqi,iraq_3,Iraqi\iraq_3\iraq_3_56.wav,True,male,5,True
ksa_1_267,Saudi,ksa_1,Saudi\ksa_1\ksa_1_267.wav,True,female,5,True
lebanon_5_167,Lebanese,lebanon_5,Lebanese\lebanon_5\lebanon_5_167.wav,True,male,5,True
jorday_4_261,Jordanian,jorday_4,Jordanian\jorday_4\jorday_4_261.wav,True,female,5,True
lebanon_2_95,Lebanese,lebanon_2,Lebanese\lebanon_2\lebanon_2_95.wav,True,female,5,True
iraq_5_327,Iraqi,iraq_5,Iraqi\iraq_5\iraq_5_327.wav,True,female,5,True
bahrain_5_39,Bahraini,bahrain_5,Bahraini\bahrain_5\bahrain_5_39.wav,True,female,5,True
syria_2_35,Syrian,syria_2,Syrian\syria_2\syria_2_35.wav,True,male,5,True
jorday_4_314,Jordanian,jorday_4,Jordanian\jorday_4\jorday_4_314.wav,True,female,5,True
jordan_2_120,Jordanian,jordan_2,Jordanian\jordan_2\jordan_2_120.wav,True,female,5,True
uae_1_238,Emarati,uae_1,Emarati\uae_1\uae_1_238.wav,True,male,5,True
iraq_2_352,Iraqi,iraq_2,Iraqi\iraq_2\iraq_2_352.wav,True,male,5,True
egypt_5_164,Egyptian,egypt_5,Egyptian\egypt_5\egypt_5_164.wav,True,male,5,True
egypt_1_33,Egyptian,egypt_1,Egyptian\egypt_1\egypt_1_33.wav,True,male,5,True
jordan_2_122,Jordanian,jordan_2,Jordanian\jordan_2\jordan_2_122.wav,True,female,5,True
lebanon_4_52,Lebanese,lebanon_4,Lebanese\lebanon_4\lebanon_4_52.wav,True,female,5,True
syria_5_205,Syrian,syria_5,Syrian\syria_5\syria_5_205.wav,True,female,5,True
lebanon_1_282,Lebanese,lebanon_1,Lebanese\lebanon_1\lebanon_1_282.wav,True,female,5,True
uae_2_262,Emarati,uae_2,Emarati\uae_2\uae_2_262.wav,True,female,5,True
jorday_4_142,Jordanian,jorday_4,Jordanian\jorday_4\jorday_4_142.wav,True,female,5,True
bahrain_2_101,Bahraini,bahrain_2,Bahraini\bahrain_2\bahrain_2_101.wav,True,male,5,True
syria_4_107,Syrian,syria_4,Syrian\syria_4\syria_4_107.wav,True,female,5,True
ksa_2_45,Saudi,ksa_2,Saudi\ksa_2\ksa_2_45.wav,True,male,5,True
iraq_4_39,Iraqi,iraq_4,Iraqi\iraq_4\iraq_4_39.wav,True,female,5,True
lebanon_4_289,Lebanese,lebanon_4,Lebanese\lebanon_4\lebanon_4_289.wav,True,female,5,True
ksa_1_133,Saudi,ksa_1,Saudi\ksa_1\ksa_1_133.wav,True,female,5,True
iraq_5_98,Iraqi,iraq_5,Iraqi\iraq_5\iraq_5_98.wav,True,female,5,True
jordan_2_224,Jordanian,jordan_2,Jordanian\jordan_2\jordan_2_224.wav,True,female,5,True
iraq_5_264,Iraqi,iraq_5,Iraqi\iraq_5\iraq_5_264.wav,True,female,5,True
jordan_2_168,Jordanian,jordan_2,Jordanian\jordan_2\jordan_2_168.wav,True,female,5,True
ksa_5_214,Saudi,ksa_5,Saudi\ksa_5\ksa_5_214.wav,True,male,5,True
jordan_2_241,Jordanian,jordan_2,Jordanian\jordan_2\jordan_2_241.wav,True,female,5,True
jorday_4_91,Jordanian,jorday_4,Jordanian\jorday_4\jorday_4_91.wav,True,female,5,True
ksa_5_297,Saudi,ksa_5,Saudi\ksa_5\ksa_5_297.wav,True,male,5,True
syria_2_115,Syrian,syria_2,Syrian\syria_2\syria_2_115.wav,True,male,5,True
iraq_4_22,Iraqi,iraq_4,Iraqi\iraq_4\iraq_4_22.wav,True,female,5,True
lebanon_3_182,Lebanese,lebanon_3,Lebanese\lebanon_3\lebanon_3_182.wav,True,female,5,True
syria_5_11,Syrian,syria_5,Syrian\syria_5\syria_5_11.wav,True,female,5,True
lebanon_5_290,Lebanese,lebanon_5,Lebanese\lebanon_5\lebanon_5_290.wav,True,male,5,True
palestine_4_321,Palestinian,palestine_4,Palestinian\palestine_4\palestine_4_321.wav,True,male,5,True
lebanon_2_165,Lebanese,lebanon_2,Lebanese\lebanon_2\lebanon_2_165.wav,True,female,5,True
lebanon_2_188,Lebanese,lebanon_2,Lebanese\lebanon_2\lebanon_2_188.wav,True,male,5,True
uae_5_349,Emarati,uae_5,Emarati\uae_5\uae_5_349.wav,True,female,5,True
bahrain_4_211,Bahraini,bahrain_4,Bahraini\bahrain_4\bahrain_4_211.wav,True,female,5,True
egypt_1_115,Egyptian,egypt_1,Egyptian\egypt_1\egypt_1_115.wav,True,male,5,True
jordan_2_16,Jordanian,jordan_2,Jordanian\jordan_2\jordan_2_16.wav,True,female,5,True
palestine_3_257,Palestinian,palestine_3,Palestinian\palestine_3\palestine_3_257.wav,True,male,5,True
jordan_2_38,Jordanian,jordan_2,Jordanian\jordan_2\jordan_2_38.wav,True,female,5,True
bahrain_1_118,Bahraini,bahrain_1,Bahraini\bahrain_1\bahrain_1_118.wav,True,male,5,True
ksa_3_328,Saudi,ksa_3,Saudi\ksa_3\ksa_3_328.wav,True,female,5,True
egypt_1_321,Egyptian,egypt_1,Egyptian\egypt_1\egypt_1_321.wav,True,male,5,True
jordan_1_127,Jordanian,jordan_1,Jordanian\jordan_1\jordan_1_127.wav,True,male,5,True
lebanon_3_183,Lebanese,lebanon_3,Lebanese\lebanon_3\lebanon_3_183.wav,True,female,5,True
egypt_1_193,Egyptian,egypt_1,Egyptian\egypt_1\egypt_1_193.wav,True,male,5,True
lebanon_3_102,Lebanese,lebanon_3,Lebanese\lebanon_3\lebanon_3_102.wav,True,female,5,True
iraq_4_48,Iraqi,iraq_4,Iraqi\iraq_4\iraq_4_48.wav,True,female,5,True
bahrain_5_217,Bahraini,bahrain_5,Bahraini\bahrain_5\bahrain_5_217.wav,True,female,5,True
syria_5_197,Syrian,syria_5,Syrian\syria_5\syria_5_197.wav,True,female,5,True
uae_1_66,Emarati,uae_1,Emarati\uae_1\uae_1_66.wav,True,male,5,True
lebanon_2_268,Lebanese,lebanon_2,Lebanese\lebanon_2\lebanon_2_268.wav,True,male,5,True
palestine_3_302,Palestinian,palestine_3,Palestinian\palestine_3\palestine_3_302.wav,True,male,5,True
egypt_5_135,Egyptian,egypt_5,Egyptian\egypt_5\egypt_5_135.wav,True,male,5,True
lebanon_4_103,Lebanese,lebanon_4,Lebanese\lebanon_4\lebanon_4_103.wav,True,female,5,True
syria_1_4,Syrian,syria_1,Syrian\syria_1\syria_1_4.wav,True,female,5,True
uae_2_104,Emarati,uae_2,Emarati\uae_2\uae_2_104.wav,True,male,5,True
bahrain_1_331,Bahraini,bahrain_1,Bahraini\bahrain_1\bahrain_1_331.wav,True,male,5,True
palestine_2_328,Palestinian,palestine_2,Palestinian\palestine_2\palestine_2_328.wav,True,female,5,True
palestine_3_98,Palestinian,palestine_3,Palestinian\palestine_3\palestine_3_98.wav,True,male,5,True
jordan_5_46,Jordanian,jordan_5,Jordanian\jordan_5\jordan_5_46.wav,True,male,5,True
iraq_1_229,Iraqi,iraq_1,Iraqi\iraq_1\iraq_1_229.wav,True,male,5,True
uae_5_224,Emarati,uae_5,Emarati\uae_5\uae_5_224.wav,True,female,5,True
ksa_5_106,Saudi,ksa_5,Saudi\ksa_5\ksa_5_106.wav,True,male,5,True
syria_5_136,Syrian,syria_5,Syrian\syria_5\syria_5_136.wav,True,female,5,True
uae_3_85,Emarati,uae_3,Emarati\uae_3\uae_3_85.wav,True,male,5,True
palestine_4_208,Palestinian,palestine_4,Palestinian\palestine_4\palestine_4_208.wav,True,male,5,True
jordan_1_203,Jordanian,jordan_1,Jordanian\jordan_1\jordan_1_203.wav,True,male,5,True
egypt_1_26,Egyptian,egypt_1,Egyptian\egypt_1\egypt_1_26.wav,True,male,5,True
lebanon_3_14,Lebanese,lebanon_3,Lebanese\lebanon_3\lebanon_3_14.wav,True,female,5,True
iraq_2_291,Iraqi,iraq_2,Iraqi\iraq_2\iraq_2_291.wav,True,male,5,True
uae_3_16,Emarati,uae_3,Emarati\uae_3\uae_3_16.wav,True,male,5,True
syria_2_66,Syrian,syria_2,Syrian\syria_2\syria_2_66.wav,True,male,5,True
jordan_5_143,Jordanian,jordan_5,Jordanian\jordan_5\jordan_5_143.wav,True,male,5,True
syria_2_250,Syrian,syria_2,Syrian\syria_2\syria_2_250.wav,True,male,5,True
uae_4_62,Emarati,uae_4,Emarati\uae_4\uae_4_62.wav,True,male,5,True
ksa_5_73,Saudi,ksa_5,Saudi\ksa_5\ksa_5_73.wav,True,male,5,True
palestine_4_258,Palestinian,palestine_4,Palestinian\palestine_4\palestine_4_258.wav,True,male,5,True
syria_1_261,Syrian,syria_1,Syrian\syria_1\syria_1_261.wav,True,female,5,True
syria_3_275,Syrian,syria_3,Syrian\syria_3\syria_3_275.wav,True,male,5,True
lebanon_3_245,Lebanese,lebanon_3,Lebanese\lebanon_3\lebanon_3_245.wav,True,female,5,True
palestine_4_48,Palestinian,palestine_4,Palestinian\palestine_4\palestine_4_48.wav,True,male,5,True
lebanon_5_112,Lebanese,lebanon_5,Lebanese\lebanon_5\lebanon_5_112.wav,True,male,5,True
iraq_3_278,Iraqi,iraq_3,Iraqi\iraq_3\iraq_3_278.wav,True,male,5,True
iraq_3_312,Iraqi,iraq_3,Iraqi\iraq_3\iraq_3_312.wav,True,male,5,True
iraq_3_245,Iraqi,iraq_3,Iraqi\iraq_3\iraq_3_245.wav,True,male,5,True
uae_5_141,Emarati,uae_5,Emarati\uae_5\uae_5_141.wav,True,female,5,True
bahrain_3_37,Bahraini,bahrain_3,Bahraini\bahrain_3\bahrain_3_37.wav,True,male,5,True
egypt_1_121,Egyptian,egypt_1,Egyptian\egypt_1\egypt_1_121.wav,True,male,5,True
egypt_4_328,Egyptian,egypt_4,Egyptian\egypt_4\egypt_4_328.wav,True,female,5,True
jordan_2_236,Jordanian,jordan_2,Jordanian\jordan_2\jordan_2_236.wav,True,female,5,True
jordan_3_265,Jordanian,jordan_3,Jordanian\jordan_3\jordan_3_265.wav,True,female,5,True
ksa_2_287,Saudi,ksa_2,Saudi\ksa_2\ksa_2_287.wav,True,male,5,True
egypt_2_338,Egyptian,egypt_2,Egyptian\egypt_2\egypt_2_338.wav,True,male,5,True
uae_3_206,Emarati,uae_3,Emarati\uae_3\uae_3_206.wav,True,male,5,True
syria_3_251,Syrian,syria_3,Syrian\syria_3\syria_3_251.wav,True,male,5,True
lebanon_2_295,Lebanese,lebanon_2,Lebanese\lebanon_2\lebanon_2_295.wav,True,male,5,True
uae_2_278,Emarati,uae_2,Emarati\uae_2\uae_2_278.wav,True,female,5,True
syria_2_252,Syrian,syria_2,Syrian\syria_2\syria_2_252.wav,True,male,5,True
palestine_2_123,Palestinian,palestine_2,Palestinian\palestine_2\palestine_2_123.wav,True,female,5,True
uae_5_237,Emarati,uae_5,Emarati\uae_5\uae_5_237.wav,True,female,5,True
jorday_4_38,Jordanian,jorday_4,Jordanian\jorday_4\jorday_4_38.wav,True,female,5,True
egypt_2_183,Egyptian,egypt_2,Egyptian\egypt_2\egypt_2_183.wav,True,male,5,True
iraq_3_175,Iraqi,iraq_3,Iraqi\iraq_3\iraq_3_175.wav,True,male,5,True
ksa_4_333,Saudi,ksa_4,Saudi\ksa_4\ksa_4_333.wav,True,male,5,True
syria_2_345,Syrian,syria_2,Syrian\syria_2\syria_2_345.wav,True,male,5,True
bahrain_2_69,Bahraini,bahrain_2,Bahraini\bahrain_2\bahrain_2_69.wav,True,male,5,True
iraq_3_279,Iraqi,iraq_3,Iraqi\iraq_3\iraq_3_279.wav,True,male,5,True
syria_1_204,Syrian,syria_1,Syrian\syria_1\syria_1_204.wav,True,female,5,True
lebanon_2_79,Lebanese,lebanon_2,Lebanese\lebanon_2\lebanon_2_79.wav,True,male,5,True
syria_4_166,Syrian,syria_4,Syrian\syria_4\syria_4_166.wav,True,female,5,True
egypt_1_330,Egyptian,egypt_1,Egyptian\egypt_1\egypt_1_330.wav,True,male,5,True
ksa_4_5,Saudi,ksa_4,Saudi\ksa_4\ksa_4_5.wav,True,male,5,True
uae_1_1,Emarati,uae_1,Emarati\uae_1\uae_1_1.wav,True,male,5,True
ksa_2_306,Saudi,ksa_2,Saudi\ksa_2\ksa_2_306.wav,True,male,5,True
ksa_5_47,Saudi,ksa_5,Saudi\ksa_5\ksa_5_47.wav,True,male,5,True
egypt_4_327,Egyptian,egypt_4,Egyptian\egypt_4\egypt_4_327.wav,True,female,5,True
ksa_1_222,Saudi,ksa_1,Saudi\ksa_1\ksa_1_222.wav,True,female,5,True
iraq_1_90,Iraqi,iraq_1,Iraqi\iraq_1\iraq_1_90.wav,True,male,5,True
lebanon_4_332,Lebanese,lebanon_4,Lebanese\lebanon_4\lebanon_4_332.wav,True,female,5,True
jordan_5_148,Jordanian,jordan_5,Jordanian\jordan_5\jordan_5_148.wav,True,male,5,True
syria_5_203,Syrian,syria_5,Syrian\syria_5\syria_5_203.wav,True,female,5,True
egypt_3_19,Egyptian,egypt_3,Egyptian\egypt_3\egypt_3_19.wav,True,female,5,True
syria_1_175,Syrian,syria_1,Syrian\syria_1\syria_1_175.wav,True,female,5,True
uae_4_19,Emarati,uae_4,Emarati\uae_4\uae_4_19.wav,True,male,5,True
egypt_4_282,Egyptian,egypt_4,Egyptian\egypt_4\egypt_4_282.wav,True,female,5,True
uae_5_13,Emarati,uae_5,Emarati\uae_5\uae_5_13.wav,True,female,5,True
egypt_2_315,Egyptian,egypt_2,Egyptian\egypt_2\egypt_2_315.wav,True,male,5,True
syria_4_110,Syrian,syria_4,Syrian\syria_4\syria_4_110.wav,True,female,5,True
palestine_1_27,Palestinian,palestine_1,Palestinian\palestine_1\palestine_1_27.wav,True,male,5,True
palestine_1_280,Palestinian,palestine_1,Palestinian\palestine_1\palestine_1_280.wav,True,male,5,True
jordan_1_134,Jordanian,jordan_1,Jordanian\jordan_1\jordan_1_134.wav,True,male,5,True
uae_5_199,Emarati,uae_5,Emarati\uae_5\uae_5_199.wav,True,female,5,True
iraq_4_232,Iraqi,iraq_4,Iraqi\iraq_4\iraq_4_232.wav,True,female,5,True
egypt_5_12,Egyptian,egypt_5,Egyptian\egypt_5\egypt_5_12.wav,True,male,5,True
jorday_4_326,Jordanian,jorday_4,Jordanian\jorday_4\jorday_4_326.wav,True,female,5,True
egypt_2_265,Egyptian,egypt_2,Egyptian\egypt_2\egypt_2_265.wav,True,male,5,True
syria_1_195,Syrian,syria_1,Syrian\syria_1\syria_1_195.wav,True,female,5,True
jordan_5_316,Jordanian,jordan_5,Jordanian\jordan_5\jordan_5_316.wav,True,male,5,True
bahrain_2_102,Bahraini,bahrain_2,Bahraini\bahrain_2\bahrain_2_102.wav,True,male,5,True
iraq_3_94,Iraqi,iraq_3,Iraqi\iraq_3\iraq_3_94.wav,True,male,5,True
iraq_5_161,Iraqi,iraq_5,Iraqi\iraq_5\iraq_5_161.wav,True,female,5,True
uae_2_44,Emarati,uae_2,Emarati\uae_2\uae_2_44.wav,True,male,5,True
syria_2_311,Syrian,syria_2,Syrian\syria_2\syria_2_311.wav,True,male,5,True
uae_5_311,Emarati,uae_5,Emarati\uae_5\uae_5_311.wav,True,female,5,True
egypt_5_279,Egyptian,egypt_5,Egyptian\egypt_5\egypt_5_279.wav,True,male,5,True
palestine_2_14,Palestinian,palestine_2,Palestinian\palestine_2\palestine_2_14.wav,True,female,5,True
iraq_4_16,Iraqi,iraq_4,Iraqi\iraq_4\iraq_4_16.wav,True,female,5,True
ksa_3_169,Saudi,ksa_3,Saudi\ksa_3\ksa_3_169.wav,True,female,5,True
bahrain_2_287,Bahraini,bahrain_2,Bahraini\bahrain_2\bahrain_2_287.wav,True,male,5,True
bahrain_3_107,Bahraini,bahrain_3,Bahraini\bahrain_3\bahrain_3_107.wav,True,male,5,True
palestine_3_147,Palestinian,palestine_3,Palestinian\palestine_3\palestine_3_147.wav,True,male,5,True
iraq_2_204,Iraqi,iraq_2,Iraqi\iraq_2\iraq_2_204.wav,True,male,5,True
palestine_1_114,Palestinian,palestine_1,Palestinian\palestine_1\palestine_1_114.wav,True,male,5,True
egypt_2_5,Egyptian,egypt_2,Egyptian\egypt_2\egypt_2_5.wav,True,male,5,True
bahrain_5_350,Bahraini,bahrain_5,Bahraini\bahrain_5\bahrain_5_350.wav,True,female,5,True
palestine_5_114,Palestinian,palestine_5,Palestinian\palestine_5\palestine_5_114.wav,True,female,5,True
syria_5_195,Syrian,syria_5,Syrian\syria_5\syria_5_195.wav,True,female,5,True
bahrain_4_236,Bahraini,bahrain_4,Bahraini\bahrain_4\bahrain_4_236.wav,True,female,5,True
palestine_5_106,Palestinian,palestine_5,Palestinian\palestine_5\palestine_5_106.wav,True,female,5,True
lebanon_4_314,Lebanese,lebanon_4,Lebanese\lebanon_4\lebanon_4_314.wav,True,female,5,True
jordan_3_50,Jordanian,jordan_3,Jordanian\jordan_3\jordan_3_50.wav,True,female,5,True
palestine_2_276,Palestinian,palestine_2,Palestinian\palestine_2\palestine_2_276.wav,True,female,5,True
uae_3_127,Emarati,uae_3,Emarati\uae_3\uae_3_127.wav,True,male,5,True
palestine_3_85,Palestinian,palestine_3,Palestinian\palestine_3\palestine_3_85.wav,True,male,5,True
egypt_1_199,Egyptian,egypt_1,Egyptian\egypt_1\egypt_1_199.wav,True,male,5,True
bahrain_1_157,Bahraini,bahrain_1,Bahraini\bahrain_1\bahrain_1_157.wav,True,male,5,True
egypt_2_307,Egyptian,egypt_2,Egyptian\egypt_2\egypt_2_307.wav,True,male,5,True
egypt_1_36,Egyptian,egypt_1,Egyptian\egypt_1\egypt_1_36.wav,True,male,5,True
bahrain_4_19,Bahraini,bahrain_4,Bahraini\bahrain_4\bahrain_4_19.wav,True,female,5,True
iraq_4_185,Iraqi,iraq_4,Iraqi\iraq_4\iraq_4_185.wav,True,female,5,True
lebanon_4_305,Lebanese,lebanon_4,Lebanese\lebanon_4\lebanon_4_305.wav,True,female,5,True
syria_4_234,Syrian,syria_4,Syrian\syria_4\syria_4_234.wav,True,female,5,True
bahrain_2_89,Bahraini,bahrain_2,Bahraini\bahrain_2\bahrain_2_89.wav,True,male,5,True
ksa_4_12,Saudi,ksa_4,Saudi\ksa_4\ksa_4_12.wav,True,male,5,True
ksa_2_186,Saudi,ksa_2,Saudi\ksa_2\ksa_2_186.wav,True,male,5,True
uae_3_148,Emarati,uae_3,Emarati\uae_3\uae_3_148.wav,True,male,5,True
egypt_2_295,Egyptian,egypt_2,Egyptian\egypt_2\egypt_2_295.wav,True,male,5,True
egypt_4_100,Egyptian,egypt_4,Egyptian\egypt_4\egypt_4_100.wav,True,female,5,True
jordan_2_174,Jordanian,jordan_2,Jordanian\jordan_2\jordan_2_174.wav,True,female,5,True
egypt_5_176,Egyptian,egypt_5,Egyptian\egypt_5\egypt_5_176.wav,True,male,5,True
jorday_4_238,Jordanian,jorday_4,Jordanian\jorday_4\jorday_4_238.wav,True,female,5,True
jordan_2_285,Jordanian,jordan_2,Jordanian\jordan_2\jordan_2_285.wav,True,female,5,True
bahrain_4_225,Bahraini,bahrain_4,Bahraini\bahrain_4\bahrain_4_225.wav,True,female,5,True
palestine_3_112,Palestinian,palestine_3,Palestinian\palestine_3\palestine_3_112.wav,True,male,5,True
lebanon_5_206,Lebanese,lebanon_5,Lebanese\lebanon_5\lebanon_5_206.wav,True,male,5,True
ksa_3_90,Saudi,ksa_3,Saudi\ksa_3\ksa_3_90.wav,True,male,5,True
uae_2_356,Emarati,uae_2,Emarati\uae_2\uae_2_356.wav,True,female,5,True
bahrain_1_336,Bahraini,bahrain_1,Bahraini\bahrain_1\bahrain_1_336.wav,True,male,5,True
syria_2_198,Syrian,syria_2,Syrian\syria_2\syria_2_198.wav,True,male,5,True
egypt_5_168,Egyptian,egypt_5,Egyptian\egypt_5\egypt_5_168.wav,True,female,5,True
bahrain_2_16,Bahraini,bahrain_2,Bahraini\bahrain_2\bahrain_2_16.wav,True,male,5,True
lebanon_5_117,Lebanese,lebanon_5,Lebanese\lebanon_5\lebanon_5_117.wav,True,male,5,True
palestine_1_165,Palestinian,palestine_1,Palestinian\palestine_1\palestine_1_165.wav,True,male,5,True
bahrain_4_336,Bahraini,bahrain_4,Bahraini\bahrain_4\bahrain_4_336.wav,True,female,5,True
palestine_1_198,Palestinian,palestine_1,Palestinian\palestine_1\palestine_1_198.wav,True,male,5,True
jordan_3_191,Jordanian,jordan_3,Jordanian\jordan_3\jordan_3_191.wav,True,female,5,True
bahrain_2_80,Bahraini,bahrain_2,Bahraini\bahrain_2\bahrain_2_80.wav,True,male,5,True
uae_3_319,Emarati,uae_3,Emarati\uae_3\uae_3_319.wav,True,male,5,True
syria_5_135,Syrian,syria_5,Syrian\syria_5\syria_5_135.wav,True,female,5,True
syria_1_176,Syrian,syria_1,Syrian\syria_1\syria_1_176.wav,True,female,5,True
ksa_3_225,Saudi,ksa_3,Saudi\ksa_3\ksa_3_225.wav,True,female,5,True
syria_2_321,Syrian,syria_2,Syrian\syria_2\syria_2_321.wav,True,male,5,True
jordan_3_59,Jordanian,jordan_3,Jordanian\jordan_3\jordan_3_59.wav,True,male,5,True
palestine_4_296,Palestinian,palestine_4,Palestinian\palestine_4\palestine_4_296.wav,True,male,5,True
ksa_1_201,Saudi,ksa_1,Saudi\ksa_1\ksa_1_201.wav,True,female,5,True
egypt_2_31,Egyptian,egypt_2,Egyptian\egypt_2\egypt_2_31.wav,True,male,5,True
ksa_1_244,Saudi,ksa_1,Saudi\ksa_1\ksa_1_244.wav,True,female,5,True
jordan_2_325,Jordanian,jordan_2,Jordanian\jordan_2\jordan_2_325.wav,True,female,5,True
egypt_5_46,Egyptian,egypt_5,Egyptian\egypt_5\egypt_5_46.wav,True,male,5,True
bahrain_4_266,Bahraini,bahrain_4,Bahraini\bahrain_4\bahrain_4_266.wav,True,female,5,True
egypt_2_220,Egyptian,egypt_2,Egyptian\egypt_2\egypt_2_220.wav,True,male,5,True
syria_3_127,Syrian,syria_3,Syrian\syria_3\syria_3_127.wav,True,male,5,True
iraq_5_14,Iraqi,iraq_5,Iraqi\iraq_5\iraq_5_14.wav,True,female,5,True
jordan_1_235,Jordanian,jordan_1,Jordanian\jordan_1\jordan_1_235.wav,True,male,5,True
bahrain_1_138,Bahraini,bahrain_1,Bahraini\bahrain_1\bahrain_1_138.wav,True,male,5,True
ksa_5_193,Saudi,ksa_5,Saudi\ksa_5\ksa_5_193.wav,True,male,5,True
egypt_1_232,Egyptian,egypt_1,Egyptian\egypt_1\egypt_1_232.wav,True,male,5,True
ksa_4_53,Saudi,ksa_4,Saudi\ksa_4\ksa_4_53.wav,True,male,5,True
uae_5_16,Emarati,uae_5,Emarati\uae_5\uae_5_16.wav,True,female,5,True
uae_1_250,Emarati,uae_1,Emarati\uae_1\uae_1_250.wav,True,male,5,True
ksa_2_168,Saudi,ksa_2,Saudi\ksa_2\ksa_2_168.wav,True,male,5,True
uae_1_48,Emarati,uae_1,Emarati\uae_1\uae_1_48.wav,True,male,5,True
syria_5_186,Syrian,syria_5,Syrian\syria_5\syria_5_186.wav,True,female,5,True
egypt_1_8,Egyptian,egypt_1,Egyptian\egypt_1\egypt_1_8.wav,True,male,5,True
uae_3_34,Emarati,uae_3,Emarati\uae_3\uae_3_34.wav,True,male,5,True
ksa_5_45,Saudi,ksa_5,Saudi\ksa_5\ksa_5_45.wav,True,male,5,True
iraq_5_216,Iraqi,iraq_5,Iraqi\iraq_5\iraq_5_216.wav,True,female,5,True
lebanon_2_199,Lebanese,lebanon_2,Lebanese\lebanon_2\lebanon_2_199.wav,True,male,5,True
palestine_1_112,Palestinian,palestine_1,Palestinian\palestine_1\palestine_1_112.wav,True,male,5,True
iraq_5_255,Iraqi,iraq_5,Iraqi\iraq_5\iraq_5_255.wav,True,female,5,True
egypt_1_347,Egyptian,egypt_1,Egyptian\egypt_1\egypt_1_347.wav,True,male,5,True
iraq_4_286,Iraqi,iraq_4,Iraqi\iraq_4\iraq_4_286.wav,True,female,5,True
lebanon_4_61,Lebanese,lebanon_4,Lebanese\lebanon_4\lebanon_4_61.wav,True,female,5,True
lebanon_3_141,Lebanese,lebanon_3,Lebanese\lebanon_3\lebanon_3_141.wav,True,female,5,True
bahrain_4_186,Bahraini,bahrain_4,Bahraini\bahrain_4\bahrain_4_186.wav,True,female,5,True
bahrain_5_183,Bahraini,bahrain_5,Bahraini\bahrain_5\bahrain_5_183.wav,True,female,5,True
egypt_5_193,Egyptian,egypt_5,Egyptian\egypt_5\egypt_5_193.wav,True,female,5,True
bahrain_2_78,Bahraini,bahrain_2,Bahraini\bahrain_2\bahrain_2_78.wav,True,male,5,True
palestine_2_73,Palestinian,palestine_2,Palestinian\palestine_2\palestine_2_73.wav,True,female,5,True
bahrain_5_253,Bahraini,bahrain_5,Bahraini\bahrain_5\bahrain_5_253.wav,True,female,5,True
egypt_1_24,Egyptian,egypt_1,Egyptian\egypt_1\egypt_1_24.wav,True,female,5,True
syria_2_85,Syrian,syria_2,Syrian\syria_2\syria_2_85.wav,True,male,5,True
egypt_3_317,Egyptian,egypt_3,Egyptian\egypt_3\egypt_3_317.wav,True,female,5,True
bahrain_1_301,Bahraini,bahrain_1,Bahraini\bahrain_1\bahrain_1_301.wav,True,male,5,True
bahrain_2_7,Bahraini,bahrain_2,Bahraini\bahrain_2\bahrain_2_7.wav,True,male,5,True
iraq_4_90,Iraqi,iraq_4,Iraqi\iraq_4\iraq_4_90.wav,True,female,5,True
syria_3_213,Syrian,syria_3,Syrian\syria_3\syria_3_213.wav,True,male,5,True
jorday_4_281,Jordanian,jorday_4,Jordanian\jorday_4\jorday_4_281.wav,True,female,5,True
ksa_2_162,Saudi,ksa_2,Saudi\ksa_2\ksa_2_162.wav,True,male,5,True
syria_2_325,Syrian,syria_2,Syrian\syria_2\syria_2_325.wav,True,male,5,True
ksa_5_129,Saudi,ksa_5,Saudi\ksa_5\ksa_5_129.wav,True,male,5,True
lebanon_4_19,Lebanese,lebanon_4,Lebanese\lebanon_4\lebanon_4_19.wav,True,female,5,True
syria_3_229,Syrian,syria_3,Syrian\syria_3\syria_3_229.wav,True,male,5,True
jordan_5_130,Jordanian,jordan_5,Jordanian\jordan_5\jordan_5_130.wav,True,male,5,True
palestine_4_151,Palestinian,palestine_4,Palestinian\palestine_4\palestine_4_151.wav,True,male,5,True
bahrain_5_163,Bahraini,bahrain_5,Bahraini\bahrain_5\bahrain_5_163.wav,True,female,5,True
jordan_1_3,Jordanian,jordan_1,Jordanian\jordan_1\jordan_1_3.wav,True,male,5,True
uae_5_282,Emarati,uae_5,Emarati\uae_5\uae_5_282.wav,True,female,5,True
egypt_3_62,Egyptian,egypt_3,Egyptian\egypt_3\egypt_3_62.wav,True,female,5,True
egypt_2_121,Egyptian,egypt_2,Egyptian\egypt_2\egypt_2_121.wav,True,male,5,True
ksa_4_25,Saudi,ksa_4,Saudi\ksa_4\ksa_4_25.wav,True,male,5,True
bahrain_4_276,Bahraini,bahrain_4,Bahraini\bahrain_4\bahrain_4_276.wav,True,female,5,True
uae_3_211,Emarati,uae_3,Emarati\uae_3\uae_3_211.wav,True,male,5,True
uae_2_230,Emarati,uae_2,Emarati\uae_2\uae_2_230.wav,True,female,5,True
syria_5_219,Syrian,syria_5,Syrian\syria_5\syria_5_219.wav,True,male,5,True
ksa_5_30,Saudi,ksa_5,Saudi\ksa_5\ksa_5_30.wav,True,male,5,True
lebanon_4_81,Lebanese,lebanon_4,Lebanese\lebanon_4\lebanon_4_81.wav,True,female,5,True
egypt_3_16,Egyptian,egypt_3,Egyptian\egypt_3\egypt_3_16.wav,True,female,5,True
syria_2_124,Syrian,syria_2,Syrian\syria_2\syria_2_124.wav,True,male,5,True
iraq_4_37,Iraqi,iraq_4,Iraqi\iraq_4\iraq_4_37.wav,True,female,5,True
lebanon_3_86,Lebanese,lebanon_3,Lebanese\lebanon_3\lebanon_3_86.wav,True,female,5,True
bahrain_1_256,Bahraini,bahrain_1,Bahraini\bahrain_1\bahrain_1_256.wav,True,male,5,True
bahrain_1_133,Bahraini,bahrain_1,Bahraini\bahrain_1\bahrain_1_133.wav,True,male,5,True
egypt_1_88,Egyptian,egypt_1,Egyptian\egypt_1\egypt_1_88.wav,True,male,5,True
uae_1_228,Emarati,uae_1,Emarati\uae_1\uae_1_228.wav,True,male,5,True
palestine_1_270,Palestinian,palestine_1,Palestinian\palestine_1\palestine_1_270.wav,True,male,5,True
jordan_2_339,Jordanian,jordan_2,Jordanian\jordan_2\jordan_2_339.wav,True,female,5,True
ksa_3_323,Saudi,ksa_3,Saudi\ksa_3\ksa_3_323.wav,True,female,5,True
uae_1_310,Emarati,uae_1,Emarati\uae_1\uae_1_310.wav,True,male,5,True
uae_5_192,Emarati,uae_5,Emarati\uae_5\uae_5_192.wav,True,female,5,True
syria_5_166,Syrian,syria_5,Syrian\syria_5\syria_5_166.wav,True,female,5,True
lebanon_4_86,Lebanese,lebanon_4,Lebanese\lebanon_4\lebanon_4_86.wav,True,female,5,True
bahrain_5_278,Bahraini,bahrain_5,Bahraini\bahrain_5\bahrain_5_278.wav,True,female,5,True
ksa_2_44,Saudi,ksa_2,Saudi\ksa_2\ksa_2_44.wav,True,male,5,True
uae_1_33,Emarati,uae_1,Emarati\uae_1\uae_1_33.wav,True,male,5,True
lebanon_5_157,Lebanese,lebanon_5,Lebanese\lebanon_5\lebanon_5_157.wav,True,male,5,True
ksa_3_44,Saudi,ksa_3,Saudi\ksa_3\ksa_3_44.wav,True,male,5,True
ksa_4_246,Saudi,ksa_4,Saudi\ksa_4\ksa_4_246.wav,True,male,5,True
bahrain_4_11,Bahraini,bahrain_4,Bahraini\bahrain_4\bahrain_4_11.wav,True,female,5,True
ksa_4_13,Saudi,ksa_4,Saudi\ksa_4\ksa_4_13.wav,True,male,5,True
ksa_2_104,Saudi,ksa_2,Saudi\ksa_2\ksa_2_104.wav,True,male,5,True
lebanon_3_28,Lebanese,lebanon_3,Lebanese\lebanon_3\lebanon_3_28.wav,True,female,5,True
jordan_3_348,Jordanian,jordan_3,Jordanian\jordan_3\jordan_3_348.wav,True,female,5,True
egypt_2_54,Egyptian,egypt_2,Egyptian\egypt_2\egypt_2_54.wav,True,male,5,True
bahrain_5_223,Bahraini,bahrain_5,Bahraini\bahrain_5\bahrain_5_223.wav,True,female,5,True
bahrain_3_209,Bahraini,bahrain_3,Bahraini\bahrain_3\bahrain_3_209.wav,True,male,5,True
palestine_3_64,Palestinian,palestine_3,Palestinian\palestine_3\palestine_3_64.wav,True,male,5,True
bahrain_3_186,Bahraini,bahrain_3,Bahraini\bahrain_3\bahrain_3_186.wav,True,male,5,True
ksa_2_32,Saudi,ksa_2,Saudi\ksa_2\ksa_2_32.wav,True,male,5,True
syria_3_302,Syrian,syria_3,Syrian\syria_3\syria_3_302.wav,True,male,5,True
palestine_2_192,Palestinian,palestine_2,Palestinian\palestine_2\palestine_2_192.wav,True,female,5,True
iraq_3_216,Iraqi,iraq_3,Iraqi\iraq_3\iraq_3_216.wav,True,male,5,True
jordan_2_191,Jordanian,jordan_2,Jordanian\jordan_2\jordan_2_191.wav,True,female,5,True
egypt_5_110,Egyptian,egypt_5,Egyptian\egypt_5\egypt_5_110.wav,True,male,5,True
jordan_5_342,Jordanian,jordan_5,Jordanian\jordan_5\jordan_5_342.wav,True,male,5,True
lebanon_1_246,Lebanese,lebanon_1,Lebanese\lebanon_1\lebanon_1_246.wav,True,female,5,True
iraq_2_137,Iraqi,iraq_2,Iraqi\iraq_2\iraq_2_137.wav,True,male,5,True
syria_3_118,Syrian,syria_3,Syrian\syria_3\syria_3_118.wav,True,male,5,True
iraq_1_217,Iraqi,iraq_1,Iraqi\iraq_1\iraq_1_217.wav,True,male,5,True
iraq_4_235,Iraqi,iraq_4,Iraqi\iraq_4\iraq_4_235.wav,True,female,5,True
jordan_2_218,Jordanian,jordan_2,Jordanian\jordan_2\jordan_2_218.wav,True,female,5,True
ksa_2_294,Saudi,ksa_2,Saudi\ksa_2\ksa_2_294.wav,True,male,5,True
jordan_1_133,Jordanian,jordan_1,Jordanian\jordan_1\jordan_1_133.wav,True,male,5,True
ksa_2_177,Saudi,ksa_2,Saudi\ksa_2\ksa_2_177.wav,True,male,5,True
bahrain_1_11,Bahraini,bahrain_1,Bahraini\bahrain_1\bahrain_1_11.wav,True,male,5,True
jordan_3_98,Jordanian,jordan_3,Jordanian\jordan_3\jordan_3_98.wav,True,female,5,True
palestine_1_103,Palestinian,palestine_1,Palestinian\palestine_1\palestine_1_103.wav,True,male,5,True
palestine_5_249,Palestinian,palestine_5,Palestinian\palestine_5\palestine_5_249.wav,True,female,5,True
syria_3_88,Syrian,syria_3,Syrian\syria_3\syria_3_88.wav,True,male,5,True
syria_2_188,Syrian,syria_2,Syrian\syria_2\syria_2_188.wav,True,male,5,True
ksa_5_24,Saudi,ksa_5,Saudi\ksa_5\ksa_5_24.wav,True,male,5,True
ksa_5_298,Saudi,ksa_5,Saudi\ksa_5\ksa_5_298.wav,True,male,5,True
bahrain_4_36,Bahraini,bahrain_4,Bahraini\bahrain_4\bahrain_4_36.wav,True,female,5,True
bahrain_4_128,Bahraini,bahrain_4,Bahraini\bahrain_4\bahrain_4_128.wav,True,female,5,True
egypt_4_246,Egyptian,egypt_4,Egyptian\egypt_4\egypt_4_246.wav,True,female,5,True
iraq_2_233,Iraqi,iraq_2,Iraqi\iraq_2\iraq_2_233.wav,True,male,5,True
bahrain_5_7,Bahraini,bahrain_5,Bahraini\bahrain_5\bahrain_5_7.wav,True,female,5,True
bahrain_5_316,Bahraini,bahrain_5,Bahraini\bahrain_5\bahrain_5_316.wav,True,female,5,True
uae_1_268,Emarati,uae_1,Emarati\uae_1\uae_1_268.wav,True,male,5,True
uae_3_222,Emarati,uae_3,Emarati\uae_3\uae_3_222.wav,True,male,5,True
lebanon_1_214,Lebanese,lebanon_1,Lebanese\lebanon_1\lebanon_1_214.wav,True,female,5,True
jordan_5_230,Jordanian,jordan_5,Jordanian\jordan_5\jordan_5_230.wav,True,male,5,True
ksa_1_144,Saudi,ksa_1,Saudi\ksa_1\ksa_1_144.wav,True,female,5,True
bahrain_4_152,Bahraini,bahrain_4,Bahraini\bahrain_4\bahrain_4_152.wav,True,female,5,True
jordan_1_179,Jordanian,jordan_1,Jordanian\jordan_1\jordan_1_179.wav,True,male,5,True
egypt_1_171,Egyptian,egypt_1,Egyptian\egypt_1\egypt_1_171.wav,True,male,5,True
palestine_2_11,Palestinian,palestine_2,Palestinian\palestine_2\palestine_2_11.wav,True,female,5,True
bahrain_3_214,Bahraini,bahrain_3,Bahraini\bahrain_3\bahrain_3_214.wav,True,male,5,True
lebanon_3_230,Lebanese,lebanon_3,Lebanese\lebanon_3\lebanon_3_230.wav,True,female,5,True
ksa_2_105,Saudi,ksa_2,Saudi\ksa_2\ksa_2_105.wav,True,male,5,True
lebanon_5_221,Lebanese,lebanon_5,Lebanese\lebanon_5\lebanon_5_221.wav,True,male,5,True
jordan_2_175,Jordanian,jordan_2,Jordanian\jordan_2\jordan_2_175.wav,True,female,5,True
palestine_2_8,Palestinian,palestine_2,Palestinian\palestine_2\palestine_2_8.wav,True,female,5,True
jordan_1_199,Jordanian,jordan_1,Jordanian\jordan_1\jordan_1_199.wav,True,male,5,True
syria_3_183,Syrian,syria_3,Syrian\syria_3\syria_3_183.wav,True,male,5,True
palestine_4_34,Palestinian,palestine_4,Palestinian\palestine_4\palestine_4_34.wav,True,male,5,True
egypt_5_330,Egyptian,egypt_5,Egyptian\egypt_5\egypt_5_330.wav,True,male,5,True
syria_3_256,Syrian,syria_3,Syrian\syria_3\syria_3_256.wav,True,male,5,True
palestine_3_30,Palestinian,palestine_3,Palestinian\palestine_3\palestine_3_30.wav,True,male,5,True
lebanon_4_190,Lebanese,lebanon_4,Lebanese\lebanon_4\lebanon_4_190.wav,True,female,5,True
syria_3_340,Syrian,syria_3,Syrian\syria_3\syria_3_340.wav,True,male,5,True
uae_5_339,Emarati,uae_5,Emarati\uae_5\uae_5_339.wav,True,female,5,True
ksa_3_178,Saudi,ksa_3,Saudi\ksa_3\ksa_3_178.wav,True,female,5,True
uae_5_305,Emarati,uae_5,Emarati\uae_5\uae_5_305.wav,True,female,5,True
iraq_2_9,Iraqi,iraq_2,Iraqi\iraq_2\iraq_2_9.wav,True,male,5,True
ksa_1_252,Saudi,ksa_1,Saudi\ksa_1\ksa_1_252.wav,True,female,5,True
iraq_3_37,Iraqi,iraq_3,Iraqi\iraq_3\iraq_3_37.wav,True,male,5,True
jordan_2_306,Jordanian,jordan_2,Jordanian\jordan_2\jordan_2_306.wav,True,female,5,True
egypt_5_13,Egyptian,egypt_5,Egyptian\egypt_5\egypt_5_13.wav,True,male,5,True
bahrain_2_62,Bahraini,bahrain_2,Bahraini\bahrain_2\bahrain_2_62.wav,True,male,5,True
egypt_4_254,Egyptian,egypt_4,Egyptian\egypt_4\egypt_4_254.wav,True,female,5,True
jordan_5_276,Jordanian,jordan_5,Jordanian\jordan_5\jordan_5_276.wav,True,male,5,True
uae_4_225,Emarati,uae_4,Emarati\uae_4\uae_4_225.wav,True,male,5,True
lebanon_4_20,Lebanese,lebanon_4,Lebanese\lebanon_4\lebanon_4_20.wav,True,female,5,True
jordan_1_172,Jordanian,jordan_1,Jordanian\jordan_1\jordan_1_172.wav,True,male,5,True
palestine_4_26,Palestinian,palestine_4,Palestinian\palestine_4\palestine_4_26.wav,True,male,5,True
syria_3_277,Syrian,syria_3,Syrian\syria_3\syria_3_277.wav,True,male,5,True
bahrain_5_152,Bahraini,bahrain_5,Bahraini\bahrain_5\bahrain_5_152.wav,True,female,5,True
ksa_4_308,Saudi,ksa_4,Saudi\ksa_4\ksa_4_308.wav,True,male,5,True
bahrain_2_145,Bahraini,bahrain_2,Bahraini\bahrain_2\bahrain_2_145.wav,True,male,5,True
lebanon_5_213,Lebanese,lebanon_5,Lebanese\lebanon_5\lebanon_5_213.wav,True,male,5,True
uae_3_99,Emarati,uae_3,Emarati\uae_3\uae_3_99.wav,True,male,5,True
jordan_5_203,Jordanian,jordan_5,Jordanian\jordan_5\jordan_5_203.wav,True,male,5,True
syria_5_144,Syrian,syria_5,Syrian\syria_5\syria_5_144.wav,True,female,5,True
iraq_3_9,Iraqi,iraq_3,Iraqi\iraq_3\iraq_3_9.wav,True,male,5,True
syria_3_177,Syrian,syria_3,Syrian\syria_3\syria_3_177.wav,True,male,5,True
bahrain_3_56,Bahraini,bahrain_3,Bahraini\bahrain_3\bahrain_3_56.wav,True,male,5,True
bahrain_1_353,Bahraini,bahrain_1,Bahraini\bahrain_1\bahrain_1_353.wav,True,male,5,True
ksa_2_46,Saudi,ksa_2,Saudi\ksa_2\ksa_2_46.wav,True,male,5,True
lebanon_2_209,Lebanese,lebanon_2,Lebanese\lebanon_2\lebanon_2_209.wav,True,male,5,True
lebanon_1_47,Lebanese,lebanon_1,Lebanese\lebanon_1\lebanon_1_47.wav,True,female,5,True
palestine_5_222,Palestinian,palestine_5,Palestinian\palestine_5\palestine_5_222.wav,True,female,5,True
iraq_3_36,Iraqi,iraq_3,Iraqi\iraq_3\iraq_3_36.wav,True,male,5,True
lebanon_5_73,Lebanese,lebanon_5,Lebanese\lebanon_5\lebanon_5_73.wav,True,male,5,True
palestine_4_182,Palestinian,palestine_4,Palestinian\palestine_4\palestine_4_182.wav,True,male,5,True
bahrain_1_114,Bahraini,bahrain_1,Bahraini\bahrain_1\bahrain_1_114.wav,True,male,5,True
ksa_2_109,Saudi,ksa_2,Saudi\ksa_2\ksa_2_109.wav,True,male,5,True
jordan_2_89,Jordanian,jordan_2,Jordanian\jordan_2\jordan_2_89.wav,True,female,5,True
ksa_2_100,Saudi,ksa_2,Saudi\ksa_2\ksa_2_100.wav,True,male,5,True
bahrain_1_123,Bahraini,bahrain_1,Bahraini\bahrain_1\bahrain_1_123.wav,True,male,5,True
palestine_5_22,Palestinian,palestine_5,Palestinian\palestine_5\palestine_5_22.wav,True,female,5,True
iraq_4_167,Iraqi,iraq_4,Iraqi\iraq_4\iraq_4_167.wav,True,female,5,True
bahrain_5_357,Bahraini,bahrain_5,Bahraini\bahrain_5\bahrain_5_357.wav,True,female,5,True
egypt_1_355,Egyptian,egypt_1,Egyptian\egypt_1\egypt_1_355.wav,True,male,5,True
jordan_1_191,Jordanian,jordan_1,Jordanian\jordan_1\jordan_1_191.wav,True,male,5,True
lebanon_2_223,Lebanese,lebanon_2,Lebanese\lebanon_2\lebanon_2_223.wav,True,male,5,True
ksa_5_121,Saudi,ksa_5,Saudi\ksa_5\ksa_5_121.wav,True,male,5,True
lebanon_5_113,Lebanese,lebanon_5,Lebanese\lebanon_5\lebanon_5_113.wav,True,male,5,True
iraq_4_329,Iraqi,iraq_4,Iraqi\iraq_4\iraq_4_329.wav,True,female,5,True
jordan_2_326,Jordanian,jordan_2,Jordanian\jordan_2\jordan_2_326.wav,True,female,5,True
uae_1_166,Emarati,uae_1,Emarati\uae_1\uae_1_166.wav,True,male,5,True
lebanon_2_316,Lebanese,lebanon_2,Lebanese\lebanon_2\lebanon_2_316.wav,True,male,5,True
iraq_4_71,Iraqi,iraq_4,Iraqi\iraq_4\iraq_4_71.wav,True,female,5,True
palestine_5_40,Palestinian,palestine_5,Palestinian\palestine_5\palestine_5_40.wav,True,female,5,True
egypt_4_61,Egyptian,egypt_4,Egyptian\egypt_4\egypt_4_61.wav,True,female,5,True
iraq_1_253,Iraqi,iraq_1,Iraqi\iraq_1\iraq_1_253.wav,True,male,5,True
palestine_3_343,Palestinian,palestine_3,Palestinian\palestine_3\palestine_3_343.wav,True,male,5,True
uae_3_262,Emarati,uae_3,Emarati\uae_3\uae_3_262.wav,True,male,5,True
palestine_3_158,Palestinian,palestine_3,Palestinian\palestine_3\palestine_3_158.wav,True,male,5,True
lebanon_4_222,Lebanese,lebanon_4,Lebanese\lebanon_4\lebanon_4_222.wav,True,female,5,True
jordan_3_344,Jordanian,jordan_3,Jordanian\jordan_3\jordan_3_344.wav,True,male,5,True
syria_5_62,Syrian,syria_5,Syrian\syria_5\syria_5_62.wav,True,female,5,True
bahrain_1_317,Bahraini,bahrain_1,Bahraini\bahrain_1\bahrain_1_317.wav,True,male,5,True
palestine_2_65,Palestinian,palestine_2,Palestinian\palestine_2\palestine_2_65.wav,True,female,5,True
lebanon_5_296,Lebanese,lebanon_5,Lebanese\lebanon_5\lebanon_5_296.wav,True,male,5,True
iraq_3_181,Iraqi,iraq_3,Iraqi\iraq_3\iraq_3_181.wav,True,male,5,True
uae_5_250,Emarati,uae_5,Emarati\uae_5\uae_5_250.wav,True,female,5,True
ksa_2_318,Saudi,ksa_2,Saudi\ksa_2\ksa_2_318.wav,True,male,5,True
lebanon_5_321,Lebanese,lebanon_5,Lebanese\lebanon_5\lebanon_5_321.wav,True,male,5,True
egypt_4_152,Egyptian,egypt_4,Egyptian\egypt_4\egypt_4_152.wav,True,female,5,True
syria_3_66,Syrian,syria_3,Syrian\syria_3\syria_3_66.wav,True,male,5,True
lebanon_5_174,Lebanese,lebanon_5,Lebanese\lebanon_5\lebanon_5_174.wav,True,male,5,True
egypt_4_324,Egyptian,egypt_4,Egyptian\egypt_4\egypt_4_324.wav,True,female,5,True
jordan_1_23,Jordanian,jordan_1,Jordanian\jordan_1\jordan_1_23.wav,True,male,5,True
lebanon_3_90,Lebanese,lebanon_3,Lebanese\lebanon_3\lebanon_3_90.wav,True,female,5,True
egypt_1_240,Egyptian,egypt_1,Egyptian\egypt_1\egypt_1_240.wav,True,male,5,True
lebanon_3_346,Lebanese,lebanon_3,Lebanese\lebanon_3\lebanon_3_346.wav,True,female,5,True
egypt_5_225,Egyptian,egypt_5,Egyptian\egypt_5\egypt_5_225.wav,True,male,5,True
syria_3_202,Syrian,syria_3,Syrian\syria_3\syria_3_202.wav,True,male,5,True
ksa_1_198,Saudi,ksa_1,Saudi\ksa_1\ksa_1_198.wav,True,female,5,True
lebanon_5_70,Lebanese,lebanon_5,Lebanese\lebanon_5\lebanon_5_70.wav,True,male,5,True
jordan_1_132,Jordanian,jordan_1,Jordanian\jordan_1\jordan_1_132.wav,True,male,5,True
bahrain_1_67,Bahraini,bahrain_1,Bahraini\bahrain_1\bahrain_1_67.wav,True,male,5,True
syria_4_109,Syrian,syria_4,Syrian\syria_4\syria_4_109.wav,True,female,5,True
jordan_2_266,Jordanian,jordan_2,Jordanian\jordan_2\jordan_2_266.wav,True,female,5,True
egypt_2_344,Egyptian,egypt_2,Egyptian\egypt_2\egypt_2_344.wav,True,male,5,True
uae_3_250,Emarati,uae_3,Emarati\uae_3\uae_3_250.wav,True,male,5,True
palestine_3_82,Palestinian,palestine_3,Palestinian\palestine_3\palestine_3_82.wav,True,male,5,True
ksa_1_96,Saudi,ksa_1,Saudi\ksa_1\ksa_1_96.wav,True,female,5,True
iraq_2_315,Iraqi,iraq_2,Iraqi\iraq_2\iraq_2_315.wav,True,male,5,True
uae_1_189,Emarati,uae_1,Emarati\uae_1\uae_1_189.wav,True,male,5,True
jordan_1_353,Jordanian,jordan_1,Jordanian\jordan_1\jordan_1_353.wav,True,male,5,True
palestine_1_3,Palestinian,palestine_1,Palestinian\palestine_1\palestine_1_3.wav,True,male,5,True
iraq_3_76,Iraqi,iraq_3,Iraqi\iraq_3\iraq_3_76.wav,True,male,5,True
lebanon_5_180,Lebanese,lebanon_5,Lebanese\lebanon_5\lebanon_5_180.wav,True,male,5,True
egypt_3_63,Egyptian,egypt_3,Egyptian\egypt_3\egypt_3_63.wav,True,female,5,True
uae_1_256,Emarati,uae_1,Emarati\uae_1\uae_1_256.wav,True,male,5,True
lebanon_1_243,Lebanese,lebanon_1,Lebanese\lebanon_1\lebanon_1_243.wav,True,female,5,True
bahrain_4_296,Bahraini,bahrain_4,Bahraini\bahrain_4\bahrain_4_296.wav,True,female,5,True
jordan_3_118,Jordanian,jordan_3,Jordanian\jordan_3\jordan_3_118.wav,True,female,5,True
uae_3_253,Emarati,uae_3,Emarati\uae_3\uae_3_253.wav,True,male,5,True
egypt_3_252,Egyptian,egypt_3,Egyptian\egypt_3\egypt_3_252.wav,True,female,5,True
syria_4_74,Syrian,syria_4,Syrian\syria_4\syria_4_74.wav,True,female,5,True
ksa_3_174,Saudi,ksa_3,Saudi\ksa_3\ksa_3_174.wav,True,female,5,True
lebanon_4_208,Lebanese,lebanon_4,Lebanese\lebanon_4\lebanon_4_208.wav,True,female,5,True
uae_5_340,Emarati,uae_5,Emarati\uae_5\uae_5_340.wav,True,female,5,True
egypt_4_340,Egyptian,egypt_4,Egyptian\egypt_4\egypt_4_340.wav,True,female,5,True
jordan_3_293,Jordanian,jordan_3,Jordanian\jordan_3\jordan_3_293.wav,True,male,5,True
egypt_1_41,Egyptian,egypt_1,Egyptian\egypt_1\egypt_1_41.wav,True,male,5,True
lebanon_5_242,Lebanese,lebanon_5,Lebanese\lebanon_5\lebanon_5_242.wav,True,male,5,True
uae_1_58,Emarati,uae_1,Emarati\uae_1\uae_1_58.wav,True,male,5,True
jordan_2_276,Jordanian,jordan_2,Jordanian\jordan_2\jordan_2_276.wav,True,female,5,True
syria_5_26,Syrian,syria_5,Syrian\syria_5\syria_5_26.wav,True,female,5,True
egypt_1_243,Egyptian,egypt_1,Egyptian\egypt_1\egypt_1_243.wav,True,male,5,True
jordan_1_36,Jordanian,jordan_1,Jordanian\jordan_1\jordan_1_36.wav,True,male,5,True
ksa_5_311,Saudi,ksa_5,Saudi\ksa_5\ksa_5_311.wav,True,male,5,True
palestine_2_177,Palestinian,palestine_2,Palestinian\palestine_2\palestine_2_177.wav,True,female,5,True
bahrain_5_3,Bahraini,bahrain_5,Bahraini\bahrain_5\bahrain_5_3.wav,True,female,5,True
egypt_3_307,Egyptian,egypt_3,Egyptian\egypt_3\egypt_3_307.wav,True,female,5,True
bahrain_3_94,Bahraini,bahrain_3,Bahraini\bahrain_3\bahrain_3_94.wav,True,male,5,True
palestine_1_307,Palestinian,palestine_1,Palestinian\palestine_1\palestine_1_307.wav,True,male,5,True
iraq_5_316,Iraqi,iraq_5,Iraqi\iraq_5\iraq_5_316.wav,True,female,5,True
uae_3_45,Emarati,uae_3,Emarati\uae_3\uae_3_45.wav,True,male,5,True
iraq_1_255,Iraqi,iraq_1,Iraqi\iraq_1\iraq_1_255.wav,True,male,5,True
bahrain_3_166,Bahraini,bahrain_3,Bahraini\bahrain_3\bahrain_3_166.wav,True,male,5,True
lebanon_1_309,Lebanese,lebanon_1,Lebanese\lebanon_1\lebanon_1_309.wav,True,female,5,True
bahrain_3_125,Bahraini,bahrain_3,Bahraini\bahrain_3\bahrain_3_125.wav,True,male,5,True
egypt_5_91,Egyptian,egypt_5,Egyptian\egypt_5\egypt_5_91.wav,True,male,5,True
uae_2_315,Emarati,uae_2,Emarati\uae_2\uae_2_315.wav,True,female,5,True
lebanon_5_58,Lebanese,lebanon_5,Lebanese\lebanon_5\lebanon_5_58.wav,True,male,5,True
uae_2_31,Emarati,uae_2,Emarati\uae_2\uae_2_31.wav,True,female,5,True
uae_4_144,Emarati,uae_4,Emarati\uae_4\uae_4_144.wav,True,male,5,True
jordan_1_161,Jordanian,jordan_1,Jordanian\jordan_1\jordan_1_161.wav,True,male,5,True
ksa_5_206,Saudi,ksa_5,Saudi\ksa_5\ksa_5_206.wav,True,male,5,True
uae_1_334,Emarati,uae_1,Emarati\uae_1\uae_1_334.wav,True,male,5,True
jordan_5_115,Jordanian,jordan_5,Jordanian\jordan_5\jordan_5_115.wav,True,male,5,True
uae_3_333,Emarati,uae_3,Emarati\uae_3\uae_3_333.wav,True,male,5,True
egypt_2_159,Egyptian,egypt_2,Egyptian\egypt_2\egypt_2_159.wav,True,male,5,True
ksa_5_13,Saudi,ksa_5,Saudi\ksa_5\ksa_5_13.wav,True,male,5,True
syria_1_27,Syrian,syria_1,Syrian\syria_1\syria_1_27.wav,True,female,5,True
palestine_5_324,Palestinian,palestine_5,Palestinian\palestine_5\palestine_5_324.wav,True,female,5,True
syria_2_204,Syrian,syria_2,Syrian\syria_2\syria_2_204.wav,True,male,5,True
bahrain_1_183,Bahraini,bahrain_1,Bahraini\bahrain_1\bahrain_1_183.wav,True,male,5,True
iraq_3_262,Iraqi,iraq_3,Iraqi\iraq_3\iraq_3_262.wav,True,male,5,True
egypt_5_347,Egyptian,egypt_5,Egyptian\egypt_5\egypt_5_347.wav,True,male,5,True
uae_2_175,Emarati,uae_2,Emarati\uae_2\uae_2_175.wav,True,male,5,True
lebanon_2_159,Lebanese,lebanon_2,Lebanese\lebanon_2\lebanon_2_159.wav,True,male,5,True
egypt_4_137,Egyptian,egypt_4,Egyptian\egypt_4\egypt_4_137.wav,True,female,5,True
lebanon_2_272,Lebanese,lebanon_2,Lebanese\lebanon_2\lebanon_2_272.wav,True,male,5,True
syria_2_206,Syrian,syria_2,Syrian\syria_2\syria_2_206.wav,True,male,5,True
syria_3_126,Syrian,syria_3,Syrian\syria_3\syria_3_126.wav,True,male,5,True
jordan_3_87,Jordanian,jordan_3,Jordanian\jordan_3\jordan_3_87.wav,True,male,5,True
palestine_4_347,Palestinian,palestine_4,Palestinian\palestine_4\palestine_4_347.wav,True,male,5,True
syria_4_39,Syrian,syria_4,Syrian\syria_4\syria_4_39.wav,True,female,5,True
lebanon_3_247,Lebanese,lebanon_3,Lebanese\lebanon_3\lebanon_3_247.wav,True,female,5,True
egypt_3_299,Egyptian,egypt_3,Egyptian\egypt_3\egypt_3_299.wav,True,female,5,True
jordan_1_315,Jordanian,jordan_1,Jordanian\jordan_1\jordan_1_315.wav,True,male,5,True
syria_3_234,Syrian,syria_3,Syrian\syria_3\syria_3_234.wav,True,male,5,True
bahrain_5_76,Bahraini,bahrain_5,Bahraini\bahrain_5\bahrain_5_76.wav,True,female,5,True
bahrain_5_59,Bahraini,bahrain_5,Bahraini\bahrain_5\bahrain_5_59.wav,True,female,5,True
syria_3_159,Syrian,syria_3,Syrian\syria_3\syria_3_159.wav,True,male,5,True
jordan_2_219,Jordanian,jordan_2,Jordanian\jordan_2\jordan_2_219.wav,True,female,5,True
syria_5_185,Syrian,syria_5,Syrian\syria_5\syria_5_185.wav,True,female,5,True
syria_2_306,Syrian,syria_2,Syrian\syria_2\syria_2_306.wav,True,male,5,True
jordan_2_215,Jordanian,jordan_2,Jordanian\jordan_2\jordan_2_215.wav,True,female,5,True
uae_1_32,Emarati,uae_1,Emarati\uae_1\uae_1_32.wav,True,male,5,True
bahrain_3_60,Bahraini,bahrain_3,Bahraini\bahrain_3\bahrain_3_60.wav,True,male,5,True
lebanon_4_298,Lebanese,lebanon_4,Lebanese\lebanon_4\lebanon_4_298.wav,True,female,5,True
egypt_3_203,Egyptian,egypt_3,Egyptian\egypt_3\egypt_3_203.wav,True,female,5,True
syria_2_116,Syrian,syria_2,Syrian\syria_2\syria_2_116.wav,True,male,5,True
jorday_4_296,Jordanian,jorday_4,Jordanian\jorday_4\jorday_4_296.wav,True,female,5,True
syria_5_128,Syrian,syria_5,Syrian\syria_5\syria_5_128.wav,True,female,5,True
bahrain_4_277,Bahraini,bahrain_4,Bahraini\bahrain_4\bahrain_4_277.wav,True,female,5,True
jordan_1_337,Jordanian,jordan_1,Jordanian\jordan_1\jordan_1_337.wav,True,male,5,True
egypt_5_285,Egyptian,egypt_5,Egyptian\egypt_5\egypt_5_285.wav,True,male,5,True
bahrain_4_142,Bahraini,bahrain_4,Bahraini\bahrain_4\bahrain_4_142.wav,True,female,5,True
iraq_5_154,Iraqi,iraq_5,Iraqi\iraq_5\iraq_5_154.wav,True,female,5,True
uae_2_162,Emarati,uae_2,Emarati\uae_2\uae_2_162.wav,True,female,5,True
iraq_2_202,Iraqi,iraq_2,Iraqi\iraq_2\iraq_2_202.wav,True,male,5,True
bahrain_2_104,Bahraini,bahrain_2,Bahraini\bahrain_2\bahrain_2_104.wav,True,male,5,True
bahrain_1_347,Bahraini,bahrain_1,Bahraini\bahrain_1\bahrain_1_347.wav,True,male,5,True
palestine_2_169,Palestinian,palestine_2,Palestinian\palestine_2\palestine_2_169.wav,True,female,5,True
iraq_2_6,Iraqi,iraq_2,Iraqi\iraq_2\iraq_2_6.wav,True,male,5,True
palestine_2_197,Palestinian,palestine_2,Palestinian\palestine_2\palestine_2_197.wav,True,female,5,True
egypt_5_66,Egyptian,egypt_5,Egyptian\egypt_5\egypt_5_66.wav,True,male,5,True
iraq_4_156,Iraqi,iraq_4,Iraqi\iraq_4\iraq_4_156.wav,True,female,5,True
lebanon_3_221,Lebanese,lebanon_3,Lebanese\lebanon_3\lebanon_3_221.wav,True,female,5,True
egypt_3_266,Egyptian,egypt_3,Egyptian\egypt_3\egypt_3_266.wav,True,female,5,True
syria_5_184,Syrian,syria_5,Syrian\syria_5\syria_5_184.wav,True,female,5,True
palestine_2_31,Palestinian,palestine_2,Palestinian\palestine_2\palestine_2_31.wav,True,female,5,True
bahrain_5_266,Bahraini,bahrain_5,Bahraini\bahrain_5\bahrain_5_266.wav,True,female,5,True
uae_2_167,Emarati,uae_2,Emarati\uae_2\uae_2_167.wav,True,female,5,True
egypt_3_166,Egyptian,egypt_3,Egyptian\egypt_3\egypt_3_166.wav,True,female,5,True
uae_5_328,Emarati,uae_5,Emarati\uae_5\uae_5_328.wav,True,female,5,True
lebanon_1_63,Lebanese,lebanon_1,Lebanese\lebanon_1\lebanon_1_63.wav,True,female,5,True
egypt_4_272,Egyptian,egypt_4,Egyptian\egypt_4\egypt_4_272.wav,True,female,5,True
lebanon_5_322,Lebanese,lebanon_5,Lebanese\lebanon_5\lebanon_5_322.wav,True,male,5,True
palestine_2_125,Palestinian,palestine_2,Palestinian\palestine_2\palestine_2_125.wav,True,female,5,True
iraq_2_162,Iraqi,iraq_2,Iraqi\iraq_2\iraq_2_162.wav,True,male,5,True
syria_3_319,Syrian,syria_3,Syrian\syria_3\syria_3_319.wav,True,male,5,True
egypt_2_339,Egyptian,egypt_2,Egyptian\egypt_2\egypt_2_339.wav,True,male,5,True
lebanon_5_310,Lebanese,lebanon_5,Lebanese\lebanon_5\lebanon_5_310.wav,True,male,5,True
palestine_1_248,Palestinian,palestine_1,Palestinian\palestine_1\palestine_1_248.wav,True,male,5,True
lebanon_5_93,Lebanese,lebanon_5,Lebanese\lebanon_5\lebanon_5_93.wav,True,male,5,True
uae_4_181,Emarati,uae_4,Emarati\uae_4\uae_4_181.wav,True,male,5,True
uae_3_277,Emarati,uae_3,Emarati\uae_3\uae_3_277.wav,True,male,5,True
egypt_3_41,Egyptian,egypt_3,Egyptian\egypt_3\egypt_3_41.wav,True,female,5,True
jordan_2_200,Jordanian,jordan_2,Jordanian\jordan_2\jordan_2_200.wav,True,female,5,True
syria_4_180,Syrian,syria_4,Syrian\syria_4\syria_4_180.wav,True,female,5,True
ksa_4_302,Saudi,ksa_4,Saudi\ksa_4\ksa_4_302.wav,True,male,5,True
iraq_4_274,Iraqi,iraq_4,Iraqi\iraq_4\iraq_4_274.wav,True,female,5,True
ksa_2_314,Saudi,ksa_2,Saudi\ksa_2\ksa_2_314.wav,True,male,5,True
bahrain_1_117,Bahraini,bahrain_1,Bahraini\bahrain_1\bahrain_1_117.wav,True,male,5,True
egypt_1_28,Egyptian,egypt_1,Egyptian\egypt_1\egypt_1_28.wav,True,male,5,True
jordan_1_182,Jordanian,jordan_1,Jordanian\jordan_1\jordan_1_182.wav,True,male,5,True
bahrain_4_126,Bahraini,bahrain_4,Bahraini\bahrain_4\bahrain_4_126.wav,True,female,5,True
syria_2_139,Syrian,syria_2,Syrian\syria_2\syria_2_139.wav,True,male,5,True
palestine_3_71,Palestinian,palestine_3,Palestinian\palestine_3\palestine_3_71.wav,True,male,5,True
ksa_5_161,Saudi,ksa_5,Saudi\ksa_5\ksa_5_161.wav,True,male,5,True
jordan_5_268,Jordanian,jordan_5,Jordanian\jordan_5\jordan_5_268.wav,True,male,5,True
egypt_4_240,Egyptian,egypt_4,Egyptian\egypt_4\egypt_4_240.wav,True,female,5,True
iraq_2_81,Iraqi,iraq_2,Iraqi\iraq_2\iraq_2_81.wav,True,male,5,True
ksa_1_341,Saudi,ksa_1,Saudi\ksa_1\ksa_1_341.wav,True,female,5,True
jorday_4_253,Jordanian,jorday_4,Jordanian\jorday_4\jorday_4_253.wav,True,female,5,True
uae_1_343,Emarati,uae_1,Emarati\uae_1\uae_1_343.wav,True,male,5,True
egypt_3_249,Egyptian,egypt_3,Egyptian\egypt_3\egypt_3_249.wav,True,female,5,True
palestine_4_202,Palestinian,palestine_4,Palestinian\palestine_4\palestine_4_202.wav,True,male,5,True
palestine_1_235,Palestinian,palestine_1,Palestinian\palestine_1\palestine_1_235.wav,True,male,5,True
ksa_3_145,Saudi,ksa_3,Saudi\ksa_3\ksa_3_145.wav,True,female,5,True
bahrain_4_40,Bahraini,bahrain_4,Bahraini\bahrain_4\bahrain_4_40.wav,True,female,5,True
iraq_2_329,Iraqi,iraq_2,Iraqi\iraq_2\iraq_2_329.wav,True,male,5,True
lebanon_3_276,Lebanese,lebanon_3,Lebanese\lebanon_3\lebanon_3_276.wav,True,female,5,True
bahrain_2_29,Bahraini,bahrain_2,Bahraini\bahrain_2\bahrain_2_29.wav,True,male,5,True
bahrain_1_65,Bahraini,bahrain_1,Bahraini\bahrain_1\bahrain_1_65.wav,True,male,5,True
palestine_1_134,Palestinian,palestine_1,Palestinian\palestine_1\palestine_1_134.wav,True,male,5,True
palestine_4_30,Palestinian,palestine_4,Palestinian\palestine_4\palestine_4_30.wav,True,male,5,True
syria_2_19,Syrian,syria_2,Syrian\syria_2\syria_2_19.wav,True,male,5,True
lebanon_1_340,Lebanese,lebanon_1,Lebanese\lebanon_1\lebanon_1_340.wav,True,female,5,True
egypt_4_114,Egyptian,egypt_4,Egyptian\egypt_4\egypt_4_114.wav,True,female,5,True
palestine_5_252,Palestinian,palestine_5,Palestinian\palestine_5\palestine_5_252.wav,True,female,5,True
bahrain_5_138,Bahraini,bahrain_5,Bahraini\bahrain_5\bahrain_5_138.wav,True,female,5,True
ksa_4_263,Saudi,ksa_4,Saudi\ksa_4\ksa_4_263.wav,True,male,5,True
lebanon_5_46,Lebanese,lebanon_5,Lebanese\lebanon_5\lebanon_5_46.wav,True,male,5,True
iraq_5_102,Iraqi,iraq_5,Iraqi\iraq_5\iraq_5_102.wav,True,female,5,True
uae_5_205,Emarati,uae_5,Emarati\uae_5\uae_5_205.wav,True,female,5,True
bahrain_5_256,Bahraini,bahrain_5,Bahraini\bahrain_5\bahrain_5_256.wav,True,female,5,True
egypt_3_216,Egyptian,egypt_3,Egyptian\egypt_3\egypt_3_216.wav,True,female,5,True
lebanon_3_32,Lebanese,lebanon_3,Lebanese\lebanon_3\lebanon_3_32.wav,True,female,5,True
ksa_1_75,Saudi,ksa_1,Saudi\ksa_1\ksa_1_75.wav,True,female,5,True
bahrain_2_13,Bahraini,bahrain_2,Bahraini\bahrain_2\bahrain_2_13.wav,True,male,5,True
syria_5_23,Syrian,syria_5,Syrian\syria_5\syria_5_23.wav,True,female,5,True
ksa_1_328,Saudi,ksa_1,Saudi\ksa_1\ksa_1_328.wav,True,female,5,True
bahrain_1_131,Bahraini,bahrain_1,Bahraini\bahrain_1\bahrain_1_131.wav,True,male,5,True
iraq_1_124,Iraqi,iraq_1,Iraqi\iraq_1\iraq_1_124.wav,True,male,5,True
palestine_4_291,Palestinian,palestine_4,Palestinian\palestine_4\palestine_4_291.wav,True,male,5,True
jordan_5_59,Jordanian,jordan_5,Jordanian\jordan_5\jordan_5_59.wav,True,male,5,True
lebanon_1_269,Lebanese,lebanon_1,Lebanese\lebanon_1\lebanon_1_269.wav,True,female,5,True
syria_3_72,Syrian,syria_3,Syrian\syria_3\syria_3_72.wav,True,male,5,True
palestine_1_28,Palestinian,palestine_1,Palestinian\palestine_1\palestine_1_28.wav,True,male,5,True
jordan_1_345,Jordanian,jordan_1,Jordanian\jordan_1\jordan_1_345.wav,True,male,5,True
syria_3_191,Syrian,syria_3,Syrian\syria_3\syria_3_191.wav,True,male,5,True
ksa_5_142,Saudi,ksa_5,Saudi\ksa_5\ksa_5_142.wav,True,male,5,True
jordan_3_182,Jordanian,jordan_3,Jordanian\jordan_3\jordan_3_182.wav,True,male,5,True
egypt_1_284,Egyptian,egypt_1,Egyptian\egypt_1\egypt_1_284.wav,True,male,5,True
egypt_4_37,Egyptian,egypt_4,Egyptian\egypt_4\egypt_4_37.wav,True,female,5,True
iraq_4_104,Iraqi,iraq_4,Iraqi\iraq_4\iraq_4_104.wav,True,female,5,True
bahrain_5_327,Bahraini,bahrain_5,Bahraini\bahrain_5\bahrain_5_327.wav,True,female,5,True
lebanon_5_31,Lebanese,lebanon_5,Lebanese\lebanon_5\lebanon_5_31.wav,True,male,5,True
egypt_4_84,Egyptian,egypt_4,Egyptian\egypt_4\egypt_4_84.wav,True,female,5,True
ksa_5_294,Saudi,ksa_5,Saudi\ksa_5\ksa_5_294.wav,True,male,5,True
iraq_2_41,Iraqi,iraq_2,Iraqi\iraq_2\iraq_2_41.wav,True,male,5,True
uae_2_205,Emarati,uae_2,Emarati\uae_2\uae_2_205.wav,True,female,5,True
bahrain_1_221,Bahraini,bahrain_1,Bahraini\bahrain_1\bahrain_1_221.wav,True,male,5,True
egypt_5_82,Egyptian,egypt_5,Egyptian\egypt_5\egypt_5_82.wav,True,female,5,True
palestine_3_252,Palestinian,palestine_3,Palestinian\palestine_3\palestine_3_252.wav,True,male,5,True
lebanon_1_244,Lebanese,lebanon_1,Lebanese\lebanon_1\lebanon_1_244.wav,True,female,5,True
lebanon_1_215,Lebanese,lebanon_1,Lebanese\lebanon_1\lebanon_1_215.wav,True,female,5,True
lebanon_2_49,Lebanese,lebanon_2,Lebanese\lebanon_2\lebanon_2_49.wav,True,male,5,True
palestine_4_80,Palestinian,palestine_4,Palestinian\palestine_4\palestine_4_80.wav,True,male,5,True
egypt_1_213,Egyptian,egypt_1,Egyptian\egypt_1\egypt_1_213.wav,True,male,5,True
lebanon_1_166,Lebanese,lebanon_1,Lebanese\lebanon_1\lebanon_1_166.wav,True,female,5,True
bahrain_5_81,Bahraini,bahrain_5,Bahraini\bahrain_5\bahrain_5_81.wav,True,female,5,True
uae_2_131,Emarati,uae_2,Emarati\uae_2\uae_2_131.wav,True,male,5,True
uae_1_255,Emarati,uae_1,Emarati\uae_1\uae_1_255.wav,True,male,5,True
jordan_2_268,Jordanian,jordan_2,Jordanian\jordan_2\jordan_2_268.wav,True,female,5,True
ksa_2_259,Saudi,ksa_2,Saudi\ksa_2\ksa_2_259.wav,True,male,5,True
ksa_3_237,Saudi,ksa_3,Saudi\ksa_3\ksa_3_237.wav,True,female,5,True
ksa_4_68,Saudi,ksa_4,Saudi\ksa_4\ksa_4_68.wav,True,male,5,True
iraq_3_110,Iraqi,iraq_3,Iraqi\iraq_3\iraq_3_110.wav,True,male,5,True
ksa_3_194,Saudi,ksa_3,Saudi\ksa_3\ksa_3_194.wav,True,female,5,True
uae_4_89,Emarati,uae_4,Emarati\uae_4\uae_4_89.wav,True,male,5,True
egypt_1_313,Egyptian,egypt_1,Egyptian\egypt_1\egypt_1_313.wav,True,male,5,True
bahrain_3_18,Bahraini,bahrain_3,Bahraini\bahrain_3\bahrain_3_18.wav,True,male,5,True
ksa_3_176,Saudi,ksa_3,Saudi\ksa_3\ksa_3_176.wav,True,female,5,True
syria_2_348,Syrian,syria_2,Syrian\syria_2\syria_2_348.wav,True,male,5,True
syria_4_84,Syrian,syria_4,Syrian\syria_4\syria_4_84.wav,True,female,5,True
egypt_4_278,Egyptian,egypt_4,Egyptian\egypt_4\egypt_4_278.wav,True,female,5,True
iraq_1_32,Iraqi,iraq_1,Iraqi\iraq_1\iraq_1_32.wav,True,male,5,True
egypt_1_292,Egyptian,egypt_1,Egyptian\egypt_1\egypt_1_292.wav,True,male,5,True
uae_4_57,Emarati,uae_4,Emarati\uae_4\uae_4_57.wav,True,male,5,True
iraq_5_144,Iraqi,iraq_5,Iraqi\iraq_5\iraq_5_144.wav,True,female,5,True
jordan_2_335,Jordanian,jordan_2,Jordanian\jordan_2\jordan_2_335.wav,True,male,5,True
bahrain_2_107,Bahraini,bahrain_2,Bahraini\bahrain_2\bahrain_2_107.wav,True,male,5,True
syria_2_118,Syrian,syria_2,Syrian\syria_2\syria_2_118.wav,True,male,5,True
bahrain_5_105,Bahraini,bahrain_5,Bahraini\bahrain_5\bahrain_5_105.wav,True,female,5,True
syria_3_29,Syrian,syria_3,Syrian\syria_3\syria_3_29.wav,True,male,5,True
ksa_1_308,Saudi,ksa_1,Saudi\ksa_1\ksa_1_308.wav,True,female,5,True
lebanon_1_80,Lebanese,lebanon_1,Lebanese\lebanon_1\lebanon_1_80.wav,True,female,5,True
iraq_3_126,Iraqi,iraq_3,Iraqi\iraq_3\iraq_3_126.wav,True,male,5,True
bahrain_4_77,Bahraini,bahrain_4,Bahraini\bahrain_4\bahrain_4_77.wav,True,female,5,True
iraq_4_82,Iraqi,iraq_4,Iraqi\iraq_4\iraq_4_82.wav,True,female,5,True
bahrain_4_245,Bahraini,bahrain_4,Bahraini\bahrain_4\bahrain_4_245.wav,True,female,5,True
uae_1_50,Emarati,uae_1,Emarati\uae_1\uae_1_50.wav,True,male,5,True
uae_5_189,Emarati,uae_5,Emarati\uae_5\uae_5_189.wav,True,female,5,True
uae_5_88,Emarati,uae_5,Emarati\uae_5\uae_5_88.wav,True,female,5,True
egypt_2_311,Egyptian,egypt_2,Egyptian\egypt_2\egypt_2_311.wav,True,male,5,True
syria_4_193,Syrian,syria_4,Syrian\syria_4\syria_4_193.wav,True,female,5,True
lebanon_5_260,Lebanese,lebanon_5,Lebanese\lebanon_5\lebanon_5_260.wav,True,male,5,True
bahrain_2_88,Bahraini,bahrain_2,Bahraini\bahrain_2\bahrain_2_88.wav,True,male,5,True
palestine_5_207,Palestinian,palestine_5,Palestinian\palestine_5\palestine_5_207.wav,True,female,5,True
palestine_4_220,Palestinian,palestine_4,Palestinian\palestine_4\palestine_4_220.wav,True,male,5,True
ksa_5_336,Saudi,ksa_5,Saudi\ksa_5\ksa_5_336.wav,True,male,5,True
syria_5_188,Syrian,syria_5,Syrian\syria_5\syria_5_188.wav,True,female,5,True
bahrain_5_191,Bahraini,bahrain_5,Bahraini\bahrain_5\bahrain_5_191.wav,True,female,5,True
lebanon_5_299,Lebanese,lebanon_5,Lebanese\lebanon_5\lebanon_5_299.wav,True,male,5,True
uae_4_216,Emarati,uae_4,Emarati\uae_4\uae_4_216.wav,True,male,5,True
iraq_2_275,Iraqi,iraq_2,Iraqi\iraq_2\iraq_2_275.wav,True,male,5,True
jordan_2_147,Jordanian,jordan_2,Jordanian\jordan_2\jordan_2_147.wav,True,female,5,True
iraq_4_20,Iraqi,iraq_4,Iraqi\iraq_4\iraq_4_20.wav,True,female,5,True
egypt_3_333,Egyptian,egypt_3,Egyptian\egypt_3\egypt_3_333.wav,True,female,5,True
egypt_2_319,Egyptian,egypt_2,Egyptian\egypt_2\egypt_2_319.wav,True,male,5,True
uae_1_269,Emarati,uae_1,Emarati\uae_1\uae_1_269.wav,True,male,5,True
egypt_3_138,Egyptian,egypt_3,Egyptian\egypt_3\egypt_3_138.wav,True,female,5,True
syria_5_315,Syrian,syria_5,Syrian\syria_5\syria_5_315.wav,True,female,5,True
uae_3_162,Emarati,uae_3,Emarati\uae_3\uae_3_162.wav,True,male,5,True
iraq_5_312,Iraqi,iraq_5,Iraqi\iraq_5\iraq_5_312.wav,True,female,5,True
bahrain_3_43,Bahraini,bahrain_3,Bahraini\bahrain_3\bahrain_3_43.wav,True,male,5,True
egypt_1_253,Egyptian,egypt_1,Egyptian\egypt_1\egypt_1_253.wav,True,male,5,True
uae_1_220,Emarati,uae_1,Emarati\uae_1\uae_1_220.wav,True,male,5,True
bahrain_5_247,Bahraini,bahrain_5,Bahraini\bahrain_5\bahrain_5_247.wav,True,female,5,True
jordan_5_16,Jordanian,jordan_5,Jordanian\jordan_5\jordan_5_16.wav,True,male,5,True
bahrain_1_160,Bahraini,bahrain_1,Bahraini\bahrain_1\bahrain_1_160.wav,True,male,5,True
iraq_5_329,Iraqi,iraq_5,Iraqi\iraq_5\iraq_5_329.wav,True,female,5,True
egypt_1_161,Egyptian,egypt_1,Egyptian\egypt_1\egypt_1_161.wav,True,male,5,True
iraq_1_193,Iraqi,iraq_1,Iraqi\iraq_1\iraq_1_193.wav,True,male,5,True
lebanon_1_191,Lebanese,lebanon_1,Lebanese\lebanon_1\lebanon_1_191.wav,True,female,5,True
bahrain_2_124,Bahraini,bahrain_2,Bahraini\bahrain_2\bahrain_2_124.wav,True,male,5,True
egypt_1_344,Egyptian,egypt_1,Egyptian\egypt_1\egypt_1_344.wav,True,male,5,True
uae_1_90,Emarati,uae_1,Emarati\uae_1\uae_1_90.wav,True,male,5,True
iraq_3_60,Iraqi,iraq_3,Iraqi\iraq_3\iraq_3_60.wav,True,male,5,True
lebanon_5_342,Lebanese,lebanon_5,Lebanese\lebanon_5\lebanon_5_342.wav,True,male,5,True
bahrain_2_91,Bahraini,bahrain_2,Bahraini\bahrain_2\bahrain_2_91.wav,True,male,5,True
lebanon_4_287,Lebanese,lebanon_4,Lebanese\lebanon_4\lebanon_4_287.wav,True,female,5,True
iraq_1_43,Iraqi,iraq_1,Iraqi\iraq_1\iraq_1_43.wav,True,male,5,True
jordan_3_195,Jordanian,jordan_3,Jordanian\jordan_3\jordan_3_195.wav,True,female,5,True
jorday_4_58,Jordanian,jorday_4,Jordanian\jorday_4\jorday_4_58.wav,True,female,5,True
jordan_2_189,Jordanian,jordan_2,Jordanian\jordan_2\jordan_2_189.wav,True,female,5,True
lebanon_4_45,Lebanese,lebanon_4,Lebanese\lebanon_4\lebanon_4_45.wav,True,female,5,True
bahrain_2_162,Bahraini,bahrain_2,Bahraini\bahrain_2\bahrain_2_162.wav,True,male,5,True
palestine_2_116,Palestinian,palestine_2,Palestinian\palestine_2\palestine_2_116.wav,True,male,5,True
syria_2_297,Syrian,syria_2,Syrian\syria_2\syria_2_297.wav,True,male,5,True
syria_3_331,Syrian,syria_3,Syrian\syria_3\syria_3_331.wav,True,male,5,True
ksa_2_5,Saudi,ksa_2,Saudi\ksa_2\ksa_2_5.wav,True,male,5,True
lebanon_4_127,Lebanese,lebanon_4,Lebanese\lebanon_4\lebanon_4_127.wav,True,female,5,True
iraq_4_271,Iraqi,iraq_4,Iraqi\iraq_4\iraq_4_271.wav,True,female,5,True
palestine_3_241,Palestinian,palestine_3,Palestinian\palestine_3\palestine_3_241.wav,True,male,5,True
jorday_4_221,Jordanian,jorday_4,Jordanian\jorday_4\jorday_4_221.wav,True,female,5,True
uae_2_258,Emarati,uae_2,Emarati\uae_2\uae_2_258.wav,True,female,5,True
iraq_1_57,Iraqi,iraq_1,Iraqi\iraq_1\iraq_1_57.wav,True,male,5,True
palestine_2_298,Palestinian,palestine_2,Palestinian\palestine_2\palestine_2_298.wav,True,female,5,True
ksa_3_309,Saudi,ksa_3,Saudi\ksa_3\ksa_3_309.wav,True,female,5,True
ksa_2_357,Saudi,ksa_2,Saudi\ksa_2\ksa_2_357.wav,True,male,5,True
ksa_3_318,Saudi,ksa_3,Saudi\ksa_3\ksa_3_318.wav,True,female,5,True
jordan_1_351,Jordanian,jordan_1,Jordanian\jordan_1\jordan_1_351.wav,True,male,5,True
bahrain_5_230,Bahraini,bahrain_5,Bahraini\bahrain_5\bahrain_5_230.wav,True,female,5,True
lebanon_3_294,Lebanese,lebanon_3,Lebanese\lebanon_3\lebanon_3_294.wav,True,female,5,True
ksa_3_51,Saudi,ksa_3,Saudi\ksa_3\ksa_3_51.wav,True,female,5,True
lebanon_1_313,Lebanese,lebanon_1,Lebanese\lebanon_1\lebanon_1_313.wav,True,female,5,True
egypt_5_143,Egyptian,egypt_5,Egyptian\egypt_5\egypt_5_143.wav,True,male,5,True
uae_3_36,Emarati,uae_3,Emarati\uae_3\uae_3_36.wav,True,male,5,True
syria_5_145,Syrian,syria_5,Syrian\syria_5\syria_5_145.wav,True,female,5,True
iraq_1_328,Iraqi,iraq_1,Iraqi\iraq_1\iraq_1_328.wav,True,male,5,True
syria_1_47,Syrian,syria_1,Syrian\syria_1\syria_1_47.wav,True,female,5,True
lebanon_5_158,Lebanese,lebanon_5,Lebanese\lebanon_5\lebanon_5_158.wav,True,male,5,True
bahrain_4_32,Bahraini,bahrain_4,Bahraini\bahrain_4\bahrain_4_32.wav,True,female,5,True
uae_4_208,Emarati,uae_4,Emarati\uae_4\uae_4_208.wav,True,male,5,True
jordan_2_111,Jordanian,jordan_2,Jordanian\jordan_2\jordan_2_111.wav,True,female,5,True
ksa_2_87,Saudi,ksa_2,Saudi\ksa_2\ksa_2_87.wav,True,male,5,True
syria_1_308,Syrian,syria_1,Syrian\syria_1\syria_1_308.wav,True,male,5,True
iraq_4_5,Iraqi,iraq_4,Iraqi\iraq_4\iraq_4_5.wav,True,female,5,True
bahrain_5_156,Bahraini,bahrain_5,Bahraini\bahrain_5\bahrain_5_156.wav,True,female,5,True
iraq_4_258,Iraqi,iraq_4,Iraqi\iraq_4\iraq_4_258.wav,True,female,5,True
uae_1_108,Emarati,uae_1,Emarati\uae_1\uae_1_108.wav,True,male,5,True
syria_4_183,Syrian,syria_4,Syrian\syria_4\syria_4_183.wav,True,female,5,True
uae_4_135,Emarati,uae_4,Emarati\uae_4\uae_4_135.wav,True,male,5,True
iraq_5_350,Iraqi,iraq_5,Iraqi\iraq_5\iraq_5_350.wav,True,female,5,True
iraq_1_9,Iraqi,iraq_1,Iraqi\iraq_1\iraq_1_9.wav,True,male,5,True
palestine_4_187,Palestinian,palestine_4,Palestinian\palestine_4\palestine_4_187.wav,True,male,5,True
ksa_3_227,Saudi,ksa_3,Saudi\ksa_3\ksa_3_227.wav,True,female,5,True
iraq_2_297,Iraqi,iraq_2,Iraqi\iraq_2\iraq_2_297.wav,True,male,5,True
egypt_1_132,Egyptian,egypt_1,Egyptian\egypt_1\egypt_1_132.wav,True,male,5,True
syria_4_152,Syrian,syria_4,Syrian\syria_4\syria_4_152.wav,True,female,5,True
iraq_1_156,Iraqi,iraq_1,Iraqi\iraq_1\iraq_1_156.wav,True,male,5,True
iraq_1_296,Iraqi,iraq_1,Iraqi\iraq_1\iraq_1_296.wav,True,male,5,True
iraq_4_61,Iraqi,iraq_4,Iraqi\iraq_4\iraq_4_61.wav,True,female,5,True
jorday_4_240,Jordanian,jorday_4,Jordanian\jorday_4\jorday_4_240.wav,True,female,5,True
palestine_4_21,Palestinian,palestine_4,Palestinian\palestine_4\palestine_4_21.wav,True,male,5,True
bahrain_1_296,Bahraini,bahrain_1,Bahraini\bahrain_1\bahrain_1_296.wav,True,male,5,True
lebanon_4_125,Lebanese,lebanon_4,Lebanese\lebanon_4\lebanon_4_125.wav,True,female,5,True
uae_4_284,Emarati,uae_4,Emarati\uae_4\uae_4_284.wav,True,male,5,True
syria_5_96,Syrian,syria_5,Syrian\syria_5\syria_5_96.wav,True,female,5,True
palestine_5_331,Palestinian,palestine_5,Palestinian\palestine_5\palestine_5_331.wav,True,female,5,True
syria_5_160,Syrian,syria_5,Syrian\syria_5\syria_5_160.wav,True,female,5,True
lebanon_2_344,Lebanese,lebanon_2,Lebanese\lebanon_2\lebanon_2_344.wav,True,female,5,True
uae_1_272,Emarati,uae_1,Emarati\uae_1\uae_1_272.wav,True,male,5,True
uae_3_231,Emarati,uae_3,Emarati\uae_3\uae_3_231.wav,True,male,5,True
jordan_2_45,Jordanian,jordan_2,Jordanian\jordan_2\jordan_2_45.wav,True,female,5,True
jorday_4_153,Jordanian,jorday_4,Jordanian\jorday_4\jorday_4_153.wav,True,female,5,True
egypt_4_222,Egyptian,egypt_4,Egyptian\egypt_4\egypt_4_222.wav,True,female,5,True
bahrain_1_203,Bahraini,bahrain_1,Bahraini\bahrain_1\bahrain_1_203.wav,True,male,5,True
uae_5_86,Emarati,uae_5,Emarati\uae_5\uae_5_86.wav,True,female,5,True
bahrain_1_54,Bahraini,bahrain_1,Bahraini\bahrain_1\bahrain_1_54.wav,True,male,5,True
bahrain_5_268,Bahraini,bahrain_5,Bahraini\bahrain_5\bahrain_5_268.wav,True,female,5,True
bahrain_5_80,Bahraini,bahrain_5,Bahraini\bahrain_5\bahrain_5_80.wav,True,female,5,True
egypt_5_215,Egyptian,egypt_5,Egyptian\egypt_5\egypt_5_215.wav,True,male,5,True
jordan_5_159,Jordanian,jordan_5,Jordanian\jordan_5\jordan_5_159.wav,True,male,5,True
iraq_2_328,Iraqi,iraq_2,Iraqi\iraq_2\iraq_2_328.wav,True,male,5,True
ksa_5_262,Saudi,ksa_5,Saudi\ksa_5\ksa_5_262.wav,True,male,5,True
bahrain_2_198,Bahraini,bahrain_2,Bahraini\bahrain_2\bahrain_2_198.wav,True,male,5,True
uae_5_329,Emarati,uae_5,Emarati\uae_5\uae_5_329.wav,True,female,5,True
palestine_5_185,Palestinian,palestine_5,Palestinian\palestine_5\palestine_5_185.wav,True,female,5,True
iraq_4_281,Iraqi,iraq_4,Iraqi\iraq_4\iraq_4_281.wav,True,female,5,True
jordan_1_103,Jordanian,jordan_1,Jordanian\jordan_1\jordan_1_103.wav,True,male,5,True
ksa_2_178,Saudi,ksa_2,Saudi\ksa_2\ksa_2_178.wav,True,male,5,True
syria_5_85,Syrian,syria_5,Syrian\syria_5\syria_5_85.wav,True,female,5,True
iraq_1_213,Iraqi,iraq_1,Iraqi\iraq_1\iraq_1_213.wav,True,male,5,True
bahrain_5_178,Bahraini,bahrain_5,Bahraini\bahrain_5\bahrain_5_178.wav,True,female,5,True
lebanon_5_273,Lebanese,lebanon_5,Lebanese\lebanon_5\lebanon_5_273.wav,True,male,5,True
ksa_5_331,Saudi,ksa_5,Saudi\ksa_5\ksa_5_331.wav,True,male,5,True
syria_4_305,Syrian,syria_4,Syrian\syria_4\syria_4_305.wav,True,female,5,True
ksa_5_107,Saudi,ksa_5,Saudi\ksa_5\ksa_5_107.wav,True,male,5,True
uae_2_239,Emarati,uae_2,Emarati\uae_2\uae_2_239.wav,True,female,5,True
egypt_2_133,Egyptian,egypt_2,Egyptian\egypt_2\egypt_2_133.wav,True,male,5,True
egypt_3_127,Egyptian,egypt_3,Egyptian\egypt_3\egypt_3_127.wav,True,female,5,True
uae_1_234,Emarati,uae_1,Emarati\uae_1\uae_1_234.wav,True,male,5,True
ksa_3_202,Saudi,ksa_3,Saudi\ksa_3\ksa_3_202.wav,True,female,5,True
lebanon_4_316,Lebanese,lebanon_4,Lebanese\lebanon_4\lebanon_4_316.wav,True,female,5,True
lebanon_1_159,Lebanese,lebanon_1,Lebanese\lebanon_1\lebanon_1_159.wav,True,female,5,True
palestine_5_144,Palestinian,palestine_5,Palestinian\palestine_5\palestine_5_144.wav,True,female,5,True
syria_4_25,Syrian,syria_4,Syrian\syria_4\syria_4_25.wav,True,female,5,True
uae_1_353,Emarati,uae_1,Emarati\uae_1\uae_1_353.wav,True,male,5,True
ksa_2_93,Saudi,ksa_2,Saudi\ksa_2\ksa_2_93.wav,True,male,5,True
jordan_1_319,Jordanian,jordan_1,Jordanian\jordan_1\jordan_1_319.wav,True,male,5,True
palestine_3_229,Palestinian,palestine_3,Palestinian\palestine_3\palestine_3_229.wav,True,male,5,True
uae_4_266,Emarati,uae_4,Emarati\uae_4\uae_4_266.wav,True,male,5,True
lebanon_1_32,Lebanese,lebanon_1,Lebanese\lebanon_1\lebanon_1_32.wav,True,female,5,True
jordan_5_320,Jordanian,jordan_5,Jordanian\jordan_5\jordan_5_320.wav,True,male,5,True
uae_4_312,Emarati,uae_4,Emarati\uae_4\uae_4_312.wav,True,male,5,True
ksa_3_232,Saudi,ksa_3,Saudi\ksa_3\ksa_3_232.wav,True,female,5,True
jordan_5_301,Jordanian,jordan_5,Jordanian\jordan_5\jordan_5_301.wav,True,male,5,True
ksa_3_121,Saudi,ksa_3,Saudi\ksa_3\ksa_3_121.wav,True,male,5,True
egypt_2_263,Egyptian,egypt_2,Egyptian\egypt_2\egypt_2_263.wav,True,male,5,True
palestine_5_59,Palestinian,palestine_5,Palestinian\palestine_5\palestine_5_59.wav,True,female,5,True
iraq_1_245,Iraqi,iraq_1,Iraqi\iraq_1\iraq_1_245.wav,True,male,5,True
jordan_1_47,Jordanian,jordan_1,Jordanian\jordan_1\jordan_1_47.wav,True,male,5,True
syria_3_279,Syrian,syria_3,Syrian\syria_3\syria_3_279.wav,True,male,5,True
uae_4_329,Emarati,uae_4,Emarati\uae_4\uae_4_329.wav,True,male,5,True
bahrain_3_70,Bahraini,bahrain_3,Bahraini\bahrain_3\bahrain_3_70.wav,True,male,5,True
palestine_2_20,Palestinian,palestine_2,Palestinian\palestine_2\palestine_2_20.wav,True,female,5,True
lebanon_1_193,Lebanese,lebanon_1,Lebanese\lebanon_1\lebanon_1_193.wav,True,female,5,True
lebanon_5_154,Lebanese,lebanon_5,Lebanese\lebanon_5\lebanon_5_154.wav,True,male,5,True
palestine_3_72,Palestinian,palestine_3,Palestinian\palestine_3\palestine_3_72.wav,True,male,5,True
bahrain_1_285,Bahraini,bahrain_1,Bahraini\bahrain_1\bahrain_1_285.wav,True,male,5,True
jordan_5_207,Jordanian,jordan_5,Jordanian\jordan_5\jordan_5_207.wav,True,male,5,True
palestine_2_311,Palestinian,palestine_2,Palestinian\palestine_2\palestine_2_311.wav,True,female,5,True
bahrain_3_127,Bahraini,bahrain_3,Bahraini\bahrain_3\bahrain_3_127.wav,True,male,5,True
uae_1_276,Emarati,uae_1,Emarati\uae_1\uae_1_276.wav,True,male,5,True
jordan_5_31,Jordanian,jordan_5,Jordanian\jordan_5\jordan_5_31.wav,True,male,5,True
palestine_2_64,Palestinian,palestine_2,Palestinian\palestine_2\palestine_2_64.wav,True,female,5,True
uae_1_340,Emarati,uae_1,Emarati\uae_1\uae_1_340.wav,True,male,5,True
syria_3_337,Syrian,syria_3,Syrian\syria_3\syria_3_337.wav,True,male,5,True
iraq_2_43,Iraqi,iraq_2,Iraqi\iraq_2\iraq_2_43.wav,True,male,5,True
iraq_2_115,Iraqi,iraq_2,Iraqi\iraq_2\iraq_2_115.wav,True,male,5,True
egypt_3_256,Egyptian,egypt_3,Egyptian\egypt_3\egypt_3_256.wav,True,female,5,True
egypt_2_95,Egyptian,egypt_2,Egyptian\egypt_2\egypt_2_95.wav,True,male,5,True
palestine_2_50,Palestinian,palestine_2,Palestinian\palestine_2\palestine_2_50.wav,True,female,5,True
ksa_5_281,Saudi,ksa_5,Saudi\ksa_5\ksa_5_281.wav,True,male,5,True
lebanon_3_246,Lebanese,lebanon_3,Lebanese\lebanon_3\lebanon_3_246.wav,True,female,5,True
palestine_1_301,Palestinian,palestine_1,Palestinian\palestine_1\palestine_1_301.wav,True,male,5,True
lebanon_3_13,Lebanese,lebanon_3,Lebanese\lebanon_3\lebanon_3_13.wav,True,female,5,True
lebanon_4_133,Lebanese,lebanon_4,Lebanese\lebanon_4\lebanon_4_133.wav,True,female,5,True
ksa_3_147,Saudi,ksa_3,Saudi\ksa_3\ksa_3_147.wav,True,female,5,True
lebanon_4_331,Lebanese,lebanon_4,Lebanese\lebanon_4\lebanon_4_331.wav,True,female,5,True
lebanon_5_345,Lebanese,lebanon_5,Lebanese\lebanon_5\lebanon_5_345.wav,True,male,5,True
jordan_5_137,Jordanian,jordan_5,Jordanian\jordan_5\jordan_5_137.wav,True,male,5,True
ksa_3_274,Saudi,ksa_3,Saudi\ksa_3\ksa_3_274.wav,True,male,5,True
syria_2_221,Syrian,syria_2,Syrian\syria_2\syria_2_221.wav,True,male,5,True
syria_2_255,Syrian,syria_2,Syrian\syria_2\syria_2_255.wav,True,male,5,True
egypt_1_77,Egyptian,egypt_1,Egyptian\egypt_1\egypt_1_77.wav,True,male,5,True
jordan_3_1,Jordanian,jordan_3,Jordanian\jordan_3\jordan_3_1.wav,True,male,5,True
egypt_3_71,Egyptian,egypt_3,Egyptian\egypt_3\egypt_3_71.wav,True,female,5,True
bahrain_4_74,Bahraini,bahrain_4,Bahraini\bahrain_4\bahrain_4_74.wav,True,female,5,True
ksa_3_315,Saudi,ksa_3,Saudi\ksa_3\ksa_3_315.wav,True,female,5,True
syria_2_3,Syrian,syria_2,Syrian\syria_2\syria_2_3.wav,True,male,5,True
palestine_4_94,Palestinian,palestine_4,Palestinian\palestine_4\palestine_4_94.wav,True,male,5,True
syria_5_255,Syrian,syria_5,Syrian\syria_5\syria_5_255.wav,True,female,5,True
jordan_1_33,Jordanian,jordan_1,Jordanian\jordan_1\jordan_1_33.wav,True,male,5,True
bahrain_1_209,Bahraini,bahrain_1,Bahraini\bahrain_1\bahrain_1_209.wav,True,male,5,True
ksa_1_254,Saudi,ksa_1,Saudi\ksa_1\ksa_1_254.wav,True,female,5,True
egypt_5_139,Egyptian,egypt_5,Egyptian\egypt_5\egypt_5_139.wav,True,male,5,True
uae_1_150,Emarati,uae_1,Emarati\uae_1\uae_1_150.wav,True,male,5,True
egypt_5_212,Egyptian,egypt_5,Egyptian\egypt_5\egypt_5_212.wav,True,male,5,True
ksa_4_253,Saudi,ksa_4,Saudi\ksa_4\ksa_4_253.wav,True,male,5,True
syria_4_332,Syrian,syria_4,Syrian\syria_4\syria_4_332.wav,True,female,5,True
syria_5_351,Syrian,syria_5,Syrian\syria_5\syria_5_351.wav,True,female,5,True
egypt_4_267,Egyptian,egypt_4,Egyptian\egypt_4\egypt_4_267.wav,True,female,5,True
jordan_5_216,Jordanian,jordan_5,Jordanian\jordan_5\jordan_5_216.wav,True,male,5,True
syria_1_13,Syrian,syria_1,Syrian\syria_1\syria_1_13.wav,True,female,5,True
bahrain_4_202,Bahraini,bahrain_4,Bahraini\bahrain_4\bahrain_4_202.wav,True,female,5,True
jordan_2_229,Jordanian,jordan_2,Jordanian\jordan_2\jordan_2_229.wav,True,female,5,True
ksa_3_184,Saudi,ksa_3,Saudi\ksa_3\ksa_3_184.wav,True,female,5,True
jorday_4_168,Jordanian,jorday_4,Jordanian\jorday_4\jorday_4_168.wav,True,female,5,True
jordan_3_284,Jordanian,jordan_3,Jordanian\jordan_3\jordan_3_284.wav,True,female,5,True
palestine_4_333,Palestinian,palestine_4,Palestinian\palestine_4\palestine_4_333.wav,True,male,5,True
ksa_4_67,Saudi,ksa_4,Saudi\ksa_4\ksa_4_67.wav,True,male,5,True
palestine_3_7,Palestinian,palestine_3,Palestinian\palestine_3\palestine_3_7.wav,True,male,5,True
uae_2_202,Emarati,uae_2,Emarati\uae_2\uae_2_202.wav,True,female,5,True
ksa_1_187,Saudi,ksa_1,Saudi\ksa_1\ksa_1_187.wav,True,female,5,True
uae_2_203,Emarati,uae_2,Emarati\uae_2\uae_2_203.wav,True,female,5,True
jordan_2_352,Jordanian,jordan_2,Jordanian\jordan_2\jordan_2_352.wav,True,female,5,True
jordan_2_48,Jordanian,jordan_2,Jordanian\jordan_2\jordan_2_48.wav,True,female,5,True
lebanon_2_6,Lebanese,lebanon_2,Lebanese\lebanon_2\lebanon_2_6.wav,True,male,5,True
jordan_1_185,Jordanian,jordan_1,Jordanian\jordan_1\jordan_1_185.wav,True,male,5,True
jorday_4_311,Jordanian,jorday_4,Jordanian\jorday_4\jorday_4_311.wav,True,female,5,True
iraq_1_4,Iraqi,iraq_1,Iraqi\iraq_1\iraq_1_4.wav,True,male,5,True
iraq_3_34,Iraqi,iraq_3,Iraqi\iraq_3\iraq_3_34.wav,True,male,5,True
egypt_1_14,Egyptian,egypt_1,Egyptian\egypt_1\egypt_1_14.wav,True,male,5,True
egypt_5_238,Egyptian,egypt_5,Egyptian\egypt_5\egypt_5_238.wav,True,male,5,True
egypt_1_223,Egyptian,egypt_1,Egyptian\egypt_1\egypt_1_223.wav,True,male,5,True
bahrain_4_107,Bahraini,bahrain_4,Bahraini\bahrain_4\bahrain_4_107.wav,True,female,5,True
syria_3_136,Syrian,syria_3,Syrian\syria_3\syria_3_136.wav,True,male,5,True
palestine_5_212,Palestinian,palestine_5,Palestinian\palestine_5\palestine_5_212.wav,True,female,5,True
iraq_3_330,Iraqi,iraq_3,Iraqi\iraq_3\iraq_3_330.wav,True,male,5,True
lebanon_2_357,Lebanese,lebanon_2,Lebanese\lebanon_2\lebanon_2_357.wav,True,male,5,True
palestine_4_172,Palestinian,palestine_4,Palestinian\palestine_4\palestine_4_172.wav,True,male,5,True
palestine_5_129,Palestinian,palestine_5,Palestinian\palestine_5\palestine_5_129.wav,True,female,5,True
bahrain_5_68,Bahraini,bahrain_5,Bahraini\bahrain_5\bahrain_5_68.wav,True,female,5,True
palestine_4_332,Palestinian,palestine_4,Palestinian\palestine_4\palestine_4_332.wav,True,male,5,True
bahrain_2_99,Bahraini,bahrain_2,Bahraini\bahrain_2\bahrain_2_99.wav,True,male,5,True
ksa_1_81,Saudi,ksa_1,Saudi\ksa_1\ksa_1_81.wav,True,female,5,True
palestine_1_161,Palestinian,palestine_1,Palestinian\palestine_1\palestine_1_161.wav,True,male,5,True
egypt_2_138,Egyptian,egypt_2,Egyptian\egypt_2\egypt_2_138.wav,True,male,5,True
iraq_3_233,Iraqi,iraq_3,Iraqi\iraq_3\iraq_3_233.wav,True,male,5,True
egypt_1_30,Egyptian,egypt_1,Egyptian\egypt_1\egypt_1_30.wav,True,male,5,True
bahrain_5_118,Bahraini,bahrain_5,Bahraini\bahrain_5\bahrain_5_118.wav,True,female,5,True
bahrain_5_5,Bahraini,bahrain_5,Bahraini\bahrain_5\bahrain_5_5.wav,True,female,5,True
egypt_2_84,Egyptian,egypt_2,Egyptian\egypt_2\egypt_2_84.wav,True,male,5,True
bahrain_4_233,Bahraini,bahrain_4,Bahraini\bahrain_4\bahrain_4_233.wav,True,female,5,True
ksa_2_359,Saudi,ksa_2,Saudi\ksa_2\ksa_2_359.wav,True,male,5,True
uae_4_94,Emarati,uae_4,Emarati\uae_4\uae_4_94.wav,True,male,5,True
jordan_5_221,Jordanian,jordan_5,Jordanian\jordan_5\jordan_5_221.wav,True,male,5,True
syria_1_188,Syrian,syria_1,Syrian\syria_1\syria_1_188.wav,True,female,5,True
jordan_3_232,Jordanian,jordan_3,Jordanian\jordan_3\jordan_3_232.wav,True,male,5,True
syria_2_121,Syrian,syria_2,Syrian\syria_2\syria_2_121.wav,True,male,5,True
lebanon_5_135,Lebanese,lebanon_5,Lebanese\lebanon_5\lebanon_5_135.wav,True,male,5,True
bahrain_4_111,Bahraini,bahrain_4,Bahraini\bahrain_4\bahrain_4_111.wav,True,female,5,True
egypt_1_3,Egyptian,egypt_1,Egyptian\egypt_1\egypt_1_3.wav,True,male,5,True
lebanon_5_354,Lebanese,lebanon_5,Lebanese\lebanon_5\lebanon_5_354.wav,True,male,5,True
iraq_5_81,Iraqi,iraq_5,Iraqi\iraq_5\iraq_5_81.wav,True,female,5,True
lebanon_3_166,Lebanese,lebanon_3,Lebanese\lebanon_3\lebanon_3_166.wav,True,female,5,True
jordan_1_186,Jordanian,jordan_1,Jordanian\jordan_1\jordan_1_186.wav,True,male,5,True
egypt_3_164,Egyptian,egypt_3,Egyptian\egypt_3\egypt_3_164.wav,True,female,5,True
bahrain_1_207,Bahraini,bahrain_1,Bahraini\bahrain_1\bahrain_1_207.wav,True,male,5,True
palestine_1_232,Palestinian,palestine_1,Palestinian\palestine_1\palestine_1_232.wav,True,male,5,True
bahrain_1_109,Bahraini,bahrain_1,Bahraini\bahrain_1\bahrain_1_109.wav,True,male,5,True
palestine_2_55,Palestinian,palestine_2,Palestinian\palestine_2\palestine_2_55.wav,True,female,5,True
uae_3_156,Emarati,uae_3,Emarati\uae_3\uae_3_156.wav,True,male,5,True
lebanon_3_204,Lebanese,lebanon_3,Lebanese\lebanon_3\lebanon_3_204.wav,True,female,5,True
ksa_2_181,Saudi,ksa_2,Saudi\ksa_2\ksa_2_181.wav,True,male,5,True
bahrain_3_202,Bahraini,bahrain_3,Bahraini\bahrain_3\bahrain_3_202.wav,True,male,5,True
egypt_1_308,Egyptian,egypt_1,Egyptian\egypt_1\egypt_1_308.wav,True,male,5,True
egypt_3_160,Egyptian,egypt_3,Egyptian\egypt_3\egypt_3_160.wav,True,female,5,True
lebanon_1_150,Lebanese,lebanon_1,Lebanese\lebanon_1\lebanon_1_150.wav,True,female,5,True
ksa_5_49,Saudi,ksa_5,Saudi\ksa_5\ksa_5_49.wav,True,male,5,True
bahrain_1_269,Bahraini,bahrain_1,Bahraini\bahrain_1\bahrain_1_269.wav,True,male,5,True
lebanon_1_117,Lebanese,lebanon_1,Lebanese\lebanon_1\lebanon_1_117.wav,True,female,5,True
jordan_5_337,Jordanian,jordan_5,Jordanian\jordan_5\jordan_5_337.wav,True,male,5,True
iraq_2_4,Iraqi,iraq_2,Iraqi\iraq_2\iraq_2_4.wav,True,male,5,True
jordan_1_301,Jordanian,jordan_1,Jordanian\jordan_1\jordan_1_301.wav,True,male,5,True
iraq_5_152,Iraqi,iraq_5,Iraqi\iraq_5\iraq_5_152.wav,True,female,5,True
palestine_4_67,Palestinian,palestine_4,Palestinian\palestine_4\palestine_4_67.wav,True,male,5,True
syria_4_124,Syrian,syria_4,Syrian\syria_4\syria_4_124.wav,True,female,5,True
iraq_1_148,Iraqi,iraq_1,Iraqi\iraq_1\iraq_1_148.wav,True,male,5,True
ksa_4_2,Saudi,ksa_4,Saudi\ksa_4\ksa_4_2.wav,True,male,5,True
bahrain_5_29,Bahraini,bahrain_5,Bahraini\bahrain_5\bahrain_5_29.wav,True,female,5,True
jordan_5_317,Jordanian,jordan_5,Jordanian\jordan_5\jordan_5_317.wav,True,male,5,True
lebanon_3_214,Lebanese,lebanon_3,Lebanese\lebanon_3\lebanon_3_214.wav,True,female,5,True
palestine_2_134,Palestinian,palestine_2,Palestinian\palestine_2\palestine_2_134.wav,True,female,5,True
syria_3_293,Syrian,syria_3,Syrian\syria_3\syria_3_293.wav,True,male,5,True
iraq_5_71,Iraqi,iraq_5,Iraqi\iraq_5\iraq_5_71.wav,True,female,5,True
iraq_5_304,Iraqi,iraq_5,Iraqi\iraq_5\iraq_5_304.wav,True,female,5,True
palestine_2_168,Palestinian,palestine_2,Palestinian\palestine_2\palestine_2_168.wav,True,female,5,True
jorday_4_222,Jordanian,jorday_4,Jordanian\jorday_4\jorday_4_222.wav,True,female,5,True
jorday_4_163,Jordanian,jorday_4,Jordanian\jorday_4\jorday_4_163.wav,True,female,5,True
bahrain_5_295,Bahraini,bahrain_5,Bahraini\bahrain_5\bahrain_5_295.wav,True,female,5,True
syria_5_38,Syrian,syria_5,Syrian\syria_5\syria_5_38.wav,True,female,5,True
palestine_2_247,Palestinian,palestine_2,Palestinian\palestine_2\palestine_2_247.wav,True,female,5,True
syria_2_135,Syrian,syria_2,Syrian\syria_2\syria_2_135.wav,True,male,5,True
palestine_1_75,Palestinian,palestine_1,Palestinian\palestine_1\palestine_1_75.wav,True,male,5,True
ksa_5_10,Saudi,ksa_5,Saudi\ksa_5\ksa_5_10.wav,True,male,5,True
palestine_4_287,Palestinian,palestine_4,Palestinian\palestine_4\palestine_4_287.wav,True,male,5,True
bahrain_3_115,Bahraini,bahrain_3,Bahraini\bahrain_3\bahrain_3_115.wav,True,male,5,True
bahrain_5_240,Bahraini,bahrain_5,Bahraini\bahrain_5\bahrain_5_240.wav,True,female,5,True
ksa_1_315,Saudi,ksa_1,Saudi\ksa_1\ksa_1_315.wav,True,female,5,True
syria_5_12,Syrian,syria_5,Syrian\syria_5\syria_5_12.wav,True,female,5,True
ksa_4_39,Saudi,ksa_4,Saudi\ksa_4\ksa_4_39.wav,True,male,5,True
jordan_5_246,Jordanian,jordan_5,Jordanian\jordan_5\jordan_5_246.wav,True,male,5,True
iraq_4_295,Iraqi,iraq_4,Iraqi\iraq_4\iraq_4_295.wav,True,female,5,True
egypt_4_123,Egyptian,egypt_4,Egyptian\egypt_4\egypt_4_123.wav,True,female,5,True
ksa_5_340,Saudi,ksa_5,Saudi\ksa_5\ksa_5_340.wav,True,male,5,True
ksa_1_243,Saudi,ksa_1,Saudi\ksa_1\ksa_1_243.wav,True,female,5,True
lebanon_4_321,Lebanese,lebanon_4,Lebanese\lebanon_4\lebanon_4_321.wav,True,female,5,True
uae_3_8,Emarati,uae_3,Emarati\uae_3\uae_3_8.wav,True,male,5,True
egypt_2_247,Egyptian,egypt_2,Egyptian\egypt_2\egypt_2_247.wav,True,male,5,True
bahrain_3_160,Bahraini,bahrain_3,Bahraini\bahrain_3\bahrain_3_160.wav,True,male,5,True
lebanon_2_195,Lebanese,lebanon_2,Lebanese\lebanon_2\lebanon_2_195.wav,True,male,5,True
egypt_2_356,Egyptian,egypt_2,Egyptian\egypt_2\egypt_2_356.wav,True,male,5,True
bahrain_1_27,Bahraini,bahrain_1,Bahraini\bahrain_1\bahrain_1_27.wav,True,male,5,True
lebanon_5_247,Lebanese,lebanon_5,Lebanese\lebanon_5\lebanon_5_247.wav,True,male,5,True
palestine_4_144,Palestinian,palestine_4,Palestinian\palestine_4\palestine_4_144.wav,True,male,5,True
ksa_5_125,Saudi,ksa_5,Saudi\ksa_5\ksa_5_125.wav,True,male,5,True
ksa_5_315,Saudi,ksa_5,Saudi\ksa_5\ksa_5_315.wav,True,male,5,True
egypt_1_307,Egyptian,egypt_1,Egyptian\egypt_1\egypt_1_307.wav,True,male,5,True
palestine_1_163,Palestinian,palestine_1,Palestinian\palestine_1\palestine_1_163.wav,True,male,5,True
jorday_4_112,Jordanian,jorday_4,Jordanian\jorday_4\jorday_4_112.wav,True,female,5,True
lebanon_5_285,Lebanese,lebanon_5,Lebanese\lebanon_5\lebanon_5_285.wav,True,male,5,True
jordan_2_296,Jordanian,jordan_2,Jordanian\jordan_2\jordan_2_296.wav,True,female,5,True
ksa_1_336,Saudi,ksa_1,Saudi\ksa_1\ksa_1_336.wav,True,female,5,True
uae_1_92,Emarati,uae_1,Emarati\uae_1\uae_1_92.wav,True,male,5,True
iraq_2_238,Iraqi,iraq_2,Iraqi\iraq_2\iraq_2_238.wav,True,male,5,True
uae_3_224,Emarati,uae_3,Emarati\uae_3\uae_3_224.wav,True,male,5,True
lebanon_4_23,Lebanese,lebanon_4,Lebanese\lebanon_4\lebanon_4_23.wav,True,female,5,True
uae_4_353,Emarati,uae_4,Emarati\uae_4\uae_4_353.wav,True,male,5,True
iraq_2_313,Iraqi,iraq_2,Iraqi\iraq_2\iraq_2_313.wav,True,male,5,True
jordan_5_153,Jordanian,jordan_5,Jordanian\jordan_5\jordan_5_153.wav,True,male,5,True
palestine_1_320,Palestinian,palestine_1,Palestinian\palestine_1\palestine_1_320.wav,True,male,5,True
palestine_4_200,Palestinian,palestine_4,Palestinian\palestine_4\palestine_4_200.wav,True,male,5,True
iraq_5_257,Iraqi,iraq_5,Iraqi\iraq_5\iraq_5_257.wav,True,female,5,True
syria_4_209,Syrian,syria_4,Syrian\syria_4\syria_4_209.wav,True,female,5,True
syria_3_96,Syrian,syria_3,Syrian\syria_3\syria_3_96.wav,True,male,5,True
lebanon_2_144,Lebanese,lebanon_2,Lebanese\lebanon_2\lebanon_2_144.wav,True,male,5,True
iraq_1_196,Iraqi,iraq_1,Iraqi\iraq_1\iraq_1_196.wav,True,male,5,True
palestine_4_295,Palestinian,palestine_4,Palestinian\palestine_4\palestine_4_295.wav,True,male,5,True
ksa_5_5,Saudi,ksa_5,Saudi\ksa_5\ksa_5_5.wav,True,male,5,True
iraq_4_201,Iraqi,iraq_4,Iraqi\iraq_4\iraq_4_201.wav,True,female,5,True
syria_1_241,Syrian,syria_1,Syrian\syria_1\syria_1_241.wav,True,female,5,True
ksa_5_85,Saudi,ksa_5,Saudi\ksa_5\ksa_5_85.wav,True,male,5,True
bahrain_2_28,Bahraini,bahrain_2,Bahraini\bahrain_2\bahrain_2_28.wav,True,male,5,True
bahrain_3_175,Bahraini,bahrain_3,Bahraini\bahrain_3\bahrain_3_175.wav,True,male,5,True
bahrain_5_301,Bahraini,bahrain_5,Bahraini\bahrain_5\bahrain_5_301.wav,True,female,5,True
jordan_3_251,Jordanian,jordan_3,Jordanian\jordan_3\jordan_3_251.wav,True,male,5,True
uae_1_139,Emarati,uae_1,Emarati\uae_1\uae_1_139.wav,True,male,5,True
syria_5_225,Syrian,syria_5,Syrian\syria_5\syria_5_225.wav,True,female,5,True
syria_2_101,Syrian,syria_2,Syrian\syria_2\syria_2_101.wav,True,male,5,True
palestine_2_110,Palestinian,palestine_2,Palestinian\palestine_2\palestine_2_110.wav,True,female,5,True
jordan_1_325,Jordanian,jordan_1,Jordanian\jordan_1\jordan_1_325.wav,True,male,5,True
egypt_5_85,Egyptian,egypt_5,Egyptian\egypt_5\egypt_5_85.wav,True,male,5,True
iraq_4_166,Iraqi,iraq_4,Iraqi\iraq_4\iraq_4_166.wav,True,female,5,True
egypt_1_113,Egyptian,egypt_1,Egyptian\egypt_1\egypt_1_113.wav,True,male,5,True
ksa_1_51,Saudi,ksa_1,Saudi\ksa_1\ksa_1_51.wav,True,female,5,True
bahrain_2_148,Bahraini,bahrain_2,Bahraini\bahrain_2\bahrain_2_148.wav,True,male,5,True
bahrain_3_140,Bahraini,bahrain_3,Bahraini\bahrain_3\bahrain_3_140.wav,True,male,5,True
uae_5_168,Emarati,uae_5,Emarati\uae_5\uae_5_168.wav,True,female,5,True
palestine_4_297,Palestinian,palestine_4,Palestinian\palestine_4\palestine_4_297.wav,True,male,5,True
jorday_4_318,Jordanian,jorday_4,Jordanian\jorday_4\jorday_4_318.wav,True,female,5,True
uae_1_82,Emarati,uae_1,Emarati\uae_1\uae_1_82.wav,True,male,5,True
syria_4_56,Syrian,syria_4,Syrian\syria_4\syria_4_56.wav,True,female,5,True
egypt_1_106,Egyptian,egypt_1,Egyptian\egypt_1\egypt_1_106.wav,True,male,5,True
bahrain_1_214,Bahraini,bahrain_1,Bahraini\bahrain_1\bahrain_1_214.wav,True,male,5,True
egypt_1_338,Egyptian,egypt_1,Egyptian\egypt_1\egypt_1_338.wav,True,male,5,True
palestine_4_210,Palestinian,palestine_4,Palestinian\palestine_4\palestine_4_210.wav,True,male,5,True
syria_3_151,Syrian,syria_3,Syrian\syria_3\syria_3_151.wav,True,male,5,True
syria_4_314,Syrian,syria_4,Syrian\syria_4\syria_4_314.wav,True,female,5,True
lebanon_3_6,Lebanese,lebanon_3,Lebanese\lebanon_3\lebanon_3_6.wav,True,female,5,True
iraq_5_26,Iraqi,iraq_5,Iraqi\iraq_5\iraq_5_26.wav,True,female,5,True
iraq_5_173,Iraqi,iraq_5,Iraqi\iraq_5\iraq_5_173.wav,True,female,5,True
palestine_4_154,Palestinian,palestine_4,Palestinian\palestine_4\palestine_4_154.wav,True,male,5,True
egypt_3_155,Egyptian,egypt_3,Egyptian\egypt_3\egypt_3_155.wav,True,female,5,True
lebanon_2_15,Lebanese,lebanon_2,Lebanese\lebanon_2\lebanon_2_15.wav,True,male,5,True
egypt_3_139,Egyptian,egypt_3,Egyptian\egypt_3\egypt_3_139.wav,True,female,5,True
egypt_4_181,Egyptian,egypt_4,Egyptian\egypt_4\egypt_4_181.wav,True,female,5,True
syria_1_341,Syrian,syria_1,Syrian\syria_1\syria_1_341.wav,True,female,5,True
uae_3_197,Emarati,uae_3,Emarati\uae_3\uae_3_197.wav,True,male,5,True
palestine_5_328,Palestinian,palestine_5,Palestinian\palestine_5\palestine_5_328.wav,True,female,5,True
uae_2_333,Emarati,uae_2,Emarati\uae_2\uae_2_333.wav,True,male,5,True
uae_3_66,Emarati,uae_3,Emarati\uae_3\uae_3_66.wav,True,male,5,True
uae_1_53,Emarati,uae_1,Emarati\uae_1\uae_1_53.wav,True,male,5,True
palestine_5_111,Palestinian,palestine_5,Palestinian\palestine_5\palestine_5_111.wav,True,female,5,True
lebanon_2_282,Lebanese,lebanon_2,Lebanese\lebanon_2\lebanon_2_282.wav,True,male,5,True
lebanon_5_18,Lebanese,lebanon_5,Lebanese\lebanon_5\lebanon_5_18.wav,True,male,5,True
bahrain_1_198,Bahraini,bahrain_1,Bahraini\bahrain_1\bahrain_1_198.wav,True,male,5,True
jordan_1_314,Jordanian,jordan_1,Jordanian\jordan_1\jordan_1_314.wav,True,male,5,True
iraq_3_146,Iraqi,iraq_3,Iraqi\iraq_3\iraq_3_146.wav,True,male,5,True
syria_4_228,Syrian,syria_4,Syrian\syria_4\syria_4_228.wav,True,female,5,True
jordan_1_107,Jordanian,jordan_1,Jordanian\jordan_1\jordan_1_107.wav,True,male,5,True
lebanon_3_8,Lebanese,lebanon_3,Lebanese\lebanon_3\lebanon_3_8.wav,True,female,5,True
jorday_4_115,Jordanian,jorday_4,Jordanian\jorday_4\jorday_4_115.wav,True,female,5,True
iraq_5_292,Iraqi,iraq_5,Iraqi\iraq_5\iraq_5_292.wav,True,female,5,True
uae_5_309,Emarati,uae_5,Emarati\uae_5\uae_5_309.wav,True,female,5,True
syria_5_193,Syrian,syria_5,Syrian\syria_5\syria_5_193.wav,True,female,5,True
jorday_4_93,Jordanian,jorday_4,Jordanian\jorday_4\jorday_4_93.wav,True,female,5,True
palestine_5_119,Palestinian,palestine_5,Palestinian\palestine_5\palestine_5_119.wav,True,female,5,True
iraq_2_237,Iraqi,iraq_2,Iraqi\iraq_2\iraq_2_237.wav,True,male,5,True
iraq_3_83,Iraqi,iraq_3,Iraqi\iraq_3\iraq_3_83.wav,True,male,5,True
bahrain_2_32,Bahraini,bahrain_2,Bahraini\bahrain_2\bahrain_2_32.wav,True,male,5,True
jordan_5_345,Jordanian,jordan_5,Jordanian\jordan_5\jordan_5_345.wav,True,male,5,True
palestine_5_52,Palestinian,palestine_5,Palestinian\palestine_5\palestine_5_52.wav,True,female,5,True
lebanon_2_339,Lebanese,lebanon_2,Lebanese\lebanon_2\lebanon_2_339.wav,True,male,5,True
ksa_1_220,Saudi,ksa_1,Saudi\ksa_1\ksa_1_220.wav,True,female,5,True
syria_5_277,Syrian,syria_5,Syrian\syria_5\syria_5_277.wav,True,female,5,True
uae_1_38,Emarati,uae_1,Emarati\uae_1\uae_1_38.wav,True,male,5,True
lebanon_4_238,Lebanese,lebanon_4,Lebanese\lebanon_4\lebanon_4_238.wav,True,female,5,True
uae_1_11,Emarati,uae_1,Emarati\uae_1\uae_1_11.wav,True,male,5,True
ksa_2_108,Saudi,ksa_2,Saudi\ksa_2\ksa_2_108.wav,True,male,5,True
uae_3_199,Emarati,uae_3,Emarati\uae_3\uae_3_199.wav,True,male,5,True
lebanon_4_172,Lebanese,lebanon_4,Lebanese\lebanon_4\lebanon_4_172.wav,True,female,5,True
bahrain_5_255,Bahraini,bahrain_5,Bahraini\bahrain_5\bahrain_5_255.wav,True,female,5,True
ksa_1_42,Saudi,ksa_1,Saudi\ksa_1\ksa_1_42.wav,True,female,5,True
syria_3_330,Syrian,syria_3,Syrian\syria_3\syria_3_330.wav,True,male,5,True
palestine_5_58,Palestinian,palestine_5,Palestinian\palestine_5\palestine_5_58.wav,True,female,5,True
syria_4_35,Syrian,syria_4,Syrian\syria_4\syria_4_35.wav,True,female,5,True
uae_4_333,Emarati,uae_4,Emarati\uae_4\uae_4_333.wav,True,male,5,True
ksa_2_292,Saudi,ksa_2,Saudi\ksa_2\ksa_2_292.wav,True,male,5,True
iraq_5_309,Iraqi,iraq_5,Iraqi\iraq_5\iraq_5_309.wav,True,female,5,True
ksa_2_324,Saudi,ksa_2,Saudi\ksa_2\ksa_2_324.wav,True,male,5,True
bahrain_4_248,Bahraini,bahrain_4,Bahraini\bahrain_4\bahrain_4_248.wav,True,female,5,True
uae_1_102,Emarati,uae_1,Emarati\uae_1\uae_1_102.wav,True,male,5,True
uae_4_107,Emarati,uae_4,Emarati\uae_4\uae_4_107.wav,True,male,5,True
jordan_1_242,Jordanian,jordan_1,Jordanian\jordan_1\jordan_1_242.wav,True,male,5,True
egypt_3_311,Egyptian,egypt_3,Egyptian\egypt_3\egypt_3_311.wav,True,female,5,True
jorday_4_147,Jordanian,jorday_4,Jordanian\jorday_4\jorday_4_147.wav,True,female,5,True
palestine_5_156,Palestinian,palestine_5,Palestinian\palestine_5\palestine_5_156.wav,True,female,5,True
uae_2_51,Emarati,uae_2,Emarati\uae_2\uae_2_51.wav,True,female,5,True
ksa_4_221,Saudi,ksa_4,Saudi\ksa_4\ksa_4_221.wav,True,male,5,True
ksa_2_140,Saudi,ksa_2,Saudi\ksa_2\ksa_2_140.wav,True,male,5,True
syria_1_21,Syrian,syria_1,Syrian\syria_1\syria_1_21.wav,True,female,5,True
jordan_1_41,Jordanian,jordan_1,Jordanian\jordan_1\jordan_1_41.wav,True,male,5,True
egypt_1_23,Egyptian,egypt_1,Egyptian\egypt_1\egypt_1_23.wav,True,male,5,True
uae_1_302,Emarati,uae_1,Emarati\uae_1\uae_1_302.wav,True,male,5,True
jordan_2_197,Jordanian,jordan_2,Jordanian\jordan_2\jordan_2_197.wav,True,female,5,True
jordan_2_185,Jordanian,jordan_2,Jordanian\jordan_2\jordan_2_185.wav,True,female,5,True
palestine_3_171,Palestinian,palestine_3,Palestinian\palestine_3\palestine_3_171.wav,True,male,5,True
palestine_4_284,Palestinian,palestine_4,Palestinian\palestine_4\palestine_4_284.wav,True,male,5,True
syria_3_47,Syrian,syria_3,Syrian\syria_3\syria_3_47.wav,True,male,5,True
palestine_3_288,Palestinian,palestine_3,Palestinian\palestine_3\palestine_3_288.wav,True,male,5,True
uae_3_354,Emarati,uae_3,Emarati\uae_3\uae_3_354.wav,True,male,5,True
ksa_4_258,Saudi,ksa_4,Saudi\ksa_4\ksa_4_258.wav,True,male,5,True
syria_3_35,Syrian,syria_3,Syrian\syria_3\syria_3_35.wav,True,male,5,True
jordan_2_123,Jordanian,jordan_2,Jordanian\jordan_2\jordan_2_123.wav,True,female,5,True
bahrain_2_84,Bahraini,bahrain_2,Bahraini\bahrain_2\bahrain_2_84.wav,True,male,5,True
egypt_1_173,Egyptian,egypt_1,Egyptian\egypt_1\egypt_1_173.wav,True,male,5,True
uae_4_209,Emarati,uae_4,Emarati\uae_4\uae_4_209.wav,True,male,5,True
iraq_5_37,Iraqi,iraq_5,Iraqi\iraq_5\iraq_5_37.wav,True,female,5,True
jordan_3_84,Jordanian,jordan_3,Jordanian\jordan_3\jordan_3_84.wav,True,male,5,True
syria_4_8,Syrian,syria_4,Syrian\syria_4\syria_4_8.wav,True,female,5,True
bahrain_2_307,Bahraini,bahrain_2,Bahraini\bahrain_2\bahrain_2_307.wav,True,male,5,True
ksa_2_199,Saudi,ksa_2,Saudi\ksa_2\ksa_2_199.wav,True,male,5,True
palestine_5_101,Palestinian,palestine_5,Palestinian\palestine_5\palestine_5_101.wav,True,female,5,True
palestine_1_48,Palestinian,palestine_1,Palestinian\palestine_1\palestine_1_48.wav,True,male,5,True
iraq_1_152,Iraqi,iraq_1,Iraqi\iraq_1\iraq_1_152.wav,True,male,5,True
jorday_4_78,Jordanian,jorday_4,Jordanian\jorday_4\jorday_4_78.wav,True,female,5,True
palestine_4_1,Palestinian,palestine_4,Palestinian\palestine_4\palestine_4_1.wav,True,male,5,True
uae_1_356,Emarati,uae_1,Emarati\uae_1\uae_1_356.wav,True,male,5,True
ksa_1_250,Saudi,ksa_1,Saudi\ksa_1\ksa_1_250.wav,True,female,5,True
ksa_2_79,Saudi,ksa_2,Saudi\ksa_2\ksa_2_79.wav,True,male,5,True
palestine_4_139,Palestinian,palestine_4,Palestinian\palestine_4\palestine_4_139.wav,True,male,5,True
bahrain_5_53,Bahraini,bahrain_5,Bahraini\bahrain_5\bahrain_5_53.wav,True,female,5,True
uae_3_43,Emarati,uae_3,Emarati\uae_3\uae_3_43.wav,True,male,5,True
palestine_5_53,Palestinian,palestine_5,Palestinian\palestine_5\palestine_5_53.wav,True,female,5,True
ksa_4_243,Saudi,ksa_4,Saudi\ksa_4\ksa_4_243.wav,True,male,5,True
uae_2_123,Emarati,uae_2,Emarati\uae_2\uae_2_123.wav,True,female,5,True
iraq_2_94,Iraqi,iraq_2,Iraqi\iraq_2\iraq_2_94.wav,True,male,5,True
lebanon_2_28,Lebanese,lebanon_2,Lebanese\lebanon_2\lebanon_2_28.wav,True,male,5,True
jordan_5_284,Jordanian,jordan_5,Jordanian\jordan_5\jordan_5_284.wav,True,male,5,True
ksa_2_71,Saudi,ksa_2,Saudi\ksa_2\ksa_2_71.wav,True,male,5,True
ksa_1_335,Saudi,ksa_1,Saudi\ksa_1\ksa_1_335.wav,True,female,5,True
jordan_5_49,Jordanian,jordan_5,Jordanian\jordan_5\jordan_5_49.wav,True,male,5,True
lebanon_1_97,Lebanese,lebanon_1,Lebanese\lebanon_1\lebanon_1_97.wav,True,female,5,True
egypt_2_91,Egyptian,egypt_2,Egyptian\egypt_2\egypt_2_91.wav,True,male,5,True
lebanon_4_339,Lebanese,lebanon_4,Lebanese\lebanon_4\lebanon_4_339.wav,True,female,5,True
jordan_3_253,Jordanian,jordan_3,Jordanian\jordan_3\jordan_3_253.wav,True,female,5,True
iraq_5_59,Iraqi,iraq_5,Iraqi\iraq_5\iraq_5_59.wav,True,female,5,True
bahrain_5_236,Bahraini,bahrain_5,Bahraini\bahrain_5\bahrain_5_236.wav,True,female,5,True
iraq_1_117,Iraqi,iraq_1,Iraqi\iraq_1\iraq_1_117.wav,True,male,5,True
bahrain_2_324,Bahraini,bahrain_2,Bahraini\bahrain_2\bahrain_2_324.wav,True,male,5,True
iraq_2_8,Iraqi,iraq_2,Iraqi\iraq_2\iraq_2_8.wav,True,male,5,True
jordan_5_280,Jordanian,jordan_5,Jordanian\jordan_5\jordan_5_280.wav,True,male,5,True
lebanon_3_113,Lebanese,lebanon_3,Lebanese\lebanon_3\lebanon_3_113.wav,True,female,5,True
iraq_4_11,Iraqi,iraq_4,Iraqi\iraq_4\iraq_4_11.wav,True,female,5,True
bahrain_3_158,Bahraini,bahrain_3,Bahraini\bahrain_3\bahrain_3_158.wav,True,male,5,True
ksa_3_135,Saudi,ksa_3,Saudi\ksa_3\ksa_3_135.wav,True,male,5,True
egypt_3_145,Egyptian,egypt_3,Egyptian\egypt_3\egypt_3_145.wav,True,female,5,True
ksa_3_339,Saudi,ksa_3,Saudi\ksa_3\ksa_3_339.wav,True,female,5,True
jordan_3_201,Jordanian,jordan_3,Jordanian\jordan_3\jordan_3_201.wav,True,female,5,True
egypt_3_213,Egyptian,egypt_3,Egyptian\egypt_3\egypt_3_213.wav,True,female,5,True
ksa_2_4,Saudi,ksa_2,Saudi\ksa_2\ksa_2_4.wav,True,male,5,True
iraq_5_56,Iraqi,iraq_5,Iraqi\iraq_5\iraq_5_56.wav,True,female,5,True
jordan_3_255,Jordanian,jordan_3,Jordanian\jordan_3\jordan_3_255.wav,True,female,5,True
uae_4_22,Emarati,uae_4,Emarati\uae_4\uae_4_22.wav,True,male,5,True
syria_2_315,Syrian,syria_2,Syrian\syria_2\syria_2_315.wav,True,male,5,True
palestine_4_24,Palestinian,palestine_4,Palestinian\palestine_4\palestine_4_24.wav,True,male,5,True
palestine_4_247,Palestinian,palestine_4,Palestinian\palestine_4\palestine_4_247.wav,True,male,5,True
palestine_3_14,Palestinian,palestine_3,Palestinian\palestine_3\palestine_3_14.wav,True,male,5,True
jordan_2_79,Jordanian,jordan_2,Jordanian\jordan_2\jordan_2_79.wav,True,female,5,True
bahrain_4_282,Bahraini,bahrain_4,Bahraini\bahrain_4\bahrain_4_282.wav,True,female,5,True
syria_5_302,Syrian,syria_5,Syrian\syria_5\syria_5_302.wav,True,female,5,True
lebanon_2_36,Lebanese,lebanon_2,Lebanese\lebanon_2\lebanon_2_36.wav,True,male,5,True
palestine_1_83,Palestinian,palestine_1,Palestinian\palestine_1\palestine_1_83.wav,True,male,5,True
palestine_5_278,Palestinian,palestine_5,Palestinian\palestine_5\palestine_5_278.wav,True,female,5,True
lebanon_3_338,Lebanese,lebanon_3,Lebanese\lebanon_3\lebanon_3_338.wav,True,female,5,True
jordan_5_28,Jordanian,jordan_5,Jordanian\jordan_5\jordan_5_28.wav,True,male,5,True
iraq_2_122,Iraqi,iraq_2,Iraqi\iraq_2\iraq_2_122.wav,True,male,5,True
ksa_5_119,Saudi,ksa_5,Saudi\ksa_5\ksa_5_119.wav,True,male,5,True
lebanon_5_264,Lebanese,lebanon_5,Lebanese\lebanon_5\lebanon_5_264.wav,True,male,5,True
uae_4_322,Emarati,uae_4,Emarati\uae_4\uae_4_322.wav,True,male,5,True
palestine_3_52,Palestinian,palestine_3,Palestinian\palestine_3\palestine_3_52.wav,True,male,5,True
uae_3_274,Emarati,uae_3,Emarati\uae_3\uae_3_274.wav,True,male,5,True
jordan_1_119,Jordanian,jordan_1,Jordanian\jordan_1\jordan_1_119.wav,True,male,5,True
palestine_1_181,Palestinian,palestine_1,Palestinian\palestine_1\palestine_1_181.wav,True,male,5,True
syria_5_345,Syrian,syria_5,Syrian\syria_5\syria_5_345.wav,True,female,5,True
syria_1_170,Syrian,syria_1,Syrian\syria_1\syria_1_170.wav,True,female,5,True
iraq_2_1,Iraqi,iraq_2,Iraqi\iraq_2\iraq_2_1.wav,True,male,5,True
lebanon_3_125,Lebanese,lebanon_3,Lebanese\lebanon_3\lebanon_3_125.wav,True,female,5,True
palestine_1_93,Palestinian,palestine_1,Palestinian\palestine_1\palestine_1_93.wav,True,male,5,True
bahrain_3_141,Bahraini,bahrain_3,Bahraini\bahrain_3\bahrain_3_141.wav,True,male,5,True
iraq_3_73,Iraqi,iraq_3,Iraqi\iraq_3\iraq_3_73.wav,True,male,5,True
bahrain_4_121,Bahraini,bahrain_4,Bahraini\bahrain_4\bahrain_4_121.wav,True,female,5,True
lebanon_5_88,Lebanese,lebanon_5,Lebanese\lebanon_5\lebanon_5_88.wav,True,male,5,True
ksa_5_101,Saudi,ksa_5,Saudi\ksa_5\ksa_5_101.wav,True,male,5,True
palestine_5_186,Palestinian,palestine_5,Palestinian\palestine_5\palestine_5_186.wav,True,female,5,True
uae_1_287,Emarati,uae_1,Emarati\uae_1\uae_1_287.wav,True,male,5,True
uae_1_203,Emarati,uae_1,Emarati\uae_1\uae_1_203.wav,True,male,5,True
palestine_4_111,Palestinian,palestine_4,Palestinian\palestine_4\palestine_4_111.wav,True,male,5,True
jorday_4_39,Jordanian,jorday_4,Jordanian\jorday_4\jorday_4_39.wav,True,female,5,True
uae_1_65,Emarati,uae_1,Emarati\uae_1\uae_1_65.wav,True,male,5,True
egypt_1_231,Egyptian,egypt_1,Egyptian\egypt_1\egypt_1_231.wav,True,male,5,True
ksa_1_354,Saudi,ksa_1,Saudi\ksa_1\ksa_1_354.wav,True,female,5,True
uae_2_105,Emarati,uae_2,Emarati\uae_2\uae_2_105.wav,True,male,5,True
iraq_4_207,Iraqi,iraq_4,Iraqi\iraq_4\iraq_4_207.wav,True,female,5,True
jordan_5_13,Jordanian,jordan_5,Jordanian\jordan_5\jordan_5_13.wav,True,male,5,True
uae_3_234,Emarati,uae_3,Emarati\uae_3\uae_3_234.wav,True,male,5,True
iraq_3_45,Iraqi,iraq_3,Iraqi\iraq_3\iraq_3_45.wav,True,male,5,True
syria_5_163,Syrian,syria_5,Syrian\syria_5\syria_5_163.wav,True,female,5,True
lebanon_5_276,Lebanese,lebanon_5,Lebanese\lebanon_5\lebanon_5_276.wav,True,male,5,True
egypt_1_79,Egyptian,egypt_1,Egyptian\egypt_1\egypt_1_79.wav,True,male,5,True
egypt_1_200,Egyptian,egypt_1,Egyptian\egypt_1\egypt_1_200.wav,True,male,5,True
lebanon_1_86,Lebanese,lebanon_1,Lebanese\lebanon_1\lebanon_1_86.wav,True,female,5,True
bahrain_2_290,Bahraini,bahrain_2,Bahraini\bahrain_2\bahrain_2_290.wav,True,male,5,True
lebanon_2_125,Lebanese,lebanon_2,Lebanese\lebanon_2\lebanon_2_125.wav,True,male,5,True
egypt_1_63,Egyptian,egypt_1,Egyptian\egypt_1\egypt_1_63.wav,True,male,5,True
iraq_1_251,Iraqi,iraq_1,Iraqi\iraq_1\iraq_1_251.wav,True,male,5,True
ksa_5_270,Saudi,ksa_5,Saudi\ksa_5\ksa_5_270.wav,True,male,5,True
lebanon_3_309,Lebanese,lebanon_3,Lebanese\lebanon_3\lebanon_3_309.wav,True,female,5,True
jordan_1_321,Jordanian,jordan_1,Jordanian\jordan_1\jordan_1_321.wav,True,male,5,True
egypt_1_312,Egyptian,egypt_1,Egyptian\egypt_1\egypt_1_312.wav,True,male,5,True
egypt_1_291,Egyptian,egypt_1,Egyptian\egypt_1\egypt_1_291.wav,True,male,5,True
syria_2_248,Syrian,syria_2,Syrian\syria_2\syria_2_248.wav,True,male,5,True
bahrain_2_277,Bahraini,bahrain_2,Bahraini\bahrain_2\bahrain_2_277.wav,True,male,5,True
iraq_3_313,Iraqi,iraq_3,Iraqi\iraq_3\iraq_3_313.wav,True,male,5,True
bahrain_4_216,Bahraini,bahrain_4,Bahraini\bahrain_4\bahrain_4_216.wav,True,female,5,True
uae_4_332,Emarati,uae_4,Emarati\uae_4\uae_4_332.wav,True,male,5,True
uae_5_322,Emarati,uae_5,Emarati\uae_5\uae_5_322.wav,True,female,5,True
jordan_2_288,Jordanian,jordan_2,Jordanian\jordan_2\jordan_2_288.wav,True,female,5,True
jorday_4_267,Jordanian,jorday_4,Jordanian\jorday_4\jorday_4_267.wav,True,female,5,True
egypt_5_177,Egyptian,egypt_5,Egyptian\egypt_5\egypt_5_177.wav,True,male,5,True
palestine_3_23,Palestinian,palestine_3,Palestinian\palestine_3\palestine_3_23.wav,True,male,5,True
uae_5_274,Emarati,uae_5,Emarati\uae_5\uae_5_274.wav,True,female,5,True
lebanon_4_257,Lebanese,lebanon_4,Lebanese\lebanon_4\lebanon_4_257.wav,True,female,5,True
syria_3_287,Syrian,syria_3,Syrian\syria_3\syria_3_287.wav,True,male,5,True
iraq_2_278,Iraqi,iraq_2,Iraqi\iraq_2\iraq_2_278.wav,True,male,5,True
uae_5_177,Emarati,uae_5,Emarati\uae_5\uae_5_177.wav,True,female,5,True
syria_5_104,Syrian,syria_5,Syrian\syria_5\syria_5_104.wav,True,male,5,True
egypt_4_93,Egyptian,egypt_4,Egyptian\egypt_4\egypt_4_93.wav,True,female,5,True
jorday_4_308,Jordanian,jorday_4,Jordanian\jorday_4\jorday_4_308.wav,True,female,5,True
uae_4_95,Emarati,uae_4,Emarati\uae_4\uae_4_95.wav,True,male,5,True
jorday_4_212,Jordanian,jorday_4,Jordanian\jorday_4\jorday_4_212.wav,True,female,5,True
uae_4_281,Emarati,uae_4,Emarati\uae_4\uae_4_281.wav,True,male,5,True
iraq_2_186,Iraqi,iraq_2,Iraqi\iraq_2\iraq_2_186.wav,True,male,5,True
ksa_3_9,Saudi,ksa_3,Saudi\ksa_3\ksa_3_9.wav,True,female,5,True
lebanon_5_252,Lebanese,lebanon_5,Lebanese\lebanon_5\lebanon_5_252.wav,True,male,5,True
lebanon_2_290,Lebanese,lebanon_2,Lebanese\lebanon_2\lebanon_2_290.wav,True,male,5,True
iraq_4_301,Iraqi,iraq_4,Iraqi\iraq_4\iraq_4_301.wav,True,female,5,True
lebanon_4_236,Lebanese,lebanon_4,Lebanese\lebanon_4\lebanon_4_236.wav,True,female,5,True
egypt_5_332,Egyptian,egypt_5,Egyptian\egypt_5\egypt_5_332.wav,True,male,5,True
syria_5_192,Syrian,syria_5,Syrian\syria_5\syria_5_192.wav,True,female,5,True
jordan_3_214,Jordanian,jordan_3,Jordanian\jordan_3\jordan_3_214.wav,True,female,5,True
uae_1_277,Emarati,uae_1,Emarati\uae_1\uae_1_277.wav,True,male,5,True
iraq_2_87,Iraqi,iraq_2,Iraqi\iraq_2\iraq_2_87.wav,True,male,5,True
ksa_5_312,Saudi,ksa_5,Saudi\ksa_5\ksa_5_312.wav,True,male,5,True
egypt_3_107,Egyptian,egypt_3,Egyptian\egypt_3\egypt_3_107.wav,True,female,5,True
ksa_5_263,Saudi,ksa_5,Saudi\ksa_5\ksa_5_263.wav,True,male,5,True
lebanon_4_311,Lebanese,lebanon_4,Lebanese\lebanon_4\lebanon_4_311.wav,True,female,5,True
syria_3_55,Syrian,syria_3,Syrian\syria_3\syria_3_55.wav,True,male,5,True
uae_2_24,Emarati,uae_2,Emarati\uae_2\uae_2_24.wav,True,female,5,True
ksa_5_226,Saudi,ksa_5,Saudi\ksa_5\ksa_5_226.wav,True,male,5,True
egypt_2_122,Egyptian,egypt_2,Egyptian\egypt_2\egypt_2_122.wav,True,male,5,True
uae_1_158,Emarati,uae_1,Emarati\uae_1\uae_1_158.wav,True,male,5,True
iraq_4_322,Iraqi,iraq_4,Iraqi\iraq_4\iraq_4_322.wav,True,female,5,True
syria_2_279,Syrian,syria_2,Syrian\syria_2\syria_2_279.wav,True,male,5,True
ksa_2_340,Saudi,ksa_2,Saudi\ksa_2\ksa_2_340.wav,True,male,5,True
uae_4_253,Emarati,uae_4,Emarati\uae_4\uae_4_253.wav,True,male,5,True
jordan_3_62,Jordanian,jordan_3,Jordanian\jordan_3\jordan_3_62.wav,True,male,5,True
lebanon_2_322,Lebanese,lebanon_2,Lebanese\lebanon_2\lebanon_2_322.wav,True,female,5,True
egypt_4_280,Egyptian,egypt_4,Egyptian\egypt_4\egypt_4_280.wav,True,female,5,True
syria_2_123,Syrian,syria_2,Syrian\syria_2\syria_2_123.wav,True,male,5,True
ksa_2_103,Saudi,ksa_2,Saudi\ksa_2\ksa_2_103.wav,True,male,5,True
syria_4_130,Syrian,syria_4,Syrian\syria_4\syria_4_130.wav,True,female,5,True
syria_3_312,Syrian,syria_3,Syrian\syria_3\syria_3_312.wav,True,male,5,True
egypt_5_344,Egyptian,egypt_5,Egyptian\egypt_5\egypt_5_344.wav,True,male,5,True
iraq_2_74,Iraqi,iraq_2,Iraqi\iraq_2\iraq_2_74.wav,True,male,5,True
egypt_2_260,Egyptian,egypt_2,Egyptian\egypt_2\egypt_2_260.wav,True,male,5,True
syria_5_224,Syrian,syria_5,Syrian\syria_5\syria_5_224.wav,True,female,5,True
uae_4_244,Emarati,uae_4,Emarati\uae_4\uae_4_244.wav,True,male,5,True
palestine_2_131,Palestinian,palestine_2,Palestinian\palestine_2\palestine_2_131.wav,True,female,5,True
syria_1_43,Syrian,syria_1,Syrian\syria_1\syria_1_43.wav,True,female,5,True
egypt_3_246,Egyptian,egypt_3,Egyptian\egypt_3\egypt_3_246.wav,True,female,5,True
lebanon_4_108,Lebanese,lebanon_4,Lebanese\lebanon_4\lebanon_4_108.wav,True,female,5,True
bahrain_3_208,Bahraini,bahrain_3,Bahraini\bahrain_3\bahrain_3_208.wav,True,male,5,True
uae_3_315,Emarati,uae_3,Emarati\uae_3\uae_3_315.wav,True,male,5,True
syria_2_280,Syrian,syria_2,Syrian\syria_2\syria_2_280.wav,True,male,5,True
lebanon_2_64,Lebanese,lebanon_2,Lebanese\lebanon_2\lebanon_2_64.wav,True,male,5,True
egypt_2_178,Egyptian,egypt_2,Egyptian\egypt_2\egypt_2_178.wav,True,male,5,True
bahrain_3_81,Bahraini,bahrain_3,Bahraini\bahrain_3\bahrain_3_81.wav,True,male,5,True
egypt_2_77,Egyptian,egypt_2,Egyptian\egypt_2\egypt_2_77.wav,True,male,5,True
palestine_4_84,Palestinian,palestine_4,Palestinian\palestine_4\palestine_4_84.wav,True,male,5,True
bahrain_5_239,Bahraini,bahrain_5,Bahraini\bahrain_5\bahrain_5_239.wav,True,female,5,True
egypt_2_106,Egyptian,egypt_2,Egyptian\egypt_2\egypt_2_106.wav,True,male,5,True
egypt_3_124,Egyptian,egypt_3,Egyptian\egypt_3\egypt_3_124.wav,True,female,5,True
iraq_1_224,Iraqi,iraq_1,Iraqi\iraq_1\iraq_1_224.wav,True,male,5,True
iraq_3_155,Iraqi,iraq_3,Iraqi\iraq_3\iraq_3_155.wav,True,male,5,True
ksa_1_274,Saudi,ksa_1,Saudi\ksa_1\ksa_1_274.wav,True,female,5,True
palestine_5_112,Palestinian,palestine_5,Palestinian\palestine_5\palestine_5_112.wav,True,female,5,True
egypt_5_298,Egyptian,egypt_5,Egyptian\egypt_5\egypt_5_298.wav,True,male,5,True
bahrain_2_286,Bahraini,bahrain_2,Bahraini\bahrain_2\bahrain_2_286.wav,True,male,5,True
uae_5_324,Emarati,uae_5,Emarati\uae_5\uae_5_324.wav,True,female,5,True
lebanon_5_150,Lebanese,lebanon_5,Lebanese\lebanon_5\lebanon_5_150.wav,True,male,5,True
ksa_2_252,Saudi,ksa_2,Saudi\ksa_2\ksa_2_252.wav,True,male,5,True
bahrain_2_185,Bahraini,bahrain_2,Bahraini\bahrain_2\bahrain_2_185.wav,True,male,5,True
palestine_1_229,Palestinian,palestine_1,Palestinian\palestine_1\palestine_1_229.wav,True,male,5,True
egypt_1_29,Egyptian,egypt_1,Egyptian\egypt_1\egypt_1_29.wav,True,male,5,True
lebanon_3_144,Lebanese,lebanon_3,Lebanese\lebanon_3\lebanon_3_144.wav,True,female,5,True
uae_1_270,Emarati,uae_1,Emarati\uae_1\uae_1_270.wav,True,male,5,True
lebanon_2_78,Lebanese,lebanon_2,Lebanese\lebanon_2\lebanon_2_78.wav,True,male,5,True
iraq_2_333,Iraqi,iraq_2,Iraqi\iraq_2\iraq_2_333.wav,True,male,5,True
iraq_5_259,Iraqi,iraq_5,Iraqi\iraq_5\iraq_5_259.wav,True,female,5,True
egypt_1_254,Egyptian,egypt_1,Egyptian\egypt_1\egypt_1_254.wav,True,male,5,True
bahrain_2_9,Bahraini,bahrain_2,Bahraini\bahrain_2\bahrain_2_9.wav,True,male,5,True
syria_3_121,Syrian,syria_3,Syrian\syria_3\syria_3_121.wav,True,male,5,True
bahrain_5_33,Bahraini,bahrain_5,Bahraini\bahrain_5\bahrain_5_33.wav,True,female,5,True
bahrain_1_306,Bahraini,bahrain_1,Bahraini\bahrain_1\bahrain_1_306.wav,True,male,5,True
ksa_1_216,Saudi,ksa_1,Saudi\ksa_1\ksa_1_216.wav,True,female,5,True
jordan_5_118,Jordanian,jordan_5,Jordanian\jordan_5\jordan_5_118.wav,True,male,5,True
syria_4_220,Syrian,syria_4,Syrian\syria_4\syria_4_220.wav,True,female,5,True
syria_4_292,Syrian,syria_4,Syrian\syria_4\syria_4_292.wav,True,female,5,True
iraq_2_347,Iraqi,iraq_2,Iraqi\iraq_2\iraq_2_347.wav,True,male,5,True
lebanon_4_204,Lebanese,lebanon_4,Lebanese\lebanon_4\lebanon_4_204.wav,True,female,5,True
jordan_1_278,Jordanian,jordan_1,Jordanian\jordan_1\jordan_1_278.wav,True,male,5,True
jordan_3_335,Jordanian,jordan_3,Jordanian\jordan_3\jordan_3_335.wav,True,female,5,True
egypt_3_340,Egyptian,egypt_3,Egyptian\egypt_3\egypt_3_340.wav,True,female,5,True
palestine_2_344,Palestinian,palestine_2,Palestinian\palestine_2\palestine_2_344.wav,True,female,5,True
jordan_5_341,Jordanian,jordan_5,Jordanian\jordan_5\jordan_5_341.wav,True,male,5,True
uae_5_178,Emarati,uae_5,Emarati\uae_5\uae_5_178.wav,True,female,5,True
lebanon_4_102,Lebanese,lebanon_4,Lebanese\lebanon_4\lebanon_4_102.wav,True,female,5,True
palestine_2_164,Palestinian,palestine_2,Palestinian\palestine_2\palestine_2_164.wav,True,female,5,True
palestine_5_239,Palestinian,palestine_5,Palestinian\palestine_5\palestine_5_239.wav,True,female,5,True
egypt_4_48,Egyptian,egypt_4,Egyptian\egypt_4\egypt_4_48.wav,True,female,5,True
uae_4_68,Emarati,uae_4,Emarati\uae_4\uae_4_68.wav,True,male,5,True
egypt_4_296,Egyptian,egypt_4,Egyptian\egypt_4\egypt_4_296.wav,True,female,5,True
uae_1_273,Emarati,uae_1,Emarati\uae_1\uae_1_273.wav,True,male,5,True
lebanon_1_255,Lebanese,lebanon_1,Lebanese\lebanon_1\lebanon_1_255.wav,True,female,5,True
ksa_1_337,Saudi,ksa_1,Saudi\ksa_1\ksa_1_337.wav,True,female,5,True
uae_1_309,Emarati,uae_1,Emarati\uae_1\uae_1_309.wav,True,male,5,True
ksa_5_6,Saudi,ksa_5,Saudi\ksa_5\ksa_5_6.wav,True,male,5,True
uae_1_122,Emarati,uae_1,Emarati\uae_1\uae_1_122.wav,True,male,5,True
uae_4_287,Emarati,uae_4,Emarati\uae_4\uae_4_287.wav,True,male,5,True
ksa_2_254,Saudi,ksa_2,Saudi\ksa_2\ksa_2_254.wav,True,male,5,True
syria_4_204,Syrian,syria_4,Syrian\syria_4\syria_4_204.wav,True,female,5,True
ksa_2_251,Saudi,ksa_2,Saudi\ksa_2\ksa_2_251.wav,True,male,5,True
uae_1_267,Emarati,uae_1,Emarati\uae_1\uae_1_267.wav,True,male,5,True
ksa_3_244,Saudi,ksa_3,Saudi\ksa_3\ksa_3_244.wav,True,female,5,True
bahrain_3_26,Bahraini,bahrain_3,Bahraini\bahrain_3\bahrain_3_26.wav,True,male,5,True
egypt_1_236,Egyptian,egypt_1,Egyptian\egypt_1\egypt_1_236.wav,True,male,5,True
iraq_1_65,Iraqi,iraq_1,Iraqi\iraq_1\iraq_1_65.wav,True,male,5,True
ksa_4_260,Saudi,ksa_4,Saudi\ksa_4\ksa_4_260.wav,True,male,5,True
palestine_2_143,Palestinian,palestine_2,Palestinian\palestine_2\palestine_2_143.wav,True,female,5,True
ksa_5_38,Saudi,ksa_5,Saudi\ksa_5\ksa_5_38.wav,True,male,5,True
jordan_2_302,Jordanian,jordan_2,Jordanian\jordan_2\jordan_2_302.wav,True,female,5,True
lebanon_1_284,Lebanese,lebanon_1,Lebanese\lebanon_1\lebanon_1_284.wav,True,female,5,True
syria_5_269,Syrian,syria_5,Syrian\syria_5\syria_5_269.wav,True,female,5,True
iraq_4_148,Iraqi,iraq_4,Iraqi\iraq_4\iraq_4_148.wav,True,female,5,True
palestine_5_286,Palestinian,palestine_5,Palestinian\palestine_5\palestine_5_286.wav,True,female,5,True
egypt_1_306,Egyptian,egypt_1,Egyptian\egypt_1\egypt_1_306.wav,True,male,5,True
ksa_2_246,Saudi,ksa_2,Saudi\ksa_2\ksa_2_246.wav,True,male,5,True
iraq_5_41,Iraqi,iraq_5,Iraqi\iraq_5\iraq_5_41.wav,True,female,5,True
lebanon_2_149,Lebanese,lebanon_2,Lebanese\lebanon_2\lebanon_2_149.wav,True,male,5,True
uae_3_355,Emarati,uae_3,Emarati\uae_3\uae_3_355.wav,True,male,5,True
uae_5_193,Emarati,uae_5,Emarati\uae_5\uae_5_193.wav,True,female,5,True
ksa_5_349,Saudi,ksa_5,Saudi\ksa_5\ksa_5_349.wav,True,male,5,True
uae_5_97,Emarati,uae_5,Emarati\uae_5\uae_5_97.wav,True,female,5,True
syria_3_187,Syrian,syria_3,Syrian\syria_3\syria_3_187.wav,True,male,5,True
uae_1_136,Emarati,uae_1,Emarati\uae_1\uae_1_136.wav,True,male,5,True
uae_2_38,Emarati,uae_2,Emarati\uae_2\uae_2_38.wav,True,female,5,True
lebanon_4_290,Lebanese,lebanon_4,Lebanese\lebanon_4\lebanon_4_290.wav,True,female,5,True
lebanon_2_100,Lebanese,lebanon_2,Lebanese\lebanon_2\lebanon_2_100.wav,True,male,5,True
uae_1_88,Emarati,uae_1,Emarati\uae_1\uae_1_88.wav,True,male,5,True
egypt_3_225,Egyptian,egypt_3,Egyptian\egypt_3\egypt_3_225.wav,True,female,5,True
ksa_2_96,Saudi,ksa_2,Saudi\ksa_2\ksa_2_96.wav,True,male,5,True
palestine_4_75,Palestinian,palestine_4,Palestinian\palestine_4\palestine_4_75.wav,True,male,5,True
palestine_2_261,Palestinian,palestine_2,Palestinian\palestine_2\palestine_2_261.wav,True,female,5,True
palestine_2_199,Palestinian,palestine_2,Palestinian\palestine_2\palestine_2_199.wav,True,female,5,True
ksa_1_173,Saudi,ksa_1,Saudi\ksa_1\ksa_1_173.wav,True,female,5,True
lebanon_1_222,Lebanese,lebanon_1,Lebanese\lebanon_1\lebanon_1_222.wav,True,female,5,True
egypt_2_16,Egyptian,egypt_2,Egyptian\egypt_2\egypt_2_16.wav,True,male,5,True
jordan_2_183,Jordanian,jordan_2,Jordanian\jordan_2\jordan_2_183.wav,True,female,5,True
syria_5_83,Syrian,syria_5,Syrian\syria_5\syria_5_83.wav,True,female,5,True
syria_2_194,Syrian,syria_2,Syrian\syria_2\syria_2_194.wav,True,male,5,True
iraq_4_159,Iraqi,iraq_4,Iraqi\iraq_4\iraq_4_159.wav,True,female,5,True
uae_2_135,Emarati,uae_2,Emarati\uae_2\uae_2_135.wav,True,female,5,True
syria_2_71,Syrian,syria_2,Syrian\syria_2\syria_2_71.wav,True,male,5,True
palestine_4_256,Palestinian,palestine_4,Palestinian\palestine_4\palestine_4_256.wav,True,male,5,True
egypt_1_154,Egyptian,egypt_1,Egyptian\egypt_1\egypt_1_154.wav,True,male,5,True
egypt_5_307,Egyptian,egypt_5,Egyptian\egypt_5\egypt_5_307.wav,True,male,5,True
palestine_3_122,Palestinian,palestine_3,Palestinian\palestine_3\palestine_3_122.wav,True,male,5,True
lebanon_1_253,Lebanese,lebanon_1,Lebanese\lebanon_1\lebanon_1_253.wav,True,female,5,True
syria_2_24,Syrian,syria_2,Syrian\syria_2\syria_2_24.wav,True,male,5,True
jordan_1_144,Jordanian,jordan_1,Jordanian\jordan_1\jordan_1_144.wav,True,male,5,True
uae_2_309,Emarati,uae_2,Emarati\uae_2\uae_2_309.wav,True,female,5,True
egypt_3_171,Egyptian,egypt_3,Egyptian\egypt_3\egypt_3_171.wav,True,female,5,True
jorday_4_160,Jordanian,jorday_4,Jordanian\jorday_4\jorday_4_160.wav,True,female,5,True
egypt_3_286,Egyptian,egypt_3,Egyptian\egypt_3\egypt_3_286.wav,True,female,5,True
egypt_4_314,Egyptian,egypt_4,Egyptian\egypt_4\egypt_4_314.wav,True,female,5,True
uae_3_293,Emarati,uae_3,Emarati\uae_3\uae_3_293.wav,True,male,5,True
syria_1_126,Syrian,syria_1,Syrian\syria_1\syria_1_126.wav,True,female,5,True
iraq_4_349,Iraqi,iraq_4,Iraqi\iraq_4\iraq_4_349.wav,True,female,5,True
lebanon_4_182,Lebanese,lebanon_4,Lebanese\lebanon_4\lebanon_4_182.wav,True,female,5,True
jordan_3_212,Jordanian,jordan_3,Jordanian\jordan_3\jordan_3_212.wav,True,female,5,True
jordan_1_164,Jordanian,jordan_1,Jordanian\jordan_1\jordan_1_164.wav,True,male,5,True
jorday_4_170,Jordanian,jorday_4,Jordanian\jorday_4\jorday_4_170.wav,True,female,5,True
iraq_1_150,Iraqi,iraq_1,Iraqi\iraq_1\iraq_1_150.wav,True,male,5,True
lebanon_2_270,Lebanese,lebanon_2,Lebanese\lebanon_2\lebanon_2_270.wav,True,male,5,True
iraq_2_158,Iraqi,iraq_2,Iraqi\iraq_2\iraq_2_158.wav,True,male,5,True
uae_3_182,Emarati,uae_3,Emarati\uae_3\uae_3_182.wav,True,male,5,True
lebanon_5_325,Lebanese,lebanon_5,Lebanese\lebanon_5\lebanon_5_325.wav,True,male,5,True
syria_2_28,Syrian,syria_2,Syrian\syria_2\syria_2_28.wav,True,male,5,True
palestine_1_57,Palestinian,palestine_1,Palestinian\palestine_1\palestine_1_57.wav,True,male,5,True
bahrain_4_103,Bahraini,bahrain_4,Bahraini\bahrain_4\bahrain_4_103.wav,True,female,5,True
iraq_3_240,Iraqi,iraq_3,Iraqi\iraq_3\iraq_3_240.wav,True,male,5,True
palestine_3_108,Palestinian,palestine_3,Palestinian\palestine_3\palestine_3_108.wav,True,male,5,True
syria_1_200,Syrian,syria_1,Syrian\syria_1\syria_1_200.wav,True,female,5,True
ksa_5_197,Saudi,ksa_5,Saudi\ksa_5\ksa_5_197.wav,True,male,5,True
egypt_4_81,Egyptian,egypt_4,Egyptian\egypt_4\egypt_4_81.wav,True,female,5,True
jordan_2_354,Jordanian,jordan_2,Jordanian\jordan_2\jordan_2_354.wav,True,female,5,True
lebanon_5_207,Lebanese,lebanon_5,Lebanese\lebanon_5\lebanon_5_207.wav,True,male,5,True
iraq_5_332,Iraqi,iraq_5,Iraqi\iraq_5\iraq_5_332.wav,True,female,5,True
egypt_4_196,Egyptian,egypt_4,Egyptian\egypt_4\egypt_4_196.wav,True,female,5,True
lebanon_2_347,Lebanese,lebanon_2,Lebanese\lebanon_2\lebanon_2_347.wav,True,male,5,True
syria_5_13,Syrian,syria_5,Syrian\syria_5\syria_5_13.wav,True,female,5,True
lebanon_3_329,Lebanese,lebanon_3,Lebanese\lebanon_3\lebanon_3_329.wav,True,female,5,True
jordan_2_114,Jordanian,jordan_2,Jordanian\jordan_2\jordan_2_114.wav,True,female,5,True
ksa_1_257,Saudi,ksa_1,Saudi\ksa_1\ksa_1_257.wav,True,female,5,True
syria_5_183,Syrian,syria_5,Syrian\syria_5\syria_5_183.wav,True,female,5,True
jorday_4_50,Jordanian,jorday_4,Jordanian\jorday_4\jorday_4_50.wav,True,female,5,True
lebanon_4_33,Lebanese,lebanon_4,Lebanese\lebanon_4\lebanon_4_33.wav,True,female,5,True
uae_2_221,Emarati,uae_2,Emarati\uae_2\uae_2_221.wav,True,female,5,True
jordan_3_14,Jordanian,jordan_3,Jordanian\jordan_3\jordan_3_14.wav,True,female,5,True
ksa_3_283,Saudi,ksa_3,Saudi\ksa_3\ksa_3_283.wav,True,female,5,True
ksa_3_310,Saudi,ksa_3,Saudi\ksa_3\ksa_3_310.wav,True,female,5,True
bahrain_2_184,Bahraini,bahrain_2,Bahraini\bahrain_2\bahrain_2_184.wav,True,male,5,True
jordan_3_57,Jordanian,jordan_3,Jordanian\jordan_3\jordan_3_57.wav,True,female,5,True
egypt_2_296,Egyptian,egypt_2,Egyptian\egypt_2\egypt_2_296.wav,True,male,5,True
bahrain_5_129,Bahraini,bahrain_5,Bahraini\bahrain_5\bahrain_5_129.wav,True,female,5,True
palestine_2_258,Palestinian,palestine_2,Palestinian\palestine_2\palestine_2_258.wav,True,female,5,True
iraq_2_257,Iraqi,iraq_2,Iraqi\iraq_2\iraq_2_257.wav,True,male,5,True
lebanon_3_19,Lebanese,lebanon_3,Lebanese\lebanon_3\lebanon_3_19.wav,True,female,5,True
syria_5_46,Syrian,syria_5,Syrian\syria_5\syria_5_46.wav,True,female,5,True
ksa_5_165,Saudi,ksa_5,Saudi\ksa_5\ksa_5_165.wav,True,male,5,True
ksa_1_64,Saudi,ksa_1,Saudi\ksa_1\ksa_1_64.wav,True,female,5,True
ksa_4_16,Saudi,ksa_4,Saudi\ksa_4\ksa_4_16.wav,True,male,5,True
uae_5_308,Emarati,uae_5,Emarati\uae_5\uae_5_308.wav,True,female,5,True
jorday_4_276,Jordanian,jorday_4,Jordanian\jorday_4\jorday_4_276.wav,True,female,5,True
ksa_1_5,Saudi,ksa_1,Saudi\ksa_1\ksa_1_5.wav,True,female,5,True
iraq_2_58,Iraqi,iraq_2,Iraqi\iraq_2\iraq_2_58.wav,True,male,5,True
syria_2_143,Syrian,syria_2,Syrian\syria_2\syria_2_143.wav,True,male,5,True
uae_4_279,Emarati,uae_4,Emarati\uae_4\uae_4_279.wav,True,male,5,True
egypt_1_116,Egyptian,egypt_1,Egyptian\egypt_1\egypt_1_116.wav,True,male,5,True
palestine_4_308,Palestinian,palestine_4,Palestinian\palestine_4\palestine_4_308.wav,True,male,5,True
ksa_4_150,Saudi,ksa_4,Saudi\ksa_4\ksa_4_150.wav,True,male,5,True
egypt_3_49,Egyptian,egypt_3,Egyptian\egypt_3\egypt_3_49.wav,True,female,5,True
bahrain_4_285,Bahraini,bahrain_4,Bahraini\bahrain_4\bahrain_4_285.wav,True,female,5,True
jordan_2_329,Jordanian,jordan_2,Jordanian\jordan_2\jordan_2_329.wav,True,female,5,True
uae_2_109,Emarati,uae_2,Emarati\uae_2\uae_2_109.wav,True,female,5,True
lebanon_1_345,Lebanese,lebanon_1,Lebanese\lebanon_1\lebanon_1_345.wav,True,female,5,True
palestine_4_334,Palestinian,palestine_4,Palestinian\palestine_4\palestine_4_334.wav,True,male,5,True
iraq_4_75,Iraqi,iraq_4,Iraqi\iraq_4\iraq_4_75.wav,True,female,5,True
jordan_2_346,Jordanian,jordan_2,Jordanian\jordan_2\jordan_2_346.wav,True,female,5,True
syria_4_106,Syrian,syria_4,Syrian\syria_4\syria_4_106.wav,True,female,5,True
lebanon_2_92,Lebanese,lebanon_2,Lebanese\lebanon_2\lebanon_2_92.wav,True,male,5,True
palestine_4_346,Palestinian,palestine_4,Palestinian\palestine_4\palestine_4_346.wav,True,male,5,True
lebanon_4_255,Lebanese,lebanon_4,Lebanese\lebanon_4\lebanon_4_255.wav,True,female,5,True
lebanon_1_236,Lebanese,lebanon_1,Lebanese\lebanon_1\lebanon_1_236.wav,True,female,5,True
jorday_4_284,Jordanian,jorday_4,Jordanian\jorday_4\jorday_4_284.wav,True,female,5,True
syria_3_139,Syrian,syria_3,Syrian\syria_3\syria_3_139.wav,True,male,5,True
egypt_3_113,Egyptian,egypt_3,Egyptian\egypt_3\egypt_3_113.wav,True,female,5,True
ksa_3_33,Saudi,ksa_3,Saudi\ksa_3\ksa_3_33.wav,True,female,5,True
bahrain_1_320,Bahraini,bahrain_1,Bahraini\bahrain_1\bahrain_1_320.wav,True,male,5,True
ksa_2_244,Saudi,ksa_2,Saudi\ksa_2\ksa_2_244.wav,True,male,5,True
jordan_2_87,Jordanian,jordan_2,Jordanian\jordan_2\jordan_2_87.wav,True,female,5,True
iraq_1_82,Iraqi,iraq_1,Iraqi\iraq_1\iraq_1_82.wav,True,male,5,True
palestine_1_297,Palestinian,palestine_1,Palestinian\palestine_1\palestine_1_297.wav,True,male,5,True
egypt_5_41,Egyptian,egypt_5,Egyptian\egypt_5\egypt_5_41.wav,True,male,5,True
uae_5_109,Emarati,uae_5,Emarati\uae_5\uae_5_109.wav,True,female,5,True
lebanon_3_109,Lebanese,lebanon_3,Lebanese\lebanon_3\lebanon_3_109.wav,True,female,5,True
lebanon_2_26,Lebanese,lebanon_2,Lebanese\lebanon_2\lebanon_2_26.wav,True,male,5,True
iraq_4_12,Iraqi,iraq_4,Iraqi\iraq_4\iraq_4_12.wav,True,female,5,True
palestine_3_42,Palestinian,palestine_3,Palestinian\palestine_3\palestine_3_42.wav,True,male,5,True
jorday_4_138,Jordanian,jorday_4,Jordanian\jorday_4\jorday_4_138.wav,True,female,5,True
ksa_2_169,Saudi,ksa_2,Saudi\ksa_2\ksa_2_169.wav,True,male,5,True
uae_1_112,Emarati,uae_1,Emarati\uae_1\uae_1_112.wav,True,female,5,True
iraq_4_53,Iraqi,iraq_4,Iraqi\iraq_4\iraq_4_53.wav,True,female,5,True
uae_2_34,Emarati,uae_2,Emarati\uae_2\uae_2_34.wav,True,female,5,True
iraq_5_330,Iraqi,iraq_5,Iraqi\iraq_5\iraq_5_330.wav,True,female,5,True
iraq_5_352,Iraqi,iraq_5,Iraqi\iraq_5\iraq_5_352.wav,True,female,5,True
egypt_2_34,Egyptian,egypt_2,Egyptian\egypt_2\egypt_2_34.wav,True,male,5,True
iraq_1_48,Iraqi,iraq_1,Iraqi\iraq_1\iraq_1_48.wav,True,male,5,True
palestine_5_124,Palestinian,palestine_5,Palestinian\palestine_5\palestine_5_124.wav,True,female,5,True
egypt_2_163,Egyptian,egypt_2,Egyptian\egypt_2\egypt_2_163.wav,True,male,5,True
ksa_4_84,Saudi,ksa_4,Saudi\ksa_4\ksa_4_84.wav,True,male,5,True
ksa_2_151,Saudi,ksa_2,Saudi\ksa_2\ksa_2_151.wav,True,male,5,True
iraq_5_177,Iraqi,iraq_5,Iraqi\iraq_5\iraq_5_177.wav,True,female,5,True
bahrain_5_115,Bahraini,bahrain_5,Bahraini\bahrain_5\bahrain_5_115.wav,True,female,5,True
egypt_1_17,Egyptian,egypt_1,Egyptian\egypt_1\egypt_1_17.wav,True,male,5,True
syria_5_286,Syrian,syria_5,Syrian\syria_5\syria_5_286.wav,True,male,5,True
uae_3_214,Emarati,uae_3,Emarati\uae_3\uae_3_214.wav,True,male,5,True
palestine_5_66,Palestinian,palestine_5,Palestinian\palestine_5\palestine_5_66.wav,True,female,5,True
syria_3_320,Syrian,syria_3,Syrian\syria_3\syria_3_320.wav,True,male,5,True
uae_2_17,Emarati,uae_2,Emarati\uae_2\uae_2_17.wav,True,female,5,True
egypt_5_321,Egyptian,egypt_5,Egyptian\egypt_5\egypt_5_321.wav,True,female,5,True
jordan_2_55,Jordanian,jordan_2,Jordanian\jordan_2\jordan_2_55.wav,True,female,5,True
lebanon_2_40,Lebanese,lebanon_2,Lebanese\lebanon_2\lebanon_2_40.wav,True,male,5,True
jordan_3_211,Jordanian,jordan_3,Jordanian\jordan_3\jordan_3_211.wav,True,male,5,True
palestine_4_231,Palestinian,palestine_4,Palestinian\palestine_4\palestine_4_231.wav,True,male,5,True
lebanon_5_195,Lebanese,lebanon_5,Lebanese\lebanon_5\lebanon_5_195.wav,True,male,5,True
bahrain_4_112,Bahraini,bahrain_4,Bahraini\bahrain_4\bahrain_4_112.wav,True,female,5,True
jordan_5_214,Jordanian,jordan_5,Jordanian\jordan_5\jordan_5_214.wav,True,male,5,True
palestine_2_255,Palestinian,palestine_2,Palestinian\palestine_2\palestine_2_255.wav,True,male,5,True
lebanon_5_267,Lebanese,lebanon_5,Lebanese\lebanon_5\lebanon_5_267.wav,True,male,5,True
ksa_5_325,Saudi,ksa_5,Saudi\ksa_5\ksa_5_325.wav,True,male,5,True
iraq_4_79,Iraqi,iraq_4,Iraqi\iraq_4\iraq_4_79.wav,True,female,5,True
ksa_1_302,Saudi,ksa_1,Saudi\ksa_1\ksa_1_302.wav,True,female,5,True
bahrain_4_60,Bahraini,bahrain_4,Bahraini\bahrain_4\bahrain_4_60.wav,True,female,5,True
ksa_5_216,Saudi,ksa_5,Saudi\ksa_5\ksa_5_216.wav,True,male,5,True
iraq_4_298,Iraqi,iraq_4,Iraqi\iraq_4\iraq_4_298.wav,True,female,5,True
iraq_1_243,Iraqi,iraq_1,Iraqi\iraq_1\iraq_1_243.wav,True,male,5,True
lebanon_4_345,Lebanese,lebanon_4,Lebanese\lebanon_4\lebanon_4_345.wav,True,female,5,True
egypt_4_295,Egyptian,egypt_4,Egyptian\egypt_4\egypt_4_295.wav,True,female,5,True
iraq_5_215,Iraqi,iraq_5,Iraqi\iraq_5\iraq_5_215.wav,True,female,5,True
ksa_4_171,Saudi,ksa_4,Saudi\ksa_4\ksa_4_171.wav,True,male,5,True
egypt_3_15,Egyptian,egypt_3,Egyptian\egypt_3\egypt_3_15.wav,True,female,5,True
iraq_4_206,Iraqi,iraq_4,Iraqi\iraq_4\iraq_4_206.wav,True,female,5,True
lebanon_5_161,Lebanese,lebanon_5,Lebanese\lebanon_5\lebanon_5_161.wav,True,male,5,True
syria_1_143,Syrian,syria_1,Syrian\syria_1\syria_1_143.wav,True,male,5,True
palestine_5_9,Palestinian,palestine_5,Palestinian\palestine_5\palestine_5_9.wav,True,female,5,True
palestine_5_346,Palestinian,palestine_5,Palestinian\palestine_5\palestine_5_346.wav,True,female,5,True
ksa_4_40,Saudi,ksa_4,Saudi\ksa_4\ksa_4_40.wav,True,male,5,True
palestine_3_110,Palestinian,palestine_3,Palestinian\palestine_3\palestine_3_110.wav,True,male,5,True
jordan_2_9,Jordanian,jordan_2,Jordanian\jordan_2\jordan_2_9.wav,True,female,5,True
ksa_2_171,Saudi,ksa_2,Saudi\ksa_2\ksa_2_171.wav,True,male,5,True
palestine_2_68,Palestinian,palestine_2,Palestinian\palestine_2\palestine_2_68.wav,True,female,5,True
palestine_2_191,Palestinian,palestine_2,Palestinian\palestine_2\palestine_2_191.wav,True,female,5,True
palestine_3_90,Palestinian,palestine_3,Palestinian\palestine_3\palestine_3_90.wav,True,male,5,True
syria_2_30,Syrian,syria_2,Syrian\syria_2\syria_2_30.wav,True,male,5,True
jordan_2_138,Jordanian,jordan_2,Jordanian\jordan_2\jordan_2_138.wav,True,female,5,True
jordan_1_332,Jordanian,jordan_1,Jordanian\jordan_1\jordan_1_332.wav,True,male,5,True
palestine_4_192,Palestinian,palestine_4,Palestinian\palestine_4\palestine_4_192.wav,True,male,5,True
palestine_2_285,Palestinian,palestine_2,Palestinian\palestine_2\palestine_2_285.wav,True,female,5,True
jordan_2_312,Jordanian,jordan_2,Jordanian\jordan_2\jordan_2_312.wav,True,female,5,True
uae_3_195,Emarati,uae_3,Emarati\uae_3\uae_3_195.wav,True,male,5,True
jordan_1_348,Jordanian,jordan_1,Jordanian\jordan_1\jordan_1_348.wav,True,male,5,True
jorday_4_303,Jordanian,jorday_4,Jordanian\jorday_4\jorday_4_303.wav,True,female,5,True
jordan_2_22,Jordanian,jordan_2,Jordanian\jordan_2\jordan_2_22.wav,True,female,5,True
uae_1_336,Emarati,uae_1,Emarati\uae_1\uae_1_336.wav,True,male,5,True
egypt_2_69,Egyptian,egypt_2,Egyptian\egypt_2\egypt_2_69.wav,True,male,5,True
iraq_1_58,Iraqi,iraq_1,Iraqi\iraq_1\iraq_1_58.wav,True,male,5,True
uae_2_283,Emarati,uae_2,Emarati\uae_2\uae_2_283.wav,True,female,5,True
jordan_3_323,Jordanian,jordan_3,Jordanian\jordan_3\jordan_3_323.wav,True,female,5,True
syria_2_296,Syrian,syria_2,Syrian\syria_2\syria_2_296.wav,True,male,5,True
syria_5_152,Syrian,syria_5,Syrian\syria_5\syria_5_152.wav,True,female,5,True
syria_3_132,Syrian,syria_3,Syrian\syria_3\syria_3_132.wav,True,male,5,True
palestine_1_85,Palestinian,palestine_1,Palestinian\palestine_1\palestine_1_85.wav,True,male,5,True
ksa_5_321,Saudi,ksa_5,Saudi\ksa_5\ksa_5_321.wav,True,male,5,True
iraq_5_142,Iraqi,iraq_5,Iraqi\iraq_5\iraq_5_142.wav,True,female,5,True
syria_4_50,Syrian,syria_4,Syrian\syria_4\syria_4_50.wav,True,female,5,True
bahrain_1_18,Bahraini,bahrain_1,Bahraini\bahrain_1\bahrain_1_18.wav,True,male,5,True
iraq_3_272,Iraqi,iraq_3,Iraqi\iraq_3\iraq_3_272.wav,True,male,5,True
lebanon_2_50,Lebanese,lebanon_2,Lebanese\lebanon_2\lebanon_2_50.wav,True,male,5,True
palestine_3_41,Palestinian,palestine_3,Palestinian\palestine_3\palestine_3_41.wav,True,male,5,True
palestine_2_210,Palestinian,palestine_2,Palestinian\palestine_2\palestine_2_210.wav,True,female,5,True
egypt_5_35,Egyptian,egypt_5,Egyptian\egypt_5\egypt_5_35.wav,True,male,5,True
iraq_2_203,Iraqi,iraq_2,Iraqi\iraq_2\iraq_2_203.wav,True,male,5,True
lebanon_1_26,Lebanese,lebanon_1,Lebanese\lebanon_1\lebanon_1_26.wav,True,female,5,True
jordan_2_248,Jordanian,jordan_2,Jordanian\jordan_2\jordan_2_248.wav,True,female,5,True
iraq_2_164,Iraqi,iraq_2,Iraqi\iraq_2\iraq_2_164.wav,True,male,5,True
uae_1_135,Emarati,uae_1,Emarati\uae_1\uae_1_135.wav,True,male,5,True
bahrain_1_156,Bahraini,bahrain_1,Bahraini\bahrain_1\bahrain_1_156.wav,True,male,5,True
iraq_5_28,Iraqi,iraq_5,Iraqi\iraq_5\iraq_5_28.wav,True,female,5,True
palestine_3_338,Palestinian,palestine_3,Palestinian\palestine_3\palestine_3_338.wav,True,male,5,True
egypt_1_252,Egyptian,egypt_1,Egyptian\egypt_1\egypt_1_252.wav,True,male,5,True
lebanon_3_335,Lebanese,lebanon_3,Lebanese\lebanon_3\lebanon_3_335.wav,True,female,5,True
lebanon_2_220,Lebanese,lebanon_2,Lebanese\lebanon_2\lebanon_2_220.wav,True,male,5,True
egypt_1_11,Egyptian,egypt_1,Egyptian\egypt_1\egypt_1_11.wav,True,male,5,True
egypt_5_19,Egyptian,egypt_5,Egyptian\egypt_5\egypt_5_19.wav,True,male,5,True
bahrain_5_79,Bahraini,bahrain_5,Bahraini\bahrain_5\bahrain_5_79.wav,True,female,5,True
iraq_1_62,Iraqi,iraq_1,Iraqi\iraq_1\iraq_1_62.wav,True,male,5,True
syria_3_147,Syrian,syria_3,Syrian\syria_3\syria_3_147.wav,True,male,5,True
egypt_2_305,Egyptian,egypt_2,Egyptian\egypt_2\egypt_2_305.wav,True,male,5,True
lebanon_4_226,Lebanese,lebanon_4,Lebanese\lebanon_4\lebanon_4_226.wav,True,female,5,True
uae_3_19,Emarati,uae_3,Emarati\uae_3\uae_3_19.wav,True,male,5,True
palestine_4_191,Palestinian,palestine_4,Palestinian\palestine_4\palestine_4_191.wav,True,male,5,True
ksa_5_95,Saudi,ksa_5,Saudi\ksa_5\ksa_5_95.wav,True,male,5,True
egypt_2_176,Egyptian,egypt_2,Egyptian\egypt_2\egypt_2_176.wav,True,male,5,True
palestine_4_345,Palestinian,palestine_4,Palestinian\palestine_4\palestine_4_345.wav,True,male,5,True
jordan_1_34,Jordanian,jordan_1,Jordanian\jordan_1\jordan_1_34.wav,True,male,5,True
iraq_4_330,Iraqi,iraq_4,Iraqi\iraq_4\iraq_4_330.wav,True,female,5,True
syria_5_275,Syrian,syria_5,Syrian\syria_5\syria_5_275.wav,True,female,5,True
ksa_5_134,Saudi,ksa_5,Saudi\ksa_5\ksa_5_134.wav,True,male,5,True
iraq_4_227,Iraqi,iraq_4,Iraqi\iraq_4\iraq_4_227.wav,True,female,5,True
palestine_5_103,Palestinian,palestine_5,Palestinian\palestine_5\palestine_5_103.wav,True,female,5,True
palestine_2_148,Palestinian,palestine_2,Palestinian\palestine_2\palestine_2_148.wav,True,female,5,True
jorday_4_34,Jordanian,jorday_4,Jordanian\jorday_4\jorday_4_34.wav,True,female,5,True
iraq_2_57,Iraqi,iraq_2,Iraqi\iraq_2\iraq_2_57.wav,True,male,5,True
jordan_1_35,Jordanian,jordan_1,Jordanian\jordan_1\jordan_1_35.wav,True,male,5,True
ksa_1_200,Saudi,ksa_1,Saudi\ksa_1\ksa_1_200.wav,True,female,5,True
egypt_4_119,Egyptian,egypt_4,Egyptian\egypt_4\egypt_4_119.wav,True,female,5,True
uae_3_114,Emarati,uae_3,Emarati\uae_3\uae_3_114.wav,True,male,5,True
lebanon_2_214,Lebanese,lebanon_2,Lebanese\lebanon_2\lebanon_2_214.wav,True,male,5,True
jordan_2_128,Jordanian,jordan_2,Jordanian\jordan_2\jordan_2_128.wav,True,female,5,True
uae_1_47,Emarati,uae_1,Emarati\uae_1\uae_1_47.wav,True,male,5,True
egypt_1_187,Egyptian,egypt_1,Egyptian\egypt_1\egypt_1_187.wav,True,female,5,True
syria_3_264,Syrian,syria_3,Syrian\syria_3\syria_3_264.wav,True,male,5,True
palestine_3_154,Palestinian,palestine_3,Palestinian\palestine_3\palestine_3_154.wav,True,male,5,True
egypt_1_233,Egyptian,egypt_1,Egyptian\egypt_1\egypt_1_233.wav,True,male,5,True
uae_1_169,Emarati,uae_1,Emarati\uae_1\uae_1_169.wav,True,male,5,True
syria_5_147,Syrian,syria_5,Syrian\syria_5\syria_5_147.wav,True,female,5,True
bahrain_2_5,Bahraini,bahrain_2,Bahraini\bahrain_2\bahrain_2_5.wav,True,male,5,True
uae_2_37,Emarati,uae_2,Emarati\uae_2\uae_2_37.wav,True,female,5,True
jordan_5_103,Jordanian,jordan_5,Jordanian\jordan_5\jordan_5_103.wav,True,male,5,True
uae_2_10,Emarati,uae_2,Emarati\uae_2\uae_2_10.wav,True,female,5,True
egypt_2_61,Egyptian,egypt_2,Egyptian\egypt_2\egypt_2_61.wav,True,male,5,True
egypt_3_332,Egyptian,egypt_3,Egyptian\egypt_3\egypt_3_332.wav,True,female,5,True
bahrain_1_305,Bahraini,bahrain_1,Bahraini\bahrain_1\bahrain_1_305.wav,True,male,5,True
palestine_2_224,Palestinian,palestine_2,Palestinian\palestine_2\palestine_2_224.wav,True,female,5,True
bahrain_1_137,Bahraini,bahrain_1,Bahraini\bahrain_1\bahrain_1_137.wav,True,male,5,True
syria_3_305,Syrian,syria_3,Syrian\syria_3\syria_3_305.wav,True,male,5,True
bahrain_2_111,Bahraini,bahrain_2,Bahraini\bahrain_2\bahrain_2_111.wav,True,male,5,True
lebanon_2_315,Lebanese,lebanon_2,Lebanese\lebanon_2\lebanon_2_315.wav,True,male,5,True
uae_1_298,Emarati,uae_1,Emarati\uae_1\uae_1_298.wav,True,male,5,True
uae_1_62,Emarati,uae_1,Emarati\uae_1\uae_1_62.wav,True,male,5,True
ksa_5_43,Saudi,ksa_5,Saudi\ksa_5\ksa_5_43.wav,True,male,5,True
egypt_3_170,Egyptian,egypt_3,Egyptian\egypt_3\egypt_3_170.wav,True,female,5,True
jordan_1_336,Jordanian,jordan_1,Jordanian\jordan_1\jordan_1_336.wav,True,male,5,True
jordan_1_55,Jordanian,jordan_1,Jordanian\jordan_1\jordan_1_55.wav,True,male,5,True
ksa_2_202,Saudi,ksa_2,Saudi\ksa_2\ksa_2_202.wav,True,male,5,True
syria_4_252,Syrian,syria_4,Syrian\syria_4\syria_4_252.wav,True,female,5,True
jorday_4_76,Jordanian,jorday_4,Jordanian\jorday_4\jorday_4_76.wav,True,female,5,True
egypt_5_152,Egyptian,egypt_5,Egyptian\egypt_5\egypt_5_152.wav,True,male,5,True
palestine_1_160,Palestinian,palestine_1,Palestinian\palestine_1\palestine_1_160.wav,True,male,5,True
lebanon_4_117,Lebanese,lebanon_4,Lebanese\lebanon_4\lebanon_4_117.wav,True,female,5,True
syria_2_171,Syrian,syria_2,Syrian\syria_2\syria_2_171.wav,True,male,5,True
uae_1_63,Emarati,uae_1,Emarati\uae_1\uae_1_63.wav,True,male,5,True
palestine_3_21,Palestinian,palestine_3,Palestinian\palestine_3\palestine_3_21.wav,True,male,5,True
syria_1_240,Syrian,syria_1,Syrian\syria_1\syria_1_240.wav,True,female,5,True
iraq_2_47,Iraqi,iraq_2,Iraqi\iraq_2\iraq_2_47.wav,True,male,5,True
syria_1_57,Syrian,syria_1,Syrian\syria_1\syria_1_57.wav,True,female,5,True
iraq_3_160,Iraqi,iraq_3,Iraqi\iraq_3\iraq_3_160.wav,True,male,5,True
ksa_4_255,Saudi,ksa_4,Saudi\ksa_4\ksa_4_255.wav,True,male,5,True
bahrain_5_143,Bahraini,bahrain_5,Bahraini\bahrain_5\bahrain_5_143.wav,True,female,5,True
egypt_5_161,Egyptian,egypt_5,Egyptian\egypt_5\egypt_5_161.wav,True,male,5,True
lebanon_2_314,Lebanese,lebanon_2,Lebanese\lebanon_2\lebanon_2_314.wav,True,male,5,True
iraq_5_217,Iraqi,iraq_5,Iraqi\iraq_5\iraq_5_217.wav,True,female,5,True
egypt_1_62,Egyptian,egypt_1,Egyptian\egypt_1\egypt_1_62.wav,True,male,5,True
ksa_2_216,Saudi,ksa_2,Saudi\ksa_2\ksa_2_216.wav,True,male,5,True
bahrain_1_127,Bahraini,bahrain_1,Bahraini\bahrain_1\bahrain_1_127.wav,True,male,5,True
iraq_2_277,Iraqi,iraq_2,Iraqi\iraq_2\iraq_2_277.wav,True,male,5,True
syria_1_142,Syrian,syria_1,Syrian\syria_1\syria_1_142.wav,True,male,5,True
syria_1_307,Syrian,syria_1,Syrian\syria_1\syria_1_307.wav,True,female,5,True
uae_1_245,Emarati,uae_1,Emarati\uae_1\uae_1_245.wav,True,male,5,True
egypt_2_280,Egyptian,egypt_2,Egyptian\egypt_2\egypt_2_280.wav,True,male,5,True
bahrain_1_105,Bahraini,bahrain_1,Bahraini\bahrain_1\bahrain_1_105.wav,True,male,5,True
egypt_3_31,Egyptian,egypt_3,Egyptian\egypt_3\egypt_3_31.wav,True,female,5,True
syria_3_87,Syrian,syria_3,Syrian\syria_3\syria_3_87.wav,True,male,5,True
bahrain_4_283,Bahraini,bahrain_4,Bahraini\bahrain_4\bahrain_4_283.wav,True,female,5,True
uae_4_321,Emarati,uae_4,Emarati\uae_4\uae_4_321.wav,True,male,5,True
syria_2_99,Syrian,syria_2,Syrian\syria_2\syria_2_99.wav,True,male,5,True
ksa_2_172,Saudi,ksa_2,Saudi\ksa_2\ksa_2_172.wav,True,male,5,True
ksa_5_127,Saudi,ksa_5,Saudi\ksa_5\ksa_5_127.wav,True,male,5,True
ksa_1_52,Saudi,ksa_1,Saudi\ksa_1\ksa_1_52.wav,True,female,5,True
syria_4_214,Syrian,syria_4,Syrian\syria_4\syria_4_214.wav,True,female,5,True
jordan_1_241,Jordanian,jordan_1,Jordanian\jordan_1\jordan_1_241.wav,True,male,5,True
palestine_3_203,Palestinian,palestine_3,Palestinian\palestine_3\palestine_3_203.wav,True,male,5,True
egypt_4_40,Egyptian,egypt_4,Egyptian\egypt_4\egypt_4_40.wav,True,female,5,True
palestine_5_322,Palestinian,palestine_5,Palestinian\palestine_5\palestine_5_322.wav,True,female,5,True
palestine_3_188,Palestinian,palestine_3,Palestinian\palestine_3\palestine_3_188.wav,True,female,5,True
bahrain_4_122,Bahraini,bahrain_4,Bahraini\bahrain_4\bahrain_4_122.wav,True,female,5,True
iraq_2_27,Iraqi,iraq_2,Iraqi\iraq_2\iraq_2_27.wav,True,male,5,True
egypt_2_213,Egyptian,egypt_2,Egyptian\egypt_2\egypt_2_213.wav,True,male,5,True
syria_3_13,Syrian,syria_3,Syrian\syria_3\syria_3_13.wav,True,male,5,True
palestine_5_48,Palestinian,palestine_5,Palestinian\palestine_5\palestine_5_48.wav,True,female,5,True
jordan_5_167,Jordanian,jordan_5,Jordanian\jordan_5\jordan_5_167.wav,True,male,5,True
bahrain_4_57,Bahraini,bahrain_4,Bahraini\bahrain_4\bahrain_4_57.wav,True,female,5,True
syria_3_112,Syrian,syria_3,Syrian\syria_3\syria_3_112.wav,True,male,5,True
ksa_2_191,Saudi,ksa_2,Saudi\ksa_2\ksa_2_191.wav,True,male,5,True
lebanon_3_58,Lebanese,lebanon_3,Lebanese\lebanon_3\lebanon_3_58.wav,True,female,5,True
jordan_5_147,Jordanian,jordan_5,Jordanian\jordan_5\jordan_5_147.wav,True,male,5,True
palestine_3_2,Palestinian,palestine_3,Palestinian\palestine_3\palestine_3_2.wav,True,male,5,True
egypt_3_64,Egyptian,egypt_3,Egyptian\egypt_3\egypt_3_64.wav,True,female,5,True
ksa_5_268,Saudi,ksa_5,Saudi\ksa_5\ksa_5_268.wav,True,male,5,True
jordan_2_270,Jordanian,jordan_2,Jordanian\jordan_2\jordan_2_270.wav,True,female,5,True
palestine_1_32,Palestinian,palestine_1,Palestinian\palestine_1\palestine_1_32.wav,True,male,5,True
lebanon_1_286,Lebanese,lebanon_1,Lebanese\lebanon_1\lebanon_1_286.wav,True,female,5,True
palestine_1_30,Palestinian,palestine_1,Palestinian\palestine_1\palestine_1_30.wav,True,male,5,True
egypt_4_143,Egyptian,egypt_4,Egyptian\egypt_4\egypt_4_143.wav,True,female,5,True
bahrain_2_320,Bahraini,bahrain_2,Bahraini\bahrain_2\bahrain_2_320.wav,True,male,5,True
egypt_5_254,Egyptian,egypt_5,Egyptian\egypt_5\egypt_5_254.wav,True,male,5,True
lebanon_1_60,Lebanese,lebanon_1,Lebanese\lebanon_1\lebanon_1_60.wav,True,female,5,True
lebanon_4_13,Lebanese,lebanon_4,Lebanese\lebanon_4\lebanon_4_13.wav,True,female,5,True
egypt_3_205,Egyptian,egypt_3,Egyptian\egypt_3\egypt_3_205.wav,True,female,5,True
uae_2_148,Emarati,uae_2,Emarati\uae_2\uae_2_148.wav,True,male,5,True
jordan_1_263,Jordanian,jordan_1,Jordanian\jordan_1\jordan_1_263.wav,True,male,5,True
egypt_5_50,Egyptian,egypt_5,Egyptian\egypt_5\egypt_5_50.wav,True,male,5,True
ksa_2_241,Saudi,ksa_2,Saudi\ksa_2\ksa_2_241.wav,True,male,5,True
egypt_5_339,Egyptian,egypt_5,Egyptian\egypt_5\egypt_5_339.wav,True,male,5,True
ksa_3_108,Saudi,ksa_3,Saudi\ksa_3\ksa_3_108.wav,True,female,5,True
lebanon_3_225,Lebanese,lebanon_3,Lebanese\lebanon_3\lebanon_3_225.wav,True,female,5,True
palestine_1_195,Palestinian,palestine_1,Palestinian\palestine_1\palestine_1_195.wav,True,male,5,True
jordan_2_205,Jordanian,jordan_2,Jordanian\jordan_2\jordan_2_205.wav,True,female,5,True
ksa_5_221,Saudi,ksa_5,Saudi\ksa_5\ksa_5_221.wav,True,male,5,True
uae_1_197,Emarati,uae_1,Emarati\uae_1\uae_1_197.wav,True,male,5,True
palestine_4_41,Palestinian,palestine_4,Palestinian\palestine_4\palestine_4_41.wav,True,male,5,True
uae_4_350,Emarati,uae_4,Emarati\uae_4\uae_4_350.wav,True,male,5,True
jorday_4_23,Jordanian,jorday_4,Jordanian\jorday_4\jorday_4_23.wav,True,female,5,True
palestine_4_11,Palestinian,palestine_4,Palestinian\palestine_4\palestine_4_11.wav,True,male,5,True
lebanon_1_263,Lebanese,lebanon_1,Lebanese\lebanon_1\lebanon_1_263.wav,True,female,5,True
ksa_2_118,Saudi,ksa_2,Saudi\ksa_2\ksa_2_118.wav,True,male,5,True
syria_1_282,Syrian,syria_1,Syrian\syria_1\syria_1_282.wav,True,female,5,True
syria_3_74,Syrian,syria_3,Syrian\syria_3\syria_3_74.wav,True,male,5,True
jorday_4_57,Jordanian,jorday_4,Jordanian\jorday_4\jorday_4_57.wav,True,female,5,True
jordan_1_146,Jordanian,jordan_1,Jordanian\jordan_1\jordan_1_146.wav,True,male,5,True
palestine_5_167,Palestinian,palestine_5,Palestinian\palestine_5\palestine_5_167.wav,True,female,5,True
syria_4_93,Syrian,syria_4,Syrian\syria_4\syria_4_93.wav,True,female,5,True
ksa_5_3,Saudi,ksa_5,Saudi\ksa_5\ksa_5_3.wav,True,male,5,True
palestine_4_180,Palestinian,palestine_4,Palestinian\palestine_4\palestine_4_180.wav,True,male,5,True
bahrain_5_309,Bahraini,bahrain_5,Bahraini\bahrain_5\bahrain_5_309.wav,True,female,5,True
uae_3_306,Emarati,uae_3,Emarati\uae_3\uae_3_306.wav,True,male,5,True
iraq_2_124,Iraqi,iraq_2,Iraqi\iraq_2\iraq_2_124.wav,True,male,5,True
jordan_2_99,Jordanian,jordan_2,Jordanian\jordan_2\jordan_2_99.wav,True,female,5,True
egypt_3_270,Egyptian,egypt_3,Egyptian\egypt_3\egypt_3_270.wav,True,female,5,True
jorday_4_192,Jordanian,jorday_4,Jordanian\jorday_4\jorday_4_192.wav,True,female,5,True
lebanon_5_275,Lebanese,lebanon_5,Lebanese\lebanon_5\lebanon_5_275.wav,True,male,5,True
syria_4_102,Syrian,syria_4,Syrian\syria_4\syria_4_102.wav,True,female,5,True
iraq_5_254,Iraqi,iraq_5,Iraqi\iraq_5\iraq_5_254.wav,True,female,5,True
egypt_1_244,Egyptian,egypt_1,Egyptian\egypt_1\egypt_1_244.wav,True,male,5,True
palestine_5_196,Palestinian,palestine_5,Palestinian\palestine_5\palestine_5_196.wav,True,female,5,True
uae_5_43,Emarati,uae_5,Emarati\uae_5\uae_5_43.wav,True,female,5,True
uae_5_93,Emarati,uae_5,Emarati\uae_5\uae_5_93.wav,True,female,5,True
jordan_5_75,Jordanian,jordan_5,Jordanian\jordan_5\jordan_5_75.wav,True,male,5,True
palestine_1_59,Palestinian,palestine_1,Palestinian\palestine_1\palestine_1_59.wav,True,male,5,True
palestine_4_236,Palestinian,palestine_4,Palestinian\palestine_4\palestine_4_236.wav,True,male,5,True
ksa_1_326,Saudi,ksa_1,Saudi\ksa_1\ksa_1_326.wav,True,female,5,True
egypt_5_173,Egyptian,egypt_5,Egyptian\egypt_5\egypt_5_173.wav,True,male,5,True
ksa_4_334,Saudi,ksa_4,Saudi\ksa_4\ksa_4_334.wav,True,male,5,True
ksa_5_156,Saudi,ksa_5,Saudi\ksa_5\ksa_5_156.wav,True,male,5,True
syria_2_165,Syrian,syria_2,Syrian\syria_2\syria_2_165.wav,True,male,5,True
syria_1_28,Syrian,syria_1,Syrian\syria_1\syria_1_28.wav,True,female,5,True
syria_5_102,Syrian,syria_5,Syrian\syria_5\syria_5_102.wav,True,female,5,True
uae_2_176,Emarati,uae_2,Emarati\uae_2\uae_2_176.wav,True,male,5,True
iraq_2_318,Iraqi,iraq_2,Iraqi\iraq_2\iraq_2_318.wav,True,male,5,True
bahrain_4_286,Bahraini,bahrain_4,Bahraini\bahrain_4\bahrain_4_286.wav,True,female,5,True
egypt_3_129,Egyptian,egypt_3,Egyptian\egypt_3\egypt_3_129.wav,True,female,5,True
uae_3_340,Emarati,uae_3,Emarati\uae_3\uae_3_340.wav,True,male,5,True
bahrain_2_169,Bahraini,bahrain_2,Bahraini\bahrain_2\bahrain_2_169.wav,True,male,5,True
lebanon_5_54,Lebanese,lebanon_5,Lebanese\lebanon_5\lebanon_5_54.wav,True,male,5,True
egypt_3_12,Egyptian,egypt_3,Egyptian\egypt_3\egypt_3_12.wav,True,female,5,True
ksa_2_34,Saudi,ksa_2,Saudi\ksa_2\ksa_2_34.wav,True,male,5,True
jorday_4_9,Jordanian,jorday_4,Jordanian\jorday_4\jorday_4_9.wav,True,female,5,True
syria_3_46,Syrian,syria_3,Syrian\syria_3\syria_3_46.wav,True,male,5,True
uae_3_279,Emarati,uae_3,Emarati\uae_3\uae_3_279.wav,True,male,5,True
bahrain_5_348,Bahraini,bahrain_5,Bahraini\bahrain_5\bahrain_5_348.wav,True,female,5,True
syria_3_260,Syrian,syria_3,Syrian\syria_3\syria_3_260.wav,True,male,5,True
jordan_5_335,Jordanian,jordan_5,Jordanian\jordan_5\jordan_5_335.wav,True,male,5,True
iraq_5_42,Iraqi,iraq_5,Iraqi\iraq_5\iraq_5_42.wav,True,female,5,True
palestine_4_62,Palestinian,palestine_4,Palestinian\palestine_4\palestine_4_62.wav,True,male,5,True
lebanon_4_199,Lebanese,lebanon_4,Lebanese\lebanon_4\lebanon_4_199.wav,True,female,5,True
bahrain_1_234,Bahraini,bahrain_1,Bahraini\bahrain_1\bahrain_1_234.wav,True,male,5,True
uae_2_223,Emarati,uae_2,Emarati\uae_2\uae_2_223.wav,True,female,5,True
ksa_5_112,Saudi,ksa_5,Saudi\ksa_5\ksa_5_112.wav,True,male,5,True
bahrain_1_71,Bahraini,bahrain_1,Bahraini\bahrain_1\bahrain_1_71.wav,True,male,5,True
jordan_2_33,Jordanian,jordan_2,Jordanian\jordan_2\jordan_2_33.wav,True,female,5,True
iraq_4_169,Iraqi,iraq_4,Iraqi\iraq_4\iraq_4_169.wav,True,female,5,True
syria_4_177,Syrian,syria_4,Syrian\syria_4\syria_4_177.wav,True,female,5,True
ksa_3_166,Saudi,ksa_3,Saudi\ksa_3\ksa_3_166.wav,True,female,5,True
bahrain_5_197,Bahraini,bahrain_5,Bahraini\bahrain_5\bahrain_5_197.wav,True,female,5,True
palestine_2_124,Palestinian,palestine_2,Palestinian\palestine_2\palestine_2_124.wav,True,female,5,True
palestine_1_213,Palestinian,palestine_1,Palestinian\palestine_1\palestine_1_213.wav,True,male,5,True
iraq_3_289,Iraqi,iraq_3,Iraqi\iraq_3\iraq_3_289.wav,True,male,5,True
iraq_5_31,Iraqi,iraq_5,Iraqi\iraq_5\iraq_5_31.wav,True,female,5,True
lebanon_1_25,Lebanese,lebanon_1,Lebanese\lebanon_1\lebanon_1_25.wav,True,female,5,True
jorday_4_174,Jordanian,jorday_4,Jordanian\jorday_4\jorday_4_174.wav,True,female,5,True
iraq_3_88,Iraqi,iraq_3,Iraqi\iraq_3\iraq_3_88.wav,True,male,5,True
iraq_2_290,Iraqi,iraq_2,Iraqi\iraq_2\iraq_2_290.wav,True,male,5,True
syria_4_57,Syrian,syria_4,Syrian\syria_4\syria_4_57.wav,True,female,5,True
egypt_3_189,Egyptian,egypt_3,Egyptian\egypt_3\egypt_3_189.wav,True,female,5,True
syria_2_219,Syrian,syria_2,Syrian\syria_2\syria_2_219.wav,True,male,5,True
palestine_3_165,Palestinian,palestine_3,Palestinian\palestine_3\palestine_3_165.wav,True,male,5,True
bahrain_5_12,Bahraini,bahrain_5,Bahraini\bahrain_5\bahrain_5_12.wav,True,female,5,True
ksa_2_52,Saudi,ksa_2,Saudi\ksa_2\ksa_2_52.wav,True,male,5,True
iraq_1_210,Iraqi,iraq_1,Iraqi\iraq_1\iraq_1_210.wav,True,male,5,True
uae_3_78,Emarati,uae_3,Emarati\uae_3\uae_3_78.wav,True,male,5,True
ksa_5_322,Saudi,ksa_5,Saudi\ksa_5\ksa_5_322.wav,True,male,5,True
syria_4_128,Syrian,syria_4,Syrian\syria_4\syria_4_128.wav,True,female,5,True
palestine_5_168,Palestinian,palestine_5,Palestinian\palestine_5\palestine_5_168.wav,True,female,5,True
ksa_4_315,Saudi,ksa_4,Saudi\ksa_4\ksa_4_315.wav,True,male,5,True
lebanon_3_133,Lebanese,lebanon_3,Lebanese\lebanon_3\lebanon_3_133.wav,True,female,5,True
uae_5_261,Emarati,uae_5,Emarati\uae_5\uae_5_261.wav,True,female,5,True
bahrain_3_201,Bahraini,bahrain_3,Bahraini\bahrain_3\bahrain_3_201.wav,True,male,5,True
syria_5_116,Syrian,syria_5,Syrian\syria_5\syria_5_116.wav,True,female,5,True
bahrain_5_106,Bahraini,bahrain_5,Bahraini\bahrain_5\bahrain_5_106.wav,True,female,5,True
ksa_5_273,Saudi,ksa_5,Saudi\ksa_5\ksa_5_273.wav,True,male,5,True
iraq_5_351,Iraqi,iraq_5,Iraqi\iraq_5\iraq_5_351.wav,True,female,5,True
ksa_3_26,Saudi,ksa_3,Saudi\ksa_3\ksa_3_26.wav,True,female,5,True
syria_3_68,Syrian,syria_3,Syrian\syria_3\syria_3_68.wav,True,male,5,True
lebanon_4_308,Lebanese,lebanon_4,Lebanese\lebanon_4\lebanon_4_308.wav,True,female,5,True
jordan_5_71,Jordanian,jordan_5,Jordanian\jordan_5\jordan_5_71.wav,True,male,5,True
jordan_3_308,Jordanian,jordan_3,Jordanian\jordan_3\jordan_3_308.wav,True,female,5,True
uae_4_150,Emarati,uae_4,Emarati\uae_4\uae_4_150.wav,True,male,5,True
palestine_1_4,Palestinian,palestine_1,Palestinian\palestine_1\palestine_1_4.wav,True,male,5,True
ksa_2_1,Saudi,ksa_2,Saudi\ksa_2\ksa_2_1.wav,True,male,5,True
jordan_5_155,Jordanian,jordan_5,Jordanian\jordan_5\jordan_5_155.wav,True,male,5,True
lebanon_4_95,Lebanese,lebanon_4,Lebanese\lebanon_4\lebanon_4_95.wav,True,female,5,True
lebanon_4_40,Lebanese,lebanon_4,Lebanese\lebanon_4\lebanon_4_40.wav,True,female,5,True
palestine_1_312,Palestinian,palestine_1,Palestinian\palestine_1\palestine_1_312.wav,True,male,5,True
bahrain_2_313,Bahraini,bahrain_2,Bahraini\bahrain_2\bahrain_2_313.wav,True,male,5,True
egypt_4_192,Egyptian,egypt_4,Egyptian\egypt_4\egypt_4_192.wav,True,female,5,True
lebanon_1_17,Lebanese,lebanon_1,Lebanese\lebanon_1\lebanon_1_17.wav,True,female,5,True
uae_4_142,Emarati,uae_4,Emarati\uae_4\uae_4_142.wav,True,male,5,True
bahrain_2_8,Bahraini,bahrain_2,Bahraini\bahrain_2\bahrain_2_8.wav,True,male,5,True
jordan_1_121,Jordanian,jordan_1,Jordanian\jordan_1\jordan_1_121.wav,True,male,5,True
egypt_2_7,Egyptian,egypt_2,Egyptian\egypt_2\egypt_2_7.wav,True,male,5,True
ksa_5_272,Saudi,ksa_5,Saudi\ksa_5\ksa_5_272.wav,True,male,5,True
lebanon_4_234,Lebanese,lebanon_4,Lebanese\lebanon_4\lebanon_4_234.wav,True,female,5,True
lebanon_5_217,Lebanese,lebanon_5,Lebanese\lebanon_5\lebanon_5_217.wav,True,male,5,True
uae_3_119,Emarati,uae_3,Emarati\uae_3\uae_3_119.wav,True,male,5,True
jordan_1_333,Jordanian,jordan_1,Jordanian\jordan_1\jordan_1_333.wav,True,male,5,True
uae_3_120,Emarati,uae_3,Emarati\uae_3\uae_3_120.wav,True,male,5,True
ksa_1_46,Saudi,ksa_1,Saudi\ksa_1\ksa_1_46.wav,True,female,5,True
egypt_1_326,Egyptian,egypt_1,Egyptian\egypt_1\egypt_1_326.wav,True,male,5,True
lebanon_5_67,Lebanese,lebanon_5,Lebanese\lebanon_5\lebanon_5_67.wav,True,male,5,True
syria_5_323,Syrian,syria_5,Syrian\syria_5\syria_5_323.wav,True,female,5,True
ksa_4_295,Saudi,ksa_4,Saudi\ksa_4\ksa_4_295.wav,True,male,5,True
syria_3_128,Syrian,syria_3,Syrian\syria_3\syria_3_128.wav,True,male,5,True
syria_3_167,Syrian,syria_3,Syrian\syria_3\syria_3_167.wav,True,male,5,True
palestine_2_212,Palestinian,palestine_2,Palestinian\palestine_2\palestine_2_212.wav,True,female,5,True
iraq_3_145,Iraqi,iraq_3,Iraqi\iraq_3\iraq_3_145.wav,True,male,5,True
jordan_2_313,Jordanian,jordan_2,Jordanian\jordan_2\jordan_2_313.wav,True,female,5,True
syria_5_31,Syrian,syria_5,Syrian\syria_5\syria_5_31.wav,True,male,5,True
syria_3_11,Syrian,syria_3,Syrian\syria_3\syria_3_11.wav,True,male,5,True
egypt_1_126,Egyptian,egypt_1,Egyptian\egypt_1\egypt_1_126.wav,True,male,5,True
syria_4_283,Syrian,syria_4,Syrian\syria_4\syria_4_283.wav,True,male,5,True
uae_2_53,Emarati,uae_2,Emarati\uae_2\uae_2_53.wav,True,female,5,True
bahrain_4_249,Bahraini,bahrain_4,Bahraini\bahrain_4\bahrain_4_249.wav,True,female,5,True
lebanon_4_30,Lebanese,lebanon_4,Lebanese\lebanon_4\lebanon_4_30.wav,True,female,5,True
bahrain_1_235,Bahraini,bahrain_1,Bahraini\bahrain_1\bahrain_1_235.wav,True,male,5,True
syria_4_179,Syrian,syria_4,Syrian\syria_4\syria_4_179.wav,True,female,5,True
egypt_5_305,Egyptian,egypt_5,Egyptian\egypt_5\egypt_5_305.wav,True,male,5,True
jorday_4_82,Jordanian,jorday_4,Jordanian\jorday_4\jorday_4_82.wav,True,female,5,True
bahrain_3_67,Bahraini,bahrain_3,Bahraini\bahrain_3\bahrain_3_67.wav,True,male,5,True
iraq_5_24,Iraqi,iraq_5,Iraqi\iraq_5\iraq_5_24.wav,True,female,5,True
lebanon_2_39,Lebanese,lebanon_2,Lebanese\lebanon_2\lebanon_2_39.wav,True,male,5,True
iraq_1_49,Iraqi,iraq_1,Iraqi\iraq_1\iraq_1_49.wav,True,male,5,True
syria_5_251,Syrian,syria_5,Syrian\syria_5\syria_5_251.wav,True,female,5,True
egypt_1_329,Egyptian,egypt_1,Egyptian\egypt_1\egypt_1_329.wav,True,male,5,True
bahrain_3_30,Bahraini,bahrain_3,Bahraini\bahrain_3\bahrain_3_30.wav,True,male,5,True
syria_4_81,Syrian,syria_4,Syrian\syria_4\syria_4_81.wav,True,female,5,True
bahrain_1_287,Bahraini,bahrain_1,Bahraini\bahrain_1\bahrain_1_287.wav,True,male,5,True
bahrain_2_58,Bahraini,bahrain_2,Bahraini\bahrain_2\bahrain_2_58.wav,True,male,5,True
syria_3_105,Syrian,syria_3,Syrian\syria_3\syria_3_105.wav,True,male,5,True
uae_5_128,Emarati,uae_5,Emarati\uae_5\uae_5_128.wav,True,female,5,True
palestine_1_231,Palestinian,palestine_1,Palestinian\palestine_1\palestine_1_231.wav,True,male,5,True
lebanon_5_138,Lebanese,lebanon_5,Lebanese\lebanon_5\lebanon_5_138.wav,True,male,5,True
ksa_5_293,Saudi,ksa_5,Saudi\ksa_5\ksa_5_293.wav,True,male,5,True
bahrain_5_34,Bahraini,bahrain_5,Bahraini\bahrain_5\bahrain_5_34.wav,True,female,5,True
egypt_1_234,Egyptian,egypt_1,Egyptian\egypt_1\egypt_1_234.wav,True,male,5,True
bahrain_1_102,Bahraini,bahrain_1,Bahraini\bahrain_1\bahrain_1_102.wav,True,male,5,True
iraq_5_79,Iraqi,iraq_5,Iraqi\iraq_5\iraq_5_79.wav,True,female,5,True
palestine_4_233,Palestinian,palestine_4,Palestinian\palestine_4\palestine_4_233.wav,True,male,5,True
iraq_4_100,Iraqi,iraq_4,Iraqi\iraq_4\iraq_4_100.wav,True,female,5,True
egypt_5_45,Egyptian,egypt_5,Egyptian\egypt_5\egypt_5_45.wav,True,male,5,True
iraq_4_283,Iraqi,iraq_4,Iraqi\iraq_4\iraq_4_283.wav,True,female,5,True
palestine_3_321,Palestinian,palestine_3,Palestinian\palestine_3\palestine_3_321.wav,True,female,5,True
uae_5_63,Emarati,uae_5,Emarati\uae_5\uae_5_63.wav,True,female,5,True
ksa_5_102,Saudi,ksa_5,Saudi\ksa_5\ksa_5_102.wav,True,male,5,True
palestine_2_218,Palestinian,palestine_2,Palestinian\palestine_2\palestine_2_218.wav,True,female,5,True
palestine_5_349,Palestinian,palestine_5,Palestinian\palestine_5\palestine_5_349.wav,True,female,5,True
jordan_2_74,Jordanian,jordan_2,Jordanian\jordan_2\jordan_2_74.wav,True,female,5,True
bahrain_5_332,Bahraini,bahrain_5,Bahraini\bahrain_5\bahrain_5_332.wav,True,female,5,True
syria_3_123,Syrian,syria_3,Syrian\syria_3\syria_3_123.wav,True,male,5,True
lebanon_5_347,Lebanese,lebanon_5,Lebanese\lebanon_5\lebanon_5_347.wav,True,male,5,True
bahrain_1_97,Bahraini,bahrain_1,Bahraini\bahrain_1\bahrain_1_97.wav,True,male,5,True
egypt_1_164,Egyptian,egypt_1,Egyptian\egypt_1\egypt_1_164.wav,True,male,5,True
bahrain_5_61,Bahraini,bahrain_5,Bahraini\bahrain_5\bahrain_5_61.wav,True,female,5,True
iraq_5_80,Iraqi,iraq_5,Iraqi\iraq_5\iraq_5_80.wav,True,female,5,True
egypt_4_155,Egyptian,egypt_4,Egyptian\egypt_4\egypt_4_155.wav,True,female,5,True
iraq_3_33,Iraqi,iraq_3,Iraqi\iraq_3\iraq_3_33.wav,True,male,5,True
iraq_5_263,Iraqi,iraq_5,Iraqi\iraq_5\iraq_5_263.wav,True,female,5,True
bahrain_4_169,Bahraini,bahrain_4,Bahraini\bahrain_4\bahrain_4_169.wav,True,female,5,True
